sample_id,modality,position,token,is_valid
-3g5yACwYnA_13,text,0,[UNKNOWN],True
-3g5yACwYnA_13,text,1,[UNKNOWN],True
-3g5yACwYnA_13,text,2,[UNKNOWN],True
-3g5yACwYnA_13,text,3,[UNKNOWN],True
-3g5yACwYnA_13,text,4,[UNKNOWN],True
-3g5yACwYnA_13,text,5,[UNKNOWN],True
-3g5yACwYnA_13,text,6,[UNKNOWN],True
-3g5yACwYnA_13,text,7,[UNKNOWN],True
-3g5yACwYnA_13,text,8,[UNKNOWN],True
-3g5yACwYnA_13,text,9,[UNKNOWN],True
-3g5yACwYnA_13,text,10,[UNKNOWN],True
-3g5yACwYnA_13,text,11,[UNKNOWN],True
-3g5yACwYnA_13,text,12,[UNKNOWN],True
-3g5yACwYnA_13,text,13,[UNKNOWN],True
-3g5yACwYnA_13,text,14,[UNKNOWN],True
-3g5yACwYnA_13,text,15,[UNKNOWN],True
-3g5yACwYnA_13,text,16,[UNKNOWN],True
-3g5yACwYnA_13,text,17,[UNKNOWN],True
-3g5yACwYnA_13,text,18,[UNKNOWN],True
-3g5yACwYnA_13,text,19,[UNKNOWN],True
-3g5yACwYnA_13,text,20,[UNKNOWN],False
-3g5yACwYnA_13,text,21,[UNKNOWN],False
-3g5yACwYnA_13,text,22,[UNKNOWN],False
-3g5yACwYnA_13,text,23,[UNKNOWN],False
-3g5yACwYnA_13,text,24,[UNKNOWN],False
-3g5yACwYnA_13,text,25,[UNKNOWN],False
-3g5yACwYnA_13,text,26,[UNKNOWN],False
-3g5yACwYnA_13,text,27,[UNKNOWN],False
-3g5yACwYnA_13,text,28,[UNKNOWN],False
-3g5yACwYnA_13,text,29,[UNKNOWN],False
-3g5yACwYnA_13,text,30,[UNKNOWN],False
-3g5yACwYnA_13,text,31,[UNKNOWN],False
-3g5yACwYnA_13,text,32,[UNKNOWN],False
-3g5yACwYnA_13,text,33,[UNKNOWN],False
-3g5yACwYnA_13,text,34,[UNKNOWN],False
-3g5yACwYnA_13,text,35,[UNKNOWN],False
-3g5yACwYnA_13,text,36,[UNKNOWN],False
-3g5yACwYnA_13,text,37,[UNKNOWN],False
-3g5yACwYnA_13,text,38,[UNKNOWN],False
-3g5yACwYnA_13,text,39,[UNKNOWN],False
-3g5yACwYnA_13,text,40,[UNKNOWN],False
-3g5yACwYnA_13,text,41,[UNKNOWN],False
-3g5yACwYnA_13,text,42,[UNKNOWN],False
-3g5yACwYnA_13,text,43,[UNKNOWN],False
-3g5yACwYnA_13,text,44,[UNKNOWN],False
-3g5yACwYnA_13,text,45,[UNKNOWN],False
-3g5yACwYnA_13,text,46,[UNKNOWN],False
-3g5yACwYnA_13,text,47,[UNKNOWN],False
-3g5yACwYnA_13,text,48,[UNKNOWN],False
-3g5yACwYnA_13,text,49,[UNKNOWN],False
-3g5yACwYnA_2,text,0,[UNKNOWN],True
-3g5yACwYnA_2,text,1,[UNKNOWN],True
-3g5yACwYnA_2,text,2,[UNKNOWN],True
-3g5yACwYnA_2,text,3,[UNKNOWN],True
-3g5yACwYnA_2,text,4,[UNKNOWN],True
-3g5yACwYnA_2,text,5,[UNKNOWN],True
-3g5yACwYnA_2,text,6,[UNKNOWN],True
-3g5yACwYnA_2,text,7,[UNKNOWN],True
-3g5yACwYnA_2,text,8,[UNKNOWN],True
-3g5yACwYnA_2,text,9,[UNKNOWN],True
-3g5yACwYnA_2,text,10,[UNKNOWN],True
-3g5yACwYnA_2,text,11,[UNKNOWN],True
-3g5yACwYnA_2,text,12,[UNKNOWN],True
-3g5yACwYnA_2,text,13,[UNKNOWN],True
-3g5yACwYnA_2,text,14,[UNKNOWN],True
-3g5yACwYnA_2,text,15,[UNKNOWN],True
-3g5yACwYnA_2,text,16,[UNKNOWN],True
-3g5yACwYnA_2,text,17,[UNKNOWN],True
-3g5yACwYnA_2,text,18,[UNKNOWN],True
-3g5yACwYnA_2,text,19,[UNKNOWN],False
-3g5yACwYnA_2,text,20,[UNKNOWN],False
-3g5yACwYnA_2,text,21,[UNKNOWN],False
-3g5yACwYnA_2,text,22,[UNKNOWN],False
-3g5yACwYnA_2,text,23,[UNKNOWN],False
-3g5yACwYnA_2,text,24,[UNKNOWN],False
-3g5yACwYnA_2,text,25,[UNKNOWN],False
-3g5yACwYnA_2,text,26,[UNKNOWN],False
-3g5yACwYnA_2,text,27,[UNKNOWN],False
-3g5yACwYnA_2,text,28,[UNKNOWN],False
-3g5yACwYnA_2,text,29,[UNKNOWN],False
-3g5yACwYnA_2,text,30,[UNKNOWN],False
-3g5yACwYnA_2,text,31,[UNKNOWN],False
-3g5yACwYnA_2,text,32,[UNKNOWN],False
-3g5yACwYnA_2,text,33,[UNKNOWN],False
-3g5yACwYnA_2,text,34,[UNKNOWN],False
-3g5yACwYnA_2,text,35,[UNKNOWN],False
-3g5yACwYnA_2,text,36,[UNKNOWN],False
-3g5yACwYnA_2,text,37,[UNKNOWN],False
-3g5yACwYnA_2,text,38,[UNKNOWN],False
-3g5yACwYnA_2,text,39,[UNKNOWN],False
-3g5yACwYnA_2,text,40,[UNKNOWN],False
-3g5yACwYnA_2,text,41,[UNKNOWN],False
-3g5yACwYnA_2,text,42,[UNKNOWN],False
-3g5yACwYnA_2,text,43,[UNKNOWN],False
-3g5yACwYnA_2,text,44,[UNKNOWN],False
-3g5yACwYnA_2,text,45,[UNKNOWN],False
-3g5yACwYnA_2,text,46,[UNKNOWN],False
-3g5yACwYnA_2,text,47,[UNKNOWN],False
-3g5yACwYnA_2,text,48,[UNKNOWN],False
-3g5yACwYnA_2,text,49,[UNKNOWN],False
-3g5yACwYnA_3,text,0,[UNKNOWN],True
-3g5yACwYnA_3,text,1,[UNKNOWN],True
-3g5yACwYnA_3,text,2,[UNKNOWN],True
-3g5yACwYnA_3,text,3,[UNKNOWN],True
-3g5yACwYnA_3,text,4,[UNKNOWN],True
-3g5yACwYnA_3,text,5,[UNKNOWN],True
-3g5yACwYnA_3,text,6,[UNKNOWN],True
-3g5yACwYnA_3,text,7,[UNKNOWN],True
-3g5yACwYnA_3,text,8,[UNKNOWN],True
-3g5yACwYnA_3,text,9,[UNKNOWN],True
-3g5yACwYnA_3,text,10,[UNKNOWN],True
-3g5yACwYnA_3,text,11,[UNKNOWN],True
-3g5yACwYnA_3,text,12,[UNKNOWN],True
-3g5yACwYnA_3,text,13,[UNKNOWN],True
-3g5yACwYnA_3,text,14,[UNKNOWN],True
-3g5yACwYnA_3,text,15,[UNKNOWN],True
-3g5yACwYnA_3,text,16,[UNKNOWN],True
-3g5yACwYnA_3,text,17,[UNKNOWN],True
-3g5yACwYnA_3,text,18,[UNKNOWN],True
-3g5yACwYnA_3,text,19,[UNKNOWN],True
-3g5yACwYnA_3,text,20,[UNKNOWN],True
-3g5yACwYnA_3,text,21,[UNKNOWN],True
-3g5yACwYnA_3,text,22,[UNKNOWN],True
-3g5yACwYnA_3,text,23,[UNKNOWN],True
-3g5yACwYnA_3,text,24,[UNKNOWN],True
-3g5yACwYnA_3,text,25,[UNKNOWN],True
-3g5yACwYnA_3,text,26,[UNKNOWN],True
-3g5yACwYnA_3,text,27,[UNKNOWN],True
-3g5yACwYnA_3,text,28,[UNKNOWN],True
-3g5yACwYnA_3,text,29,[UNKNOWN],True
-3g5yACwYnA_3,text,30,[UNKNOWN],True
-3g5yACwYnA_3,text,31,[UNKNOWN],True
-3g5yACwYnA_3,text,32,[UNKNOWN],True
-3g5yACwYnA_3,text,33,[UNKNOWN],True
-3g5yACwYnA_3,text,34,[UNKNOWN],True
-3g5yACwYnA_3,text,35,[UNKNOWN],True
-3g5yACwYnA_3,text,36,[UNKNOWN],True
-3g5yACwYnA_3,text,37,[UNKNOWN],True
-3g5yACwYnA_3,text,38,[UNKNOWN],True
-3g5yACwYnA_3,text,39,[UNKNOWN],True
-3g5yACwYnA_3,text,40,[UNKNOWN],True
-3g5yACwYnA_3,text,41,[UNKNOWN],True
-3g5yACwYnA_3,text,42,[UNKNOWN],False
-3g5yACwYnA_3,text,43,[UNKNOWN],False
-3g5yACwYnA_3,text,44,[UNKNOWN],False
-3g5yACwYnA_3,text,45,[UNKNOWN],False
-3g5yACwYnA_3,text,46,[UNKNOWN],False
-3g5yACwYnA_3,text,47,[UNKNOWN],False
-3g5yACwYnA_3,text,48,[UNKNOWN],False
-3g5yACwYnA_3,text,49,[UNKNOWN],False
-3g5yACwYnA_9,text,0,[UNKNOWN],True
-3g5yACwYnA_9,text,1,[UNKNOWN],True
-3g5yACwYnA_9,text,2,[UNKNOWN],True
-3g5yACwYnA_9,text,3,[UNKNOWN],True
-3g5yACwYnA_9,text,4,[UNKNOWN],True
-3g5yACwYnA_9,text,5,[UNKNOWN],True
-3g5yACwYnA_9,text,6,[UNKNOWN],True
-3g5yACwYnA_9,text,7,[UNKNOWN],True
-3g5yACwYnA_9,text,8,[UNKNOWN],True
-3g5yACwYnA_9,text,9,[UNKNOWN],True
-3g5yACwYnA_9,text,10,[UNKNOWN],True
-3g5yACwYnA_9,text,11,[UNKNOWN],True
-3g5yACwYnA_9,text,12,[UNKNOWN],True
-3g5yACwYnA_9,text,13,[UNKNOWN],True
-3g5yACwYnA_9,text,14,[UNKNOWN],True
-3g5yACwYnA_9,text,15,[UNKNOWN],True
-3g5yACwYnA_9,text,16,[UNKNOWN],True
-3g5yACwYnA_9,text,17,[UNKNOWN],True
-3g5yACwYnA_9,text,18,[UNKNOWN],True
-3g5yACwYnA_9,text,19,[UNKNOWN],True
-3g5yACwYnA_9,text,20,[UNKNOWN],True
-3g5yACwYnA_9,text,21,[UNKNOWN],True
-3g5yACwYnA_9,text,22,[UNKNOWN],True
-3g5yACwYnA_9,text,23,[UNKNOWN],True
-3g5yACwYnA_9,text,24,[UNKNOWN],True
-3g5yACwYnA_9,text,25,[UNKNOWN],True
-3g5yACwYnA_9,text,26,[UNKNOWN],True
-3g5yACwYnA_9,text,27,[UNKNOWN],True
-3g5yACwYnA_9,text,28,[UNKNOWN],True
-3g5yACwYnA_9,text,29,[UNKNOWN],True
-3g5yACwYnA_9,text,30,[UNKNOWN],False
-3g5yACwYnA_9,text,31,[UNKNOWN],False
-3g5yACwYnA_9,text,32,[UNKNOWN],False
-3g5yACwYnA_9,text,33,[UNKNOWN],False
-3g5yACwYnA_9,text,34,[UNKNOWN],False
-3g5yACwYnA_9,text,35,[UNKNOWN],False
-3g5yACwYnA_9,text,36,[UNKNOWN],False
-3g5yACwYnA_9,text,37,[UNKNOWN],False
-3g5yACwYnA_9,text,38,[UNKNOWN],False
-3g5yACwYnA_9,text,39,[UNKNOWN],False
-3g5yACwYnA_9,text,40,[UNKNOWN],False
-3g5yACwYnA_9,text,41,[UNKNOWN],False
-3g5yACwYnA_9,text,42,[UNKNOWN],False
-3g5yACwYnA_9,text,43,[UNKNOWN],False
-3g5yACwYnA_9,text,44,[UNKNOWN],False
-3g5yACwYnA_9,text,45,[UNKNOWN],False
-3g5yACwYnA_9,text,46,[UNKNOWN],False
-3g5yACwYnA_9,text,47,[UNKNOWN],False
-3g5yACwYnA_9,text,48,[UNKNOWN],False
-3g5yACwYnA_9,text,49,[UNKNOWN],False
-3nNcZdcdvU_5,text,0,[UNKNOWN],True
-3nNcZdcdvU_5,text,1,[UNKNOWN],True
-3nNcZdcdvU_5,text,2,[UNKNOWN],True
-3nNcZdcdvU_5,text,3,[UNKNOWN],True
-3nNcZdcdvU_5,text,4,[UNKNOWN],True
-3nNcZdcdvU_5,text,5,[UNKNOWN],True
-3nNcZdcdvU_5,text,6,[UNKNOWN],True
-3nNcZdcdvU_5,text,7,[UNKNOWN],True
-3nNcZdcdvU_5,text,8,[UNKNOWN],True
-3nNcZdcdvU_5,text,9,[UNKNOWN],True
-3nNcZdcdvU_5,text,10,[UNKNOWN],True
-3nNcZdcdvU_5,text,11,[UNKNOWN],True
-3nNcZdcdvU_5,text,12,[UNKNOWN],True
-3nNcZdcdvU_5,text,13,[UNKNOWN],True
-3nNcZdcdvU_5,text,14,[UNKNOWN],True
-3nNcZdcdvU_5,text,15,[UNKNOWN],True
-3nNcZdcdvU_5,text,16,[UNKNOWN],True
-3nNcZdcdvU_5,text,17,[UNKNOWN],True
-3nNcZdcdvU_5,text,18,[UNKNOWN],True
-3nNcZdcdvU_5,text,19,[UNKNOWN],True
-3nNcZdcdvU_5,text,20,[UNKNOWN],True
-3nNcZdcdvU_5,text,21,[UNKNOWN],True
-3nNcZdcdvU_5,text,22,[UNKNOWN],True
-3nNcZdcdvU_5,text,23,[UNKNOWN],True
-3nNcZdcdvU_5,text,24,[UNKNOWN],False
-3nNcZdcdvU_5,text,25,[UNKNOWN],False
-3nNcZdcdvU_5,text,26,[UNKNOWN],False
-3nNcZdcdvU_5,text,27,[UNKNOWN],False
-3nNcZdcdvU_5,text,28,[UNKNOWN],False
-3nNcZdcdvU_5,text,29,[UNKNOWN],False
-3nNcZdcdvU_5,text,30,[UNKNOWN],False
-3nNcZdcdvU_5,text,31,[UNKNOWN],False
-3nNcZdcdvU_5,text,32,[UNKNOWN],False
-3nNcZdcdvU_5,text,33,[UNKNOWN],False
-3nNcZdcdvU_5,text,34,[UNKNOWN],False
-3nNcZdcdvU_5,text,35,[UNKNOWN],False
-3nNcZdcdvU_5,text,36,[UNKNOWN],False
-3nNcZdcdvU_5,text,37,[UNKNOWN],False
-3nNcZdcdvU_5,text,38,[UNKNOWN],False
-3nNcZdcdvU_5,text,39,[UNKNOWN],False
-3nNcZdcdvU_5,text,40,[UNKNOWN],False
-3nNcZdcdvU_5,text,41,[UNKNOWN],False
-3nNcZdcdvU_5,text,42,[UNKNOWN],False
-3nNcZdcdvU_5,text,43,[UNKNOWN],False
-3nNcZdcdvU_5,text,44,[UNKNOWN],False
-3nNcZdcdvU_5,text,45,[UNKNOWN],False
-3nNcZdcdvU_5,text,46,[UNKNOWN],False
-3nNcZdcdvU_5,text,47,[UNKNOWN],False
-3nNcZdcdvU_5,text,48,[UNKNOWN],False
-3nNcZdcdvU_5,text,49,[UNKNOWN],False
-571d8cVauQ_0,text,0,[UNKNOWN],True
-571d8cVauQ_0,text,1,[UNKNOWN],True
-571d8cVauQ_0,text,2,[UNKNOWN],True
-571d8cVauQ_0,text,3,[UNKNOWN],True
-571d8cVauQ_0,text,4,[UNKNOWN],True
-571d8cVauQ_0,text,5,[UNKNOWN],True
-571d8cVauQ_0,text,6,[UNKNOWN],True
-571d8cVauQ_0,text,7,[UNKNOWN],True
-571d8cVauQ_0,text,8,[UNKNOWN],True
-571d8cVauQ_0,text,9,[UNKNOWN],True
-571d8cVauQ_0,text,10,[UNKNOWN],True
-571d8cVauQ_0,text,11,[UNKNOWN],True
-571d8cVauQ_0,text,12,[UNKNOWN],True
-571d8cVauQ_0,text,13,[UNKNOWN],True
-571d8cVauQ_0,text,14,[UNKNOWN],True
-571d8cVauQ_0,text,15,[UNKNOWN],True
-571d8cVauQ_0,text,16,[UNKNOWN],True
-571d8cVauQ_0,text,17,[UNKNOWN],True
-571d8cVauQ_0,text,18,[UNKNOWN],False
-571d8cVauQ_0,text,19,[UNKNOWN],False
-571d8cVauQ_0,text,20,[UNKNOWN],False
-571d8cVauQ_0,text,21,[UNKNOWN],False
-571d8cVauQ_0,text,22,[UNKNOWN],False
-571d8cVauQ_0,text,23,[UNKNOWN],False
-571d8cVauQ_0,text,24,[UNKNOWN],False
-571d8cVauQ_0,text,25,[UNKNOWN],False
-571d8cVauQ_0,text,26,[UNKNOWN],False
-571d8cVauQ_0,text,27,[UNKNOWN],False
-571d8cVauQ_0,text,28,[UNKNOWN],False
-571d8cVauQ_0,text,29,[UNKNOWN],False
-571d8cVauQ_0,text,30,[UNKNOWN],False
-571d8cVauQ_0,text,31,[UNKNOWN],False
-571d8cVauQ_0,text,32,[UNKNOWN],False
-571d8cVauQ_0,text,33,[UNKNOWN],False
-571d8cVauQ_0,text,34,[UNKNOWN],False
-571d8cVauQ_0,text,35,[UNKNOWN],False
-571d8cVauQ_0,text,36,[UNKNOWN],False
-571d8cVauQ_0,text,37,[UNKNOWN],False
-571d8cVauQ_0,text,38,[UNKNOWN],False
-571d8cVauQ_0,text,39,[UNKNOWN],False
-571d8cVauQ_0,text,40,[UNKNOWN],False
-571d8cVauQ_0,text,41,[UNKNOWN],False
-571d8cVauQ_0,text,42,[UNKNOWN],False
-571d8cVauQ_0,text,43,[UNKNOWN],False
-571d8cVauQ_0,text,44,[UNKNOWN],False
-571d8cVauQ_0,text,45,[UNKNOWN],False
-571d8cVauQ_0,text,46,[UNKNOWN],False
-571d8cVauQ_0,text,47,[UNKNOWN],False
-571d8cVauQ_0,text,48,[UNKNOWN],False
-571d8cVauQ_0,text,49,[UNKNOWN],False
-571d8cVauQ_5,text,0,[UNKNOWN],True
-571d8cVauQ_5,text,1,[UNKNOWN],True
-571d8cVauQ_5,text,2,[UNKNOWN],True
-571d8cVauQ_5,text,3,[UNKNOWN],True
-571d8cVauQ_5,text,4,[UNKNOWN],True
-571d8cVauQ_5,text,5,[UNKNOWN],True
-571d8cVauQ_5,text,6,[UNKNOWN],True
-571d8cVauQ_5,text,7,[UNKNOWN],True
-571d8cVauQ_5,text,8,[UNKNOWN],True
-571d8cVauQ_5,text,9,[UNKNOWN],True
-571d8cVauQ_5,text,10,[UNKNOWN],True
-571d8cVauQ_5,text,11,[UNKNOWN],True
-571d8cVauQ_5,text,12,[UNKNOWN],True
-571d8cVauQ_5,text,13,[UNKNOWN],True
-571d8cVauQ_5,text,14,[UNKNOWN],True
-571d8cVauQ_5,text,15,[UNKNOWN],True
-571d8cVauQ_5,text,16,[UNKNOWN],True
-571d8cVauQ_5,text,17,[UNKNOWN],True
-571d8cVauQ_5,text,18,[UNKNOWN],True
-571d8cVauQ_5,text,19,[UNKNOWN],True
-571d8cVauQ_5,text,20,[UNKNOWN],True
-571d8cVauQ_5,text,21,[UNKNOWN],True
-571d8cVauQ_5,text,22,[UNKNOWN],True
-571d8cVauQ_5,text,23,[UNKNOWN],True
-571d8cVauQ_5,text,24,[UNKNOWN],True
-571d8cVauQ_5,text,25,[UNKNOWN],True
-571d8cVauQ_5,text,26,[UNKNOWN],True
-571d8cVauQ_5,text,27,[UNKNOWN],True
-571d8cVauQ_5,text,28,[UNKNOWN],True
-571d8cVauQ_5,text,29,[UNKNOWN],True
-571d8cVauQ_5,text,30,[UNKNOWN],True
-571d8cVauQ_5,text,31,[UNKNOWN],True
-571d8cVauQ_5,text,32,[UNKNOWN],True
-571d8cVauQ_5,text,33,[UNKNOWN],True
-571d8cVauQ_5,text,34,[UNKNOWN],True
-571d8cVauQ_5,text,35,[UNKNOWN],True
-571d8cVauQ_5,text,36,[UNKNOWN],True
-571d8cVauQ_5,text,37,[UNKNOWN],True
-571d8cVauQ_5,text,38,[UNKNOWN],True
-571d8cVauQ_5,text,39,[UNKNOWN],True
-571d8cVauQ_5,text,40,[UNKNOWN],True
-571d8cVauQ_5,text,41,[UNKNOWN],True
-571d8cVauQ_5,text,42,[UNKNOWN],True
-571d8cVauQ_5,text,43,[UNKNOWN],True
-571d8cVauQ_5,text,44,[UNKNOWN],True
-571d8cVauQ_5,text,45,[UNKNOWN],True
-571d8cVauQ_5,text,46,[UNKNOWN],True
-571d8cVauQ_5,text,47,[UNKNOWN],True
-571d8cVauQ_5,text,48,[UNKNOWN],True
-571d8cVauQ_5,text,49,[UNKNOWN],True
-6rXp3zJ3kc_8,text,0,[UNKNOWN],True
-6rXp3zJ3kc_8,text,1,[UNKNOWN],True
-6rXp3zJ3kc_8,text,2,[UNKNOWN],True
-6rXp3zJ3kc_8,text,3,[UNKNOWN],True
-6rXp3zJ3kc_8,text,4,[UNKNOWN],True
-6rXp3zJ3kc_8,text,5,[UNKNOWN],True
-6rXp3zJ3kc_8,text,6,[UNKNOWN],True
-6rXp3zJ3kc_8,text,7,[UNKNOWN],True
-6rXp3zJ3kc_8,text,8,[UNKNOWN],True
-6rXp3zJ3kc_8,text,9,[UNKNOWN],True
-6rXp3zJ3kc_8,text,10,[UNKNOWN],True
-6rXp3zJ3kc_8,text,11,[UNKNOWN],True
-6rXp3zJ3kc_8,text,12,[UNKNOWN],True
-6rXp3zJ3kc_8,text,13,[UNKNOWN],True
-6rXp3zJ3kc_8,text,14,[UNKNOWN],True
-6rXp3zJ3kc_8,text,15,[UNKNOWN],True
-6rXp3zJ3kc_8,text,16,[UNKNOWN],True
-6rXp3zJ3kc_8,text,17,[UNKNOWN],True
-6rXp3zJ3kc_8,text,18,[UNKNOWN],True
-6rXp3zJ3kc_8,text,19,[UNKNOWN],True
-6rXp3zJ3kc_8,text,20,[UNKNOWN],True
-6rXp3zJ3kc_8,text,21,[UNKNOWN],True
-6rXp3zJ3kc_8,text,22,[UNKNOWN],True
-6rXp3zJ3kc_8,text,23,[UNKNOWN],True
-6rXp3zJ3kc_8,text,24,[UNKNOWN],True
-6rXp3zJ3kc_8,text,25,[UNKNOWN],True
-6rXp3zJ3kc_8,text,26,[UNKNOWN],True
-6rXp3zJ3kc_8,text,27,[UNKNOWN],True
-6rXp3zJ3kc_8,text,28,[UNKNOWN],True
-6rXp3zJ3kc_8,text,29,[UNKNOWN],True
-6rXp3zJ3kc_8,text,30,[UNKNOWN],True
-6rXp3zJ3kc_8,text,31,[UNKNOWN],True
-6rXp3zJ3kc_8,text,32,[UNKNOWN],True
-6rXp3zJ3kc_8,text,33,[UNKNOWN],True
-6rXp3zJ3kc_8,text,34,[UNKNOWN],True
-6rXp3zJ3kc_8,text,35,[UNKNOWN],True
-6rXp3zJ3kc_8,text,36,[UNKNOWN],True
-6rXp3zJ3kc_8,text,37,[UNKNOWN],True
-6rXp3zJ3kc_8,text,38,[UNKNOWN],True
-6rXp3zJ3kc_8,text,39,[UNKNOWN],True
-6rXp3zJ3kc_8,text,40,[UNKNOWN],False
-6rXp3zJ3kc_8,text,41,[UNKNOWN],False
-6rXp3zJ3kc_8,text,42,[UNKNOWN],False
-6rXp3zJ3kc_8,text,43,[UNKNOWN],False
-6rXp3zJ3kc_8,text,44,[UNKNOWN],False
-6rXp3zJ3kc_8,text,45,[UNKNOWN],False
-6rXp3zJ3kc_8,text,46,[UNKNOWN],False
-6rXp3zJ3kc_8,text,47,[UNKNOWN],False
-6rXp3zJ3kc_8,text,48,[UNKNOWN],False
-6rXp3zJ3kc_8,text,49,[UNKNOWN],False
-9y-fZ3swSY_0,text,0,[UNKNOWN],True
-9y-fZ3swSY_0,text,1,[UNKNOWN],True
-9y-fZ3swSY_0,text,2,[UNKNOWN],True
-9y-fZ3swSY_0,text,3,[UNKNOWN],True
-9y-fZ3swSY_0,text,4,[UNKNOWN],True
-9y-fZ3swSY_0,text,5,[UNKNOWN],True
-9y-fZ3swSY_0,text,6,[UNKNOWN],True
-9y-fZ3swSY_0,text,7,[UNKNOWN],True
-9y-fZ3swSY_0,text,8,[UNKNOWN],True
-9y-fZ3swSY_0,text,9,[UNKNOWN],True
-9y-fZ3swSY_0,text,10,[UNKNOWN],True
-9y-fZ3swSY_0,text,11,[UNKNOWN],True
-9y-fZ3swSY_0,text,12,[UNKNOWN],True
-9y-fZ3swSY_0,text,13,[UNKNOWN],True
-9y-fZ3swSY_0,text,14,[UNKNOWN],True
-9y-fZ3swSY_0,text,15,[UNKNOWN],True
-9y-fZ3swSY_0,text,16,[UNKNOWN],True
-9y-fZ3swSY_0,text,17,[UNKNOWN],True
-9y-fZ3swSY_0,text,18,[UNKNOWN],True
-9y-fZ3swSY_0,text,19,[UNKNOWN],True
-9y-fZ3swSY_0,text,20,[UNKNOWN],True
-9y-fZ3swSY_0,text,21,[UNKNOWN],True
-9y-fZ3swSY_0,text,22,[UNKNOWN],True
-9y-fZ3swSY_0,text,23,[UNKNOWN],True
-9y-fZ3swSY_0,text,24,[UNKNOWN],True
-9y-fZ3swSY_0,text,25,[UNKNOWN],True
-9y-fZ3swSY_0,text,26,[UNKNOWN],True
-9y-fZ3swSY_0,text,27,[UNKNOWN],True
-9y-fZ3swSY_0,text,28,[UNKNOWN],True
-9y-fZ3swSY_0,text,29,[UNKNOWN],True
-9y-fZ3swSY_0,text,30,[UNKNOWN],False
-9y-fZ3swSY_0,text,31,[UNKNOWN],False
-9y-fZ3swSY_0,text,32,[UNKNOWN],False
-9y-fZ3swSY_0,text,33,[UNKNOWN],False
-9y-fZ3swSY_0,text,34,[UNKNOWN],False
-9y-fZ3swSY_0,text,35,[UNKNOWN],False
-9y-fZ3swSY_0,text,36,[UNKNOWN],False
-9y-fZ3swSY_0,text,37,[UNKNOWN],False
-9y-fZ3swSY_0,text,38,[UNKNOWN],False
-9y-fZ3swSY_0,text,39,[UNKNOWN],False
-9y-fZ3swSY_0,text,40,[UNKNOWN],False
-9y-fZ3swSY_0,text,41,[UNKNOWN],False
-9y-fZ3swSY_0,text,42,[UNKNOWN],False
-9y-fZ3swSY_0,text,43,[UNKNOWN],False
-9y-fZ3swSY_0,text,44,[UNKNOWN],False
-9y-fZ3swSY_0,text,45,[UNKNOWN],False
-9y-fZ3swSY_0,text,46,[UNKNOWN],False
-9y-fZ3swSY_0,text,47,[UNKNOWN],False
-9y-fZ3swSY_0,text,48,[UNKNOWN],False
-9y-fZ3swSY_0,text,49,[UNKNOWN],False
-9y-fZ3swSY_4,text,0,[UNKNOWN],True
-9y-fZ3swSY_4,text,1,[UNKNOWN],True
-9y-fZ3swSY_4,text,2,[UNKNOWN],True
-9y-fZ3swSY_4,text,3,[UNKNOWN],True
-9y-fZ3swSY_4,text,4,[UNKNOWN],True
-9y-fZ3swSY_4,text,5,[UNKNOWN],True
-9y-fZ3swSY_4,text,6,[UNKNOWN],True
-9y-fZ3swSY_4,text,7,[UNKNOWN],True
-9y-fZ3swSY_4,text,8,[UNKNOWN],True
-9y-fZ3swSY_4,text,9,[UNKNOWN],True
-9y-fZ3swSY_4,text,10,[UNKNOWN],True
-9y-fZ3swSY_4,text,11,[UNKNOWN],True
-9y-fZ3swSY_4,text,12,[UNKNOWN],True
-9y-fZ3swSY_4,text,13,[UNKNOWN],False
-9y-fZ3swSY_4,text,14,[UNKNOWN],False
-9y-fZ3swSY_4,text,15,[UNKNOWN],False
-9y-fZ3swSY_4,text,16,[UNKNOWN],False
-9y-fZ3swSY_4,text,17,[UNKNOWN],False
-9y-fZ3swSY_4,text,18,[UNKNOWN],False
-9y-fZ3swSY_4,text,19,[UNKNOWN],False
-9y-fZ3swSY_4,text,20,[UNKNOWN],False
-9y-fZ3swSY_4,text,21,[UNKNOWN],False
-9y-fZ3swSY_4,text,22,[UNKNOWN],False
-9y-fZ3swSY_4,text,23,[UNKNOWN],False
-9y-fZ3swSY_4,text,24,[UNKNOWN],False
-9y-fZ3swSY_4,text,25,[UNKNOWN],False
-9y-fZ3swSY_4,text,26,[UNKNOWN],False
-9y-fZ3swSY_4,text,27,[UNKNOWN],False
-9y-fZ3swSY_4,text,28,[UNKNOWN],False
-9y-fZ3swSY_4,text,29,[UNKNOWN],False
-9y-fZ3swSY_4,text,30,[UNKNOWN],False
-9y-fZ3swSY_4,text,31,[UNKNOWN],False
-9y-fZ3swSY_4,text,32,[UNKNOWN],False
-9y-fZ3swSY_4,text,33,[UNKNOWN],False
-9y-fZ3swSY_4,text,34,[UNKNOWN],False
-9y-fZ3swSY_4,text,35,[UNKNOWN],False
-9y-fZ3swSY_4,text,36,[UNKNOWN],False
-9y-fZ3swSY_4,text,37,[UNKNOWN],False
-9y-fZ3swSY_4,text,38,[UNKNOWN],False
-9y-fZ3swSY_4,text,39,[UNKNOWN],False
-9y-fZ3swSY_4,text,40,[UNKNOWN],False
-9y-fZ3swSY_4,text,41,[UNKNOWN],False
-9y-fZ3swSY_4,text,42,[UNKNOWN],False
-9y-fZ3swSY_4,text,43,[UNKNOWN],False
-9y-fZ3swSY_4,text,44,[UNKNOWN],False
-9y-fZ3swSY_4,text,45,[UNKNOWN],False
-9y-fZ3swSY_4,text,46,[UNKNOWN],False
-9y-fZ3swSY_4,text,47,[UNKNOWN],False
-9y-fZ3swSY_4,text,48,[UNKNOWN],False
-9y-fZ3swSY_4,text,49,[UNKNOWN],False
-9y-fZ3swSY_8,text,0,[UNKNOWN],True
-9y-fZ3swSY_8,text,1,[UNKNOWN],True
-9y-fZ3swSY_8,text,2,[UNKNOWN],True
-9y-fZ3swSY_8,text,3,[UNKNOWN],True
-9y-fZ3swSY_8,text,4,[UNKNOWN],True
-9y-fZ3swSY_8,text,5,[UNKNOWN],True
-9y-fZ3swSY_8,text,6,[UNKNOWN],True
-9y-fZ3swSY_8,text,7,[UNKNOWN],True
-9y-fZ3swSY_8,text,8,[UNKNOWN],True
-9y-fZ3swSY_8,text,9,[UNKNOWN],True
-9y-fZ3swSY_8,text,10,[UNKNOWN],True
-9y-fZ3swSY_8,text,11,[UNKNOWN],True
-9y-fZ3swSY_8,text,12,[UNKNOWN],True
-9y-fZ3swSY_8,text,13,[UNKNOWN],True
-9y-fZ3swSY_8,text,14,[UNKNOWN],True
-9y-fZ3swSY_8,text,15,[UNKNOWN],True
-9y-fZ3swSY_8,text,16,[UNKNOWN],False
-9y-fZ3swSY_8,text,17,[UNKNOWN],False
-9y-fZ3swSY_8,text,18,[UNKNOWN],False
-9y-fZ3swSY_8,text,19,[UNKNOWN],False
-9y-fZ3swSY_8,text,20,[UNKNOWN],False
-9y-fZ3swSY_8,text,21,[UNKNOWN],False
-9y-fZ3swSY_8,text,22,[UNKNOWN],False
-9y-fZ3swSY_8,text,23,[UNKNOWN],False
-9y-fZ3swSY_8,text,24,[UNKNOWN],False
-9y-fZ3swSY_8,text,25,[UNKNOWN],False
-9y-fZ3swSY_8,text,26,[UNKNOWN],False
-9y-fZ3swSY_8,text,27,[UNKNOWN],False
-9y-fZ3swSY_8,text,28,[UNKNOWN],False
-9y-fZ3swSY_8,text,29,[UNKNOWN],False
-9y-fZ3swSY_8,text,30,[UNKNOWN],False
-9y-fZ3swSY_8,text,31,[UNKNOWN],False
-9y-fZ3swSY_8,text,32,[UNKNOWN],False
-9y-fZ3swSY_8,text,33,[UNKNOWN],False
-9y-fZ3swSY_8,text,34,[UNKNOWN],False
-9y-fZ3swSY_8,text,35,[UNKNOWN],False
-9y-fZ3swSY_8,text,36,[UNKNOWN],False
-9y-fZ3swSY_8,text,37,[UNKNOWN],False
-9y-fZ3swSY_8,text,38,[UNKNOWN],False
-9y-fZ3swSY_8,text,39,[UNKNOWN],False
-9y-fZ3swSY_8,text,40,[UNKNOWN],False
-9y-fZ3swSY_8,text,41,[UNKNOWN],False
-9y-fZ3swSY_8,text,42,[UNKNOWN],False
-9y-fZ3swSY_8,text,43,[UNKNOWN],False
-9y-fZ3swSY_8,text,44,[UNKNOWN],False
-9y-fZ3swSY_8,text,45,[UNKNOWN],False
-9y-fZ3swSY_8,text,46,[UNKNOWN],False
-9y-fZ3swSY_8,text,47,[UNKNOWN],False
-9y-fZ3swSY_8,text,48,[UNKNOWN],False
-9y-fZ3swSY_8,text,49,[UNKNOWN],False
-AUZQgSxyPQ_2,text,0,[UNKNOWN],True
-AUZQgSxyPQ_2,text,1,[UNKNOWN],True
-AUZQgSxyPQ_2,text,2,[UNKNOWN],True
-AUZQgSxyPQ_2,text,3,[UNKNOWN],True
-AUZQgSxyPQ_2,text,4,[UNKNOWN],True
-AUZQgSxyPQ_2,text,5,[UNKNOWN],True
-AUZQgSxyPQ_2,text,6,[UNKNOWN],True
-AUZQgSxyPQ_2,text,7,[UNKNOWN],True
-AUZQgSxyPQ_2,text,8,[UNKNOWN],True
-AUZQgSxyPQ_2,text,9,[UNKNOWN],True
-AUZQgSxyPQ_2,text,10,[UNKNOWN],True
-AUZQgSxyPQ_2,text,11,[UNKNOWN],True
-AUZQgSxyPQ_2,text,12,[UNKNOWN],True
-AUZQgSxyPQ_2,text,13,[UNKNOWN],True
-AUZQgSxyPQ_2,text,14,[UNKNOWN],True
-AUZQgSxyPQ_2,text,15,[UNKNOWN],True
-AUZQgSxyPQ_2,text,16,[UNKNOWN],True
-AUZQgSxyPQ_2,text,17,[UNKNOWN],True
-AUZQgSxyPQ_2,text,18,[UNKNOWN],True
-AUZQgSxyPQ_2,text,19,[UNKNOWN],True
-AUZQgSxyPQ_2,text,20,[UNKNOWN],True
-AUZQgSxyPQ_2,text,21,[UNKNOWN],True
-AUZQgSxyPQ_2,text,22,[UNKNOWN],True
-AUZQgSxyPQ_2,text,23,[UNKNOWN],True
-AUZQgSxyPQ_2,text,24,[UNKNOWN],True
-AUZQgSxyPQ_2,text,25,[UNKNOWN],True
-AUZQgSxyPQ_2,text,26,[UNKNOWN],True
-AUZQgSxyPQ_2,text,27,[UNKNOWN],True
-AUZQgSxyPQ_2,text,28,[UNKNOWN],True
-AUZQgSxyPQ_2,text,29,[UNKNOWN],True
-AUZQgSxyPQ_2,text,30,[UNKNOWN],True
-AUZQgSxyPQ_2,text,31,[UNKNOWN],True
-AUZQgSxyPQ_2,text,32,[UNKNOWN],True
-AUZQgSxyPQ_2,text,33,[UNKNOWN],True
-AUZQgSxyPQ_2,text,34,[UNKNOWN],True
-AUZQgSxyPQ_2,text,35,[UNKNOWN],True
-AUZQgSxyPQ_2,text,36,[UNKNOWN],True
-AUZQgSxyPQ_2,text,37,[UNKNOWN],True
-AUZQgSxyPQ_2,text,38,[UNKNOWN],True
-AUZQgSxyPQ_2,text,39,[UNKNOWN],True
-AUZQgSxyPQ_2,text,40,[UNKNOWN],True
-AUZQgSxyPQ_2,text,41,[UNKNOWN],True
-AUZQgSxyPQ_2,text,42,[UNKNOWN],True
-AUZQgSxyPQ_2,text,43,[UNKNOWN],True
-AUZQgSxyPQ_2,text,44,[UNKNOWN],True
-AUZQgSxyPQ_2,text,45,[UNKNOWN],True
-AUZQgSxyPQ_2,text,46,[UNKNOWN],True
-AUZQgSxyPQ_2,text,47,[UNKNOWN],True
-AUZQgSxyPQ_2,text,48,[UNKNOWN],True
-AUZQgSxyPQ_2,text,49,[UNKNOWN],True
-HeZS2-Prhc_2,text,0,[UNKNOWN],True
-HeZS2-Prhc_2,text,1,[UNKNOWN],True
-HeZS2-Prhc_2,text,2,[UNKNOWN],True
-HeZS2-Prhc_2,text,3,[UNKNOWN],True
-HeZS2-Prhc_2,text,4,[UNKNOWN],True
-HeZS2-Prhc_2,text,5,[UNKNOWN],True
-HeZS2-Prhc_2,text,6,[UNKNOWN],True
-HeZS2-Prhc_2,text,7,[UNKNOWN],True
-HeZS2-Prhc_2,text,8,[UNKNOWN],True
-HeZS2-Prhc_2,text,9,[UNKNOWN],True
-HeZS2-Prhc_2,text,10,[UNKNOWN],True
-HeZS2-Prhc_2,text,11,[UNKNOWN],True
-HeZS2-Prhc_2,text,12,[UNKNOWN],True
-HeZS2-Prhc_2,text,13,[UNKNOWN],True
-HeZS2-Prhc_2,text,14,[UNKNOWN],True
-HeZS2-Prhc_2,text,15,[UNKNOWN],True
-HeZS2-Prhc_2,text,16,[UNKNOWN],True
-HeZS2-Prhc_2,text,17,[UNKNOWN],True
-HeZS2-Prhc_2,text,18,[UNKNOWN],True
-HeZS2-Prhc_2,text,19,[UNKNOWN],False
-HeZS2-Prhc_2,text,20,[UNKNOWN],False
-HeZS2-Prhc_2,text,21,[UNKNOWN],False
-HeZS2-Prhc_2,text,22,[UNKNOWN],False
-HeZS2-Prhc_2,text,23,[UNKNOWN],False
-HeZS2-Prhc_2,text,24,[UNKNOWN],False
-HeZS2-Prhc_2,text,25,[UNKNOWN],False
-HeZS2-Prhc_2,text,26,[UNKNOWN],False
-HeZS2-Prhc_2,text,27,[UNKNOWN],False
-HeZS2-Prhc_2,text,28,[UNKNOWN],False
-HeZS2-Prhc_2,text,29,[UNKNOWN],False
-HeZS2-Prhc_2,text,30,[UNKNOWN],False
-HeZS2-Prhc_2,text,31,[UNKNOWN],False
-HeZS2-Prhc_2,text,32,[UNKNOWN],False
-HeZS2-Prhc_2,text,33,[UNKNOWN],False
-HeZS2-Prhc_2,text,34,[UNKNOWN],False
-HeZS2-Prhc_2,text,35,[UNKNOWN],False
-HeZS2-Prhc_2,text,36,[UNKNOWN],False
-HeZS2-Prhc_2,text,37,[UNKNOWN],False
-HeZS2-Prhc_2,text,38,[UNKNOWN],False
-HeZS2-Prhc_2,text,39,[UNKNOWN],False
-HeZS2-Prhc_2,text,40,[UNKNOWN],False
-HeZS2-Prhc_2,text,41,[UNKNOWN],False
-HeZS2-Prhc_2,text,42,[UNKNOWN],False
-HeZS2-Prhc_2,text,43,[UNKNOWN],False
-HeZS2-Prhc_2,text,44,[UNKNOWN],False
-HeZS2-Prhc_2,text,45,[UNKNOWN],False
-HeZS2-Prhc_2,text,46,[UNKNOWN],False
-HeZS2-Prhc_2,text,47,[UNKNOWN],False
-HeZS2-Prhc_2,text,48,[UNKNOWN],False
-HeZS2-Prhc_2,text,49,[UNKNOWN],False
-HwX2H8Z4hY_2,text,0,[UNKNOWN],True
-HwX2H8Z4hY_2,text,1,[UNKNOWN],True
-HwX2H8Z4hY_2,text,2,[UNKNOWN],True
-HwX2H8Z4hY_2,text,3,[UNKNOWN],True
-HwX2H8Z4hY_2,text,4,[UNKNOWN],True
-HwX2H8Z4hY_2,text,5,[UNKNOWN],True
-HwX2H8Z4hY_2,text,6,[UNKNOWN],True
-HwX2H8Z4hY_2,text,7,[UNKNOWN],True
-HwX2H8Z4hY_2,text,8,[UNKNOWN],True
-HwX2H8Z4hY_2,text,9,[UNKNOWN],True
-HwX2H8Z4hY_2,text,10,[UNKNOWN],True
-HwX2H8Z4hY_2,text,11,[UNKNOWN],True
-HwX2H8Z4hY_2,text,12,[UNKNOWN],True
-HwX2H8Z4hY_2,text,13,[UNKNOWN],True
-HwX2H8Z4hY_2,text,14,[UNKNOWN],False
-HwX2H8Z4hY_2,text,15,[UNKNOWN],False
-HwX2H8Z4hY_2,text,16,[UNKNOWN],False
-HwX2H8Z4hY_2,text,17,[UNKNOWN],False
-HwX2H8Z4hY_2,text,18,[UNKNOWN],False
-HwX2H8Z4hY_2,text,19,[UNKNOWN],False
-HwX2H8Z4hY_2,text,20,[UNKNOWN],False
-HwX2H8Z4hY_2,text,21,[UNKNOWN],False
-HwX2H8Z4hY_2,text,22,[UNKNOWN],False
-HwX2H8Z4hY_2,text,23,[UNKNOWN],False
-HwX2H8Z4hY_2,text,24,[UNKNOWN],False
-HwX2H8Z4hY_2,text,25,[UNKNOWN],False
-HwX2H8Z4hY_2,text,26,[UNKNOWN],False
-HwX2H8Z4hY_2,text,27,[UNKNOWN],False
-HwX2H8Z4hY_2,text,28,[UNKNOWN],False
-HwX2H8Z4hY_2,text,29,[UNKNOWN],False
-HwX2H8Z4hY_2,text,30,[UNKNOWN],False
-HwX2H8Z4hY_2,text,31,[UNKNOWN],False
-HwX2H8Z4hY_2,text,32,[UNKNOWN],False
-HwX2H8Z4hY_2,text,33,[UNKNOWN],False
-HwX2H8Z4hY_2,text,34,[UNKNOWN],False
-HwX2H8Z4hY_2,text,35,[UNKNOWN],False
-HwX2H8Z4hY_2,text,36,[UNKNOWN],False
-HwX2H8Z4hY_2,text,37,[UNKNOWN],False
-HwX2H8Z4hY_2,text,38,[UNKNOWN],False
-HwX2H8Z4hY_2,text,39,[UNKNOWN],False
-HwX2H8Z4hY_2,text,40,[UNKNOWN],False
-HwX2H8Z4hY_2,text,41,[UNKNOWN],False
-HwX2H8Z4hY_2,text,42,[UNKNOWN],False
-HwX2H8Z4hY_2,text,43,[UNKNOWN],False
-HwX2H8Z4hY_2,text,44,[UNKNOWN],False
-HwX2H8Z4hY_2,text,45,[UNKNOWN],False
-HwX2H8Z4hY_2,text,46,[UNKNOWN],False
-HwX2H8Z4hY_2,text,47,[UNKNOWN],False
-HwX2H8Z4hY_2,text,48,[UNKNOWN],False
-HwX2H8Z4hY_2,text,49,[UNKNOWN],False
-HwX2H8Z4hY_5,text,0,[UNKNOWN],True
-HwX2H8Z4hY_5,text,1,[UNKNOWN],True
-HwX2H8Z4hY_5,text,2,[UNKNOWN],True
-HwX2H8Z4hY_5,text,3,[UNKNOWN],True
-HwX2H8Z4hY_5,text,4,[UNKNOWN],True
-HwX2H8Z4hY_5,text,5,[UNKNOWN],True
-HwX2H8Z4hY_5,text,6,[UNKNOWN],True
-HwX2H8Z4hY_5,text,7,[UNKNOWN],True
-HwX2H8Z4hY_5,text,8,[UNKNOWN],True
-HwX2H8Z4hY_5,text,9,[UNKNOWN],True
-HwX2H8Z4hY_5,text,10,[UNKNOWN],True
-HwX2H8Z4hY_5,text,11,[UNKNOWN],True
-HwX2H8Z4hY_5,text,12,[UNKNOWN],False
-HwX2H8Z4hY_5,text,13,[UNKNOWN],False
-HwX2H8Z4hY_5,text,14,[UNKNOWN],False
-HwX2H8Z4hY_5,text,15,[UNKNOWN],False
-HwX2H8Z4hY_5,text,16,[UNKNOWN],False
-HwX2H8Z4hY_5,text,17,[UNKNOWN],False
-HwX2H8Z4hY_5,text,18,[UNKNOWN],False
-HwX2H8Z4hY_5,text,19,[UNKNOWN],False
-HwX2H8Z4hY_5,text,20,[UNKNOWN],False
-HwX2H8Z4hY_5,text,21,[UNKNOWN],False
-HwX2H8Z4hY_5,text,22,[UNKNOWN],False
-HwX2H8Z4hY_5,text,23,[UNKNOWN],False
-HwX2H8Z4hY_5,text,24,[UNKNOWN],False
-HwX2H8Z4hY_5,text,25,[UNKNOWN],False
-HwX2H8Z4hY_5,text,26,[UNKNOWN],False
-HwX2H8Z4hY_5,text,27,[UNKNOWN],False
-HwX2H8Z4hY_5,text,28,[UNKNOWN],False
-HwX2H8Z4hY_5,text,29,[UNKNOWN],False
-HwX2H8Z4hY_5,text,30,[UNKNOWN],False
-HwX2H8Z4hY_5,text,31,[UNKNOWN],False
-HwX2H8Z4hY_5,text,32,[UNKNOWN],False
-HwX2H8Z4hY_5,text,33,[UNKNOWN],False
-HwX2H8Z4hY_5,text,34,[UNKNOWN],False
-HwX2H8Z4hY_5,text,35,[UNKNOWN],False
-HwX2H8Z4hY_5,text,36,[UNKNOWN],False
-HwX2H8Z4hY_5,text,37,[UNKNOWN],False
-HwX2H8Z4hY_5,text,38,[UNKNOWN],False
-HwX2H8Z4hY_5,text,39,[UNKNOWN],False
-HwX2H8Z4hY_5,text,40,[UNKNOWN],False
-HwX2H8Z4hY_5,text,41,[UNKNOWN],False
-HwX2H8Z4hY_5,text,42,[UNKNOWN],False
-HwX2H8Z4hY_5,text,43,[UNKNOWN],False
-HwX2H8Z4hY_5,text,44,[UNKNOWN],False
-HwX2H8Z4hY_5,text,45,[UNKNOWN],False
-HwX2H8Z4hY_5,text,46,[UNKNOWN],False
-HwX2H8Z4hY_5,text,47,[UNKNOWN],False
-HwX2H8Z4hY_5,text,48,[UNKNOWN],False
-HwX2H8Z4hY_5,text,49,[UNKNOWN],False
-HwX2H8Z4hY_6,text,0,[UNKNOWN],True
-HwX2H8Z4hY_6,text,1,[UNKNOWN],True
-HwX2H8Z4hY_6,text,2,[UNKNOWN],True
-HwX2H8Z4hY_6,text,3,[UNKNOWN],True
-HwX2H8Z4hY_6,text,4,[UNKNOWN],True
-HwX2H8Z4hY_6,text,5,[UNKNOWN],True
-HwX2H8Z4hY_6,text,6,[UNKNOWN],True
-HwX2H8Z4hY_6,text,7,[UNKNOWN],True
-HwX2H8Z4hY_6,text,8,[UNKNOWN],True
-HwX2H8Z4hY_6,text,9,[UNKNOWN],True
-HwX2H8Z4hY_6,text,10,[UNKNOWN],True
-HwX2H8Z4hY_6,text,11,[UNKNOWN],False
-HwX2H8Z4hY_6,text,12,[UNKNOWN],False
-HwX2H8Z4hY_6,text,13,[UNKNOWN],False
-HwX2H8Z4hY_6,text,14,[UNKNOWN],False
-HwX2H8Z4hY_6,text,15,[UNKNOWN],False
-HwX2H8Z4hY_6,text,16,[UNKNOWN],False
-HwX2H8Z4hY_6,text,17,[UNKNOWN],False
-HwX2H8Z4hY_6,text,18,[UNKNOWN],False
-HwX2H8Z4hY_6,text,19,[UNKNOWN],False
-HwX2H8Z4hY_6,text,20,[UNKNOWN],False
-HwX2H8Z4hY_6,text,21,[UNKNOWN],False
-HwX2H8Z4hY_6,text,22,[UNKNOWN],False
-HwX2H8Z4hY_6,text,23,[UNKNOWN],False
-HwX2H8Z4hY_6,text,24,[UNKNOWN],False
-HwX2H8Z4hY_6,text,25,[UNKNOWN],False
-HwX2H8Z4hY_6,text,26,[UNKNOWN],False
-HwX2H8Z4hY_6,text,27,[UNKNOWN],False
-HwX2H8Z4hY_6,text,28,[UNKNOWN],False
-HwX2H8Z4hY_6,text,29,[UNKNOWN],False
-HwX2H8Z4hY_6,text,30,[UNKNOWN],False
-HwX2H8Z4hY_6,text,31,[UNKNOWN],False
-HwX2H8Z4hY_6,text,32,[UNKNOWN],False
-HwX2H8Z4hY_6,text,33,[UNKNOWN],False
-HwX2H8Z4hY_6,text,34,[UNKNOWN],False
-HwX2H8Z4hY_6,text,35,[UNKNOWN],False
-HwX2H8Z4hY_6,text,36,[UNKNOWN],False
-HwX2H8Z4hY_6,text,37,[UNKNOWN],False
-HwX2H8Z4hY_6,text,38,[UNKNOWN],False
-HwX2H8Z4hY_6,text,39,[UNKNOWN],False
-HwX2H8Z4hY_6,text,40,[UNKNOWN],False
-HwX2H8Z4hY_6,text,41,[UNKNOWN],False
-HwX2H8Z4hY_6,text,42,[UNKNOWN],False
-HwX2H8Z4hY_6,text,43,[UNKNOWN],False
-HwX2H8Z4hY_6,text,44,[UNKNOWN],False
-HwX2H8Z4hY_6,text,45,[UNKNOWN],False
-HwX2H8Z4hY_6,text,46,[UNKNOWN],False
-HwX2H8Z4hY_6,text,47,[UNKNOWN],False
-HwX2H8Z4hY_6,text,48,[UNKNOWN],False
-HwX2H8Z4hY_6,text,49,[UNKNOWN],False
-HwX2H8Z4hY_9,text,0,[UNKNOWN],True
-HwX2H8Z4hY_9,text,1,[UNKNOWN],True
-HwX2H8Z4hY_9,text,2,[UNKNOWN],True
-HwX2H8Z4hY_9,text,3,[UNKNOWN],True
-HwX2H8Z4hY_9,text,4,[UNKNOWN],True
-HwX2H8Z4hY_9,text,5,[UNKNOWN],True
-HwX2H8Z4hY_9,text,6,[UNKNOWN],True
-HwX2H8Z4hY_9,text,7,[UNKNOWN],True
-HwX2H8Z4hY_9,text,8,[UNKNOWN],True
-HwX2H8Z4hY_9,text,9,[UNKNOWN],True
-HwX2H8Z4hY_9,text,10,[UNKNOWN],True
-HwX2H8Z4hY_9,text,11,[UNKNOWN],True
-HwX2H8Z4hY_9,text,12,[UNKNOWN],True
-HwX2H8Z4hY_9,text,13,[UNKNOWN],True
-HwX2H8Z4hY_9,text,14,[UNKNOWN],True
-HwX2H8Z4hY_9,text,15,[UNKNOWN],True
-HwX2H8Z4hY_9,text,16,[UNKNOWN],True
-HwX2H8Z4hY_9,text,17,[UNKNOWN],True
-HwX2H8Z4hY_9,text,18,[UNKNOWN],True
-HwX2H8Z4hY_9,text,19,[UNKNOWN],True
-HwX2H8Z4hY_9,text,20,[UNKNOWN],True
-HwX2H8Z4hY_9,text,21,[UNKNOWN],True
-HwX2H8Z4hY_9,text,22,[UNKNOWN],True
-HwX2H8Z4hY_9,text,23,[UNKNOWN],True
-HwX2H8Z4hY_9,text,24,[UNKNOWN],True
-HwX2H8Z4hY_9,text,25,[UNKNOWN],True
-HwX2H8Z4hY_9,text,26,[UNKNOWN],False
-HwX2H8Z4hY_9,text,27,[UNKNOWN],False
-HwX2H8Z4hY_9,text,28,[UNKNOWN],False
-HwX2H8Z4hY_9,text,29,[UNKNOWN],False
-HwX2H8Z4hY_9,text,30,[UNKNOWN],False
-HwX2H8Z4hY_9,text,31,[UNKNOWN],False
-HwX2H8Z4hY_9,text,32,[UNKNOWN],False
-HwX2H8Z4hY_9,text,33,[UNKNOWN],False
-HwX2H8Z4hY_9,text,34,[UNKNOWN],False
-HwX2H8Z4hY_9,text,35,[UNKNOWN],False
-HwX2H8Z4hY_9,text,36,[UNKNOWN],False
-HwX2H8Z4hY_9,text,37,[UNKNOWN],False
-HwX2H8Z4hY_9,text,38,[UNKNOWN],False
-HwX2H8Z4hY_9,text,39,[UNKNOWN],False
-HwX2H8Z4hY_9,text,40,[UNKNOWN],False
-HwX2H8Z4hY_9,text,41,[UNKNOWN],False
-HwX2H8Z4hY_9,text,42,[UNKNOWN],False
-HwX2H8Z4hY_9,text,43,[UNKNOWN],False
-HwX2H8Z4hY_9,text,44,[UNKNOWN],False
-HwX2H8Z4hY_9,text,45,[UNKNOWN],False
-HwX2H8Z4hY_9,text,46,[UNKNOWN],False
-HwX2H8Z4hY_9,text,47,[UNKNOWN],False
-HwX2H8Z4hY_9,text,48,[UNKNOWN],False
-HwX2H8Z4hY_9,text,49,[UNKNOWN],False
-I_e4mIh0yE_1,text,0,[UNKNOWN],True
-I_e4mIh0yE_1,text,1,[UNKNOWN],True
-I_e4mIh0yE_1,text,2,[UNKNOWN],True
-I_e4mIh0yE_1,text,3,[UNKNOWN],True
-I_e4mIh0yE_1,text,4,[UNKNOWN],True
-I_e4mIh0yE_1,text,5,[UNKNOWN],True
-I_e4mIh0yE_1,text,6,[UNKNOWN],True
-I_e4mIh0yE_1,text,7,[UNKNOWN],True
-I_e4mIh0yE_1,text,8,[UNKNOWN],True
-I_e4mIh0yE_1,text,9,[UNKNOWN],True
-I_e4mIh0yE_1,text,10,[UNKNOWN],True
-I_e4mIh0yE_1,text,11,[UNKNOWN],True
-I_e4mIh0yE_1,text,12,[UNKNOWN],True
-I_e4mIh0yE_1,text,13,[UNKNOWN],True
-I_e4mIh0yE_1,text,14,[UNKNOWN],True
-I_e4mIh0yE_1,text,15,[UNKNOWN],True
-I_e4mIh0yE_1,text,16,[UNKNOWN],True
-I_e4mIh0yE_1,text,17,[UNKNOWN],True
-I_e4mIh0yE_1,text,18,[UNKNOWN],True
-I_e4mIh0yE_1,text,19,[UNKNOWN],True
-I_e4mIh0yE_1,text,20,[UNKNOWN],True
-I_e4mIh0yE_1,text,21,[UNKNOWN],True
-I_e4mIh0yE_1,text,22,[UNKNOWN],True
-I_e4mIh0yE_1,text,23,[UNKNOWN],False
-I_e4mIh0yE_1,text,24,[UNKNOWN],False
-I_e4mIh0yE_1,text,25,[UNKNOWN],False
-I_e4mIh0yE_1,text,26,[UNKNOWN],False
-I_e4mIh0yE_1,text,27,[UNKNOWN],False
-I_e4mIh0yE_1,text,28,[UNKNOWN],False
-I_e4mIh0yE_1,text,29,[UNKNOWN],False
-I_e4mIh0yE_1,text,30,[UNKNOWN],False
-I_e4mIh0yE_1,text,31,[UNKNOWN],False
-I_e4mIh0yE_1,text,32,[UNKNOWN],False
-I_e4mIh0yE_1,text,33,[UNKNOWN],False
-I_e4mIh0yE_1,text,34,[UNKNOWN],False
-I_e4mIh0yE_1,text,35,[UNKNOWN],False
-I_e4mIh0yE_1,text,36,[UNKNOWN],False
-I_e4mIh0yE_1,text,37,[UNKNOWN],False
-I_e4mIh0yE_1,text,38,[UNKNOWN],False
-I_e4mIh0yE_1,text,39,[UNKNOWN],False
-I_e4mIh0yE_1,text,40,[UNKNOWN],False
-I_e4mIh0yE_1,text,41,[UNKNOWN],False
-I_e4mIh0yE_1,text,42,[UNKNOWN],False
-I_e4mIh0yE_1,text,43,[UNKNOWN],False
-I_e4mIh0yE_1,text,44,[UNKNOWN],False
-I_e4mIh0yE_1,text,45,[UNKNOWN],False
-I_e4mIh0yE_1,text,46,[UNKNOWN],False
-I_e4mIh0yE_1,text,47,[UNKNOWN],False
-I_e4mIh0yE_1,text,48,[UNKNOWN],False
-I_e4mIh0yE_1,text,49,[UNKNOWN],False
-I_e4mIh0yE_3,text,0,[UNKNOWN],True
-I_e4mIh0yE_3,text,1,[UNKNOWN],True
-I_e4mIh0yE_3,text,2,[UNKNOWN],True
-I_e4mIh0yE_3,text,3,[UNKNOWN],True
-I_e4mIh0yE_3,text,4,[UNKNOWN],True
-I_e4mIh0yE_3,text,5,[UNKNOWN],True
-I_e4mIh0yE_3,text,6,[UNKNOWN],True
-I_e4mIh0yE_3,text,7,[UNKNOWN],True
-I_e4mIh0yE_3,text,8,[UNKNOWN],True
-I_e4mIh0yE_3,text,9,[UNKNOWN],True
-I_e4mIh0yE_3,text,10,[UNKNOWN],True
-I_e4mIh0yE_3,text,11,[UNKNOWN],True
-I_e4mIh0yE_3,text,12,[UNKNOWN],True
-I_e4mIh0yE_3,text,13,[UNKNOWN],True
-I_e4mIh0yE_3,text,14,[UNKNOWN],True
-I_e4mIh0yE_3,text,15,[UNKNOWN],True
-I_e4mIh0yE_3,text,16,[UNKNOWN],True
-I_e4mIh0yE_3,text,17,[UNKNOWN],True
-I_e4mIh0yE_3,text,18,[UNKNOWN],True
-I_e4mIh0yE_3,text,19,[UNKNOWN],True
-I_e4mIh0yE_3,text,20,[UNKNOWN],True
-I_e4mIh0yE_3,text,21,[UNKNOWN],True
-I_e4mIh0yE_3,text,22,[UNKNOWN],True
-I_e4mIh0yE_3,text,23,[UNKNOWN],True
-I_e4mIh0yE_3,text,24,[UNKNOWN],True
-I_e4mIh0yE_3,text,25,[UNKNOWN],True
-I_e4mIh0yE_3,text,26,[UNKNOWN],True
-I_e4mIh0yE_3,text,27,[UNKNOWN],True
-I_e4mIh0yE_3,text,28,[UNKNOWN],True
-I_e4mIh0yE_3,text,29,[UNKNOWN],True
-I_e4mIh0yE_3,text,30,[UNKNOWN],True
-I_e4mIh0yE_3,text,31,[UNKNOWN],True
-I_e4mIh0yE_3,text,32,[UNKNOWN],False
-I_e4mIh0yE_3,text,33,[UNKNOWN],False
-I_e4mIh0yE_3,text,34,[UNKNOWN],False
-I_e4mIh0yE_3,text,35,[UNKNOWN],False
-I_e4mIh0yE_3,text,36,[UNKNOWN],False
-I_e4mIh0yE_3,text,37,[UNKNOWN],False
-I_e4mIh0yE_3,text,38,[UNKNOWN],False
-I_e4mIh0yE_3,text,39,[UNKNOWN],False
-I_e4mIh0yE_3,text,40,[UNKNOWN],False
-I_e4mIh0yE_3,text,41,[UNKNOWN],False
-I_e4mIh0yE_3,text,42,[UNKNOWN],False
-I_e4mIh0yE_3,text,43,[UNKNOWN],False
-I_e4mIh0yE_3,text,44,[UNKNOWN],False
-I_e4mIh0yE_3,text,45,[UNKNOWN],False
-I_e4mIh0yE_3,text,46,[UNKNOWN],False
-I_e4mIh0yE_3,text,47,[UNKNOWN],False
-I_e4mIh0yE_3,text,48,[UNKNOWN],False
-I_e4mIh0yE_3,text,49,[UNKNOWN],False
-MeTTeMJBNc_0,text,0,[UNKNOWN],True
-MeTTeMJBNc_0,text,1,[UNKNOWN],True
-MeTTeMJBNc_0,text,2,[UNKNOWN],True
-MeTTeMJBNc_0,text,3,[UNKNOWN],True
-MeTTeMJBNc_0,text,4,[UNKNOWN],True
-MeTTeMJBNc_0,text,5,[UNKNOWN],True
-MeTTeMJBNc_0,text,6,[UNKNOWN],True
-MeTTeMJBNc_0,text,7,[UNKNOWN],True
-MeTTeMJBNc_0,text,8,[UNKNOWN],True
-MeTTeMJBNc_0,text,9,[UNKNOWN],True
-MeTTeMJBNc_0,text,10,[UNKNOWN],True
-MeTTeMJBNc_0,text,11,[UNKNOWN],True
-MeTTeMJBNc_0,text,12,[UNKNOWN],True
-MeTTeMJBNc_0,text,13,[UNKNOWN],True
-MeTTeMJBNc_0,text,14,[UNKNOWN],True
-MeTTeMJBNc_0,text,15,[UNKNOWN],True
-MeTTeMJBNc_0,text,16,[UNKNOWN],True
-MeTTeMJBNc_0,text,17,[UNKNOWN],True
-MeTTeMJBNc_0,text,18,[UNKNOWN],True
-MeTTeMJBNc_0,text,19,[UNKNOWN],True
-MeTTeMJBNc_0,text,20,[UNKNOWN],True
-MeTTeMJBNc_0,text,21,[UNKNOWN],True
-MeTTeMJBNc_0,text,22,[UNKNOWN],True
-MeTTeMJBNc_0,text,23,[UNKNOWN],True
-MeTTeMJBNc_0,text,24,[UNKNOWN],True
-MeTTeMJBNc_0,text,25,[UNKNOWN],True
-MeTTeMJBNc_0,text,26,[UNKNOWN],True
-MeTTeMJBNc_0,text,27,[UNKNOWN],True
-MeTTeMJBNc_0,text,28,[UNKNOWN],False
-MeTTeMJBNc_0,text,29,[UNKNOWN],False
-MeTTeMJBNc_0,text,30,[UNKNOWN],False
-MeTTeMJBNc_0,text,31,[UNKNOWN],False
-MeTTeMJBNc_0,text,32,[UNKNOWN],False
-MeTTeMJBNc_0,text,33,[UNKNOWN],False
-MeTTeMJBNc_0,text,34,[UNKNOWN],False
-MeTTeMJBNc_0,text,35,[UNKNOWN],False
-MeTTeMJBNc_0,text,36,[UNKNOWN],False
-MeTTeMJBNc_0,text,37,[UNKNOWN],False
-MeTTeMJBNc_0,text,38,[UNKNOWN],False
-MeTTeMJBNc_0,text,39,[UNKNOWN],False
-MeTTeMJBNc_0,text,40,[UNKNOWN],False
-MeTTeMJBNc_0,text,41,[UNKNOWN],False
-MeTTeMJBNc_0,text,42,[UNKNOWN],False
-MeTTeMJBNc_0,text,43,[UNKNOWN],False
-MeTTeMJBNc_0,text,44,[UNKNOWN],False
-MeTTeMJBNc_0,text,45,[UNKNOWN],False
-MeTTeMJBNc_0,text,46,[UNKNOWN],False
-MeTTeMJBNc_0,text,47,[UNKNOWN],False
-MeTTeMJBNc_0,text,48,[UNKNOWN],False
-MeTTeMJBNc_0,text,49,[UNKNOWN],False
-MeTTeMJBNc_13,text,0,[UNKNOWN],True
-MeTTeMJBNc_13,text,1,[UNKNOWN],True
-MeTTeMJBNc_13,text,2,[UNKNOWN],True
-MeTTeMJBNc_13,text,3,[UNKNOWN],True
-MeTTeMJBNc_13,text,4,[UNKNOWN],True
-MeTTeMJBNc_13,text,5,[UNKNOWN],True
-MeTTeMJBNc_13,text,6,[UNKNOWN],True
-MeTTeMJBNc_13,text,7,[UNKNOWN],True
-MeTTeMJBNc_13,text,8,[UNKNOWN],True
-MeTTeMJBNc_13,text,9,[UNKNOWN],True
-MeTTeMJBNc_13,text,10,[UNKNOWN],True
-MeTTeMJBNc_13,text,11,[UNKNOWN],True
-MeTTeMJBNc_13,text,12,[UNKNOWN],True
-MeTTeMJBNc_13,text,13,[UNKNOWN],True
-MeTTeMJBNc_13,text,14,[UNKNOWN],True
-MeTTeMJBNc_13,text,15,[UNKNOWN],True
-MeTTeMJBNc_13,text,16,[UNKNOWN],True
-MeTTeMJBNc_13,text,17,[UNKNOWN],True
-MeTTeMJBNc_13,text,18,[UNKNOWN],False
-MeTTeMJBNc_13,text,19,[UNKNOWN],False
-MeTTeMJBNc_13,text,20,[UNKNOWN],False
-MeTTeMJBNc_13,text,21,[UNKNOWN],False
-MeTTeMJBNc_13,text,22,[UNKNOWN],False
-MeTTeMJBNc_13,text,23,[UNKNOWN],False
-MeTTeMJBNc_13,text,24,[UNKNOWN],False
-MeTTeMJBNc_13,text,25,[UNKNOWN],False
-MeTTeMJBNc_13,text,26,[UNKNOWN],False
-MeTTeMJBNc_13,text,27,[UNKNOWN],False
-MeTTeMJBNc_13,text,28,[UNKNOWN],False
-MeTTeMJBNc_13,text,29,[UNKNOWN],False
-MeTTeMJBNc_13,text,30,[UNKNOWN],False
-MeTTeMJBNc_13,text,31,[UNKNOWN],False
-MeTTeMJBNc_13,text,32,[UNKNOWN],False
-MeTTeMJBNc_13,text,33,[UNKNOWN],False
-MeTTeMJBNc_13,text,34,[UNKNOWN],False
-MeTTeMJBNc_13,text,35,[UNKNOWN],False
-MeTTeMJBNc_13,text,36,[UNKNOWN],False
-MeTTeMJBNc_13,text,37,[UNKNOWN],False
-MeTTeMJBNc_13,text,38,[UNKNOWN],False
-MeTTeMJBNc_13,text,39,[UNKNOWN],False
-MeTTeMJBNc_13,text,40,[UNKNOWN],False
-MeTTeMJBNc_13,text,41,[UNKNOWN],False
-MeTTeMJBNc_13,text,42,[UNKNOWN],False
-MeTTeMJBNc_13,text,43,[UNKNOWN],False
-MeTTeMJBNc_13,text,44,[UNKNOWN],False
-MeTTeMJBNc_13,text,45,[UNKNOWN],False
-MeTTeMJBNc_13,text,46,[UNKNOWN],False
-MeTTeMJBNc_13,text,47,[UNKNOWN],False
-MeTTeMJBNc_13,text,48,[UNKNOWN],False
-MeTTeMJBNc_13,text,49,[UNKNOWN],False
-MeTTeMJBNc_7,text,0,[UNKNOWN],True
-MeTTeMJBNc_7,text,1,[UNKNOWN],True
-MeTTeMJBNc_7,text,2,[UNKNOWN],True
-MeTTeMJBNc_7,text,3,[UNKNOWN],True
-MeTTeMJBNc_7,text,4,[UNKNOWN],True
-MeTTeMJBNc_7,text,5,[UNKNOWN],True
-MeTTeMJBNc_7,text,6,[UNKNOWN],True
-MeTTeMJBNc_7,text,7,[UNKNOWN],True
-MeTTeMJBNc_7,text,8,[UNKNOWN],True
-MeTTeMJBNc_7,text,9,[UNKNOWN],True
-MeTTeMJBNc_7,text,10,[UNKNOWN],True
-MeTTeMJBNc_7,text,11,[UNKNOWN],True
-MeTTeMJBNc_7,text,12,[UNKNOWN],True
-MeTTeMJBNc_7,text,13,[UNKNOWN],True
-MeTTeMJBNc_7,text,14,[UNKNOWN],True
-MeTTeMJBNc_7,text,15,[UNKNOWN],True
-MeTTeMJBNc_7,text,16,[UNKNOWN],True
-MeTTeMJBNc_7,text,17,[UNKNOWN],True
-MeTTeMJBNc_7,text,18,[UNKNOWN],True
-MeTTeMJBNc_7,text,19,[UNKNOWN],True
-MeTTeMJBNc_7,text,20,[UNKNOWN],True
-MeTTeMJBNc_7,text,21,[UNKNOWN],True
-MeTTeMJBNc_7,text,22,[UNKNOWN],True
-MeTTeMJBNc_7,text,23,[UNKNOWN],True
-MeTTeMJBNc_7,text,24,[UNKNOWN],True
-MeTTeMJBNc_7,text,25,[UNKNOWN],True
-MeTTeMJBNc_7,text,26,[UNKNOWN],True
-MeTTeMJBNc_7,text,27,[UNKNOWN],True
-MeTTeMJBNc_7,text,28,[UNKNOWN],True
-MeTTeMJBNc_7,text,29,[UNKNOWN],True
-MeTTeMJBNc_7,text,30,[UNKNOWN],True
-MeTTeMJBNc_7,text,31,[UNKNOWN],True
-MeTTeMJBNc_7,text,32,[UNKNOWN],True
-MeTTeMJBNc_7,text,33,[UNKNOWN],True
-MeTTeMJBNc_7,text,34,[UNKNOWN],True
-MeTTeMJBNc_7,text,35,[UNKNOWN],False
-MeTTeMJBNc_7,text,36,[UNKNOWN],False
-MeTTeMJBNc_7,text,37,[UNKNOWN],False
-MeTTeMJBNc_7,text,38,[UNKNOWN],False
-MeTTeMJBNc_7,text,39,[UNKNOWN],False
-MeTTeMJBNc_7,text,40,[UNKNOWN],False
-MeTTeMJBNc_7,text,41,[UNKNOWN],False
-MeTTeMJBNc_7,text,42,[UNKNOWN],False
-MeTTeMJBNc_7,text,43,[UNKNOWN],False
-MeTTeMJBNc_7,text,44,[UNKNOWN],False
-MeTTeMJBNc_7,text,45,[UNKNOWN],False
-MeTTeMJBNc_7,text,46,[UNKNOWN],False
-MeTTeMJBNc_7,text,47,[UNKNOWN],False
-MeTTeMJBNc_7,text,48,[UNKNOWN],False
-MeTTeMJBNc_7,text,49,[UNKNOWN],False
-NFrJFQijFE_1,text,0,[UNKNOWN],True
-NFrJFQijFE_1,text,1,[UNKNOWN],True
-NFrJFQijFE_1,text,2,[UNKNOWN],True
-NFrJFQijFE_1,text,3,[UNKNOWN],True
-NFrJFQijFE_1,text,4,[UNKNOWN],True
-NFrJFQijFE_1,text,5,[UNKNOWN],True
-NFrJFQijFE_1,text,6,[UNKNOWN],True
-NFrJFQijFE_1,text,7,[UNKNOWN],True
-NFrJFQijFE_1,text,8,[UNKNOWN],True
-NFrJFQijFE_1,text,9,[UNKNOWN],True
-NFrJFQijFE_1,text,10,[UNKNOWN],True
-NFrJFQijFE_1,text,11,[UNKNOWN],True
-NFrJFQijFE_1,text,12,[UNKNOWN],True
-NFrJFQijFE_1,text,13,[UNKNOWN],True
-NFrJFQijFE_1,text,14,[UNKNOWN],True
-NFrJFQijFE_1,text,15,[UNKNOWN],True
-NFrJFQijFE_1,text,16,[UNKNOWN],True
-NFrJFQijFE_1,text,17,[UNKNOWN],True
-NFrJFQijFE_1,text,18,[UNKNOWN],False
-NFrJFQijFE_1,text,19,[UNKNOWN],False
-NFrJFQijFE_1,text,20,[UNKNOWN],False
-NFrJFQijFE_1,text,21,[UNKNOWN],False
-NFrJFQijFE_1,text,22,[UNKNOWN],False
-NFrJFQijFE_1,text,23,[UNKNOWN],False
-NFrJFQijFE_1,text,24,[UNKNOWN],False
-NFrJFQijFE_1,text,25,[UNKNOWN],False
-NFrJFQijFE_1,text,26,[UNKNOWN],False
-NFrJFQijFE_1,text,27,[UNKNOWN],False
-NFrJFQijFE_1,text,28,[UNKNOWN],False
-NFrJFQijFE_1,text,29,[UNKNOWN],False
-NFrJFQijFE_1,text,30,[UNKNOWN],False
-NFrJFQijFE_1,text,31,[UNKNOWN],False
-NFrJFQijFE_1,text,32,[UNKNOWN],False
-NFrJFQijFE_1,text,33,[UNKNOWN],False
-NFrJFQijFE_1,text,34,[UNKNOWN],False
-NFrJFQijFE_1,text,35,[UNKNOWN],False
-NFrJFQijFE_1,text,36,[UNKNOWN],False
-NFrJFQijFE_1,text,37,[UNKNOWN],False
-NFrJFQijFE_1,text,38,[UNKNOWN],False
-NFrJFQijFE_1,text,39,[UNKNOWN],False
-NFrJFQijFE_1,text,40,[UNKNOWN],False
-NFrJFQijFE_1,text,41,[UNKNOWN],False
-NFrJFQijFE_1,text,42,[UNKNOWN],False
-NFrJFQijFE_1,text,43,[UNKNOWN],False
-NFrJFQijFE_1,text,44,[UNKNOWN],False
-NFrJFQijFE_1,text,45,[UNKNOWN],False
-NFrJFQijFE_1,text,46,[UNKNOWN],False
-NFrJFQijFE_1,text,47,[UNKNOWN],False
-NFrJFQijFE_1,text,48,[UNKNOWN],False
-NFrJFQijFE_1,text,49,[UNKNOWN],False
-NFrJFQijFE_2,text,0,[UNKNOWN],True
-NFrJFQijFE_2,text,1,[UNKNOWN],True
-NFrJFQijFE_2,text,2,[UNKNOWN],True
-NFrJFQijFE_2,text,3,[UNKNOWN],True
-NFrJFQijFE_2,text,4,[UNKNOWN],True
-NFrJFQijFE_2,text,5,[UNKNOWN],True
-NFrJFQijFE_2,text,6,[UNKNOWN],True
-NFrJFQijFE_2,text,7,[UNKNOWN],True
-NFrJFQijFE_2,text,8,[UNKNOWN],True
-NFrJFQijFE_2,text,9,[UNKNOWN],True
-NFrJFQijFE_2,text,10,[UNKNOWN],True
-NFrJFQijFE_2,text,11,[UNKNOWN],True
-NFrJFQijFE_2,text,12,[UNKNOWN],True
-NFrJFQijFE_2,text,13,[UNKNOWN],True
-NFrJFQijFE_2,text,14,[UNKNOWN],True
-NFrJFQijFE_2,text,15,[UNKNOWN],True
-NFrJFQijFE_2,text,16,[UNKNOWN],True
-NFrJFQijFE_2,text,17,[UNKNOWN],True
-NFrJFQijFE_2,text,18,[UNKNOWN],True
-NFrJFQijFE_2,text,19,[UNKNOWN],True
-NFrJFQijFE_2,text,20,[UNKNOWN],False
-NFrJFQijFE_2,text,21,[UNKNOWN],False
-NFrJFQijFE_2,text,22,[UNKNOWN],False
-NFrJFQijFE_2,text,23,[UNKNOWN],False
-NFrJFQijFE_2,text,24,[UNKNOWN],False
-NFrJFQijFE_2,text,25,[UNKNOWN],False
-NFrJFQijFE_2,text,26,[UNKNOWN],False
-NFrJFQijFE_2,text,27,[UNKNOWN],False
-NFrJFQijFE_2,text,28,[UNKNOWN],False
-NFrJFQijFE_2,text,29,[UNKNOWN],False
-NFrJFQijFE_2,text,30,[UNKNOWN],False
-NFrJFQijFE_2,text,31,[UNKNOWN],False
-NFrJFQijFE_2,text,32,[UNKNOWN],False
-NFrJFQijFE_2,text,33,[UNKNOWN],False
-NFrJFQijFE_2,text,34,[UNKNOWN],False
-NFrJFQijFE_2,text,35,[UNKNOWN],False
-NFrJFQijFE_2,text,36,[UNKNOWN],False
-NFrJFQijFE_2,text,37,[UNKNOWN],False
-NFrJFQijFE_2,text,38,[UNKNOWN],False
-NFrJFQijFE_2,text,39,[UNKNOWN],False
-NFrJFQijFE_2,text,40,[UNKNOWN],False
-NFrJFQijFE_2,text,41,[UNKNOWN],False
-NFrJFQijFE_2,text,42,[UNKNOWN],False
-NFrJFQijFE_2,text,43,[UNKNOWN],False
-NFrJFQijFE_2,text,44,[UNKNOWN],False
-NFrJFQijFE_2,text,45,[UNKNOWN],False
-NFrJFQijFE_2,text,46,[UNKNOWN],False
-NFrJFQijFE_2,text,47,[UNKNOWN],False
-NFrJFQijFE_2,text,48,[UNKNOWN],False
-NFrJFQijFE_2,text,49,[UNKNOWN],False
-RfYyzHpjk4_11,text,0,[UNKNOWN],True
-RfYyzHpjk4_11,text,1,[UNKNOWN],True
-RfYyzHpjk4_11,text,2,[UNKNOWN],True
-RfYyzHpjk4_11,text,3,[UNKNOWN],True
-RfYyzHpjk4_11,text,4,[UNKNOWN],True
-RfYyzHpjk4_11,text,5,[UNKNOWN],True
-RfYyzHpjk4_11,text,6,[UNKNOWN],True
-RfYyzHpjk4_11,text,7,[UNKNOWN],True
-RfYyzHpjk4_11,text,8,[UNKNOWN],True
-RfYyzHpjk4_11,text,9,[UNKNOWN],True
-RfYyzHpjk4_11,text,10,[UNKNOWN],True
-RfYyzHpjk4_11,text,11,[UNKNOWN],True
-RfYyzHpjk4_11,text,12,[UNKNOWN],True
-RfYyzHpjk4_11,text,13,[UNKNOWN],True
-RfYyzHpjk4_11,text,14,[UNKNOWN],True
-RfYyzHpjk4_11,text,15,[UNKNOWN],True
-RfYyzHpjk4_11,text,16,[UNKNOWN],True
-RfYyzHpjk4_11,text,17,[UNKNOWN],True
-RfYyzHpjk4_11,text,18,[UNKNOWN],True
-RfYyzHpjk4_11,text,19,[UNKNOWN],True
-RfYyzHpjk4_11,text,20,[UNKNOWN],True
-RfYyzHpjk4_11,text,21,[UNKNOWN],False
-RfYyzHpjk4_11,text,22,[UNKNOWN],False
-RfYyzHpjk4_11,text,23,[UNKNOWN],False
-RfYyzHpjk4_11,text,24,[UNKNOWN],False
-RfYyzHpjk4_11,text,25,[UNKNOWN],False
-RfYyzHpjk4_11,text,26,[UNKNOWN],False
-RfYyzHpjk4_11,text,27,[UNKNOWN],False
-RfYyzHpjk4_11,text,28,[UNKNOWN],False
-RfYyzHpjk4_11,text,29,[UNKNOWN],False
-RfYyzHpjk4_11,text,30,[UNKNOWN],False
-RfYyzHpjk4_11,text,31,[UNKNOWN],False
-RfYyzHpjk4_11,text,32,[UNKNOWN],False
-RfYyzHpjk4_11,text,33,[UNKNOWN],False
-RfYyzHpjk4_11,text,34,[UNKNOWN],False
-RfYyzHpjk4_11,text,35,[UNKNOWN],False
-RfYyzHpjk4_11,text,36,[UNKNOWN],False
-RfYyzHpjk4_11,text,37,[UNKNOWN],False
-RfYyzHpjk4_11,text,38,[UNKNOWN],False
-RfYyzHpjk4_11,text,39,[UNKNOWN],False
-RfYyzHpjk4_11,text,40,[UNKNOWN],False
-RfYyzHpjk4_11,text,41,[UNKNOWN],False
-RfYyzHpjk4_11,text,42,[UNKNOWN],False
-RfYyzHpjk4_11,text,43,[UNKNOWN],False
-RfYyzHpjk4_11,text,44,[UNKNOWN],False
-RfYyzHpjk4_11,text,45,[UNKNOWN],False
-RfYyzHpjk4_11,text,46,[UNKNOWN],False
-RfYyzHpjk4_11,text,47,[UNKNOWN],False
-RfYyzHpjk4_11,text,48,[UNKNOWN],False
-RfYyzHpjk4_11,text,49,[UNKNOWN],False
-RfYyzHpjk4_2,text,0,[UNKNOWN],True
-RfYyzHpjk4_2,text,1,[UNKNOWN],True
-RfYyzHpjk4_2,text,2,[UNKNOWN],True
-RfYyzHpjk4_2,text,3,[UNKNOWN],True
-RfYyzHpjk4_2,text,4,[UNKNOWN],True
-RfYyzHpjk4_2,text,5,[UNKNOWN],True
-RfYyzHpjk4_2,text,6,[UNKNOWN],True
-RfYyzHpjk4_2,text,7,[UNKNOWN],True
-RfYyzHpjk4_2,text,8,[UNKNOWN],True
-RfYyzHpjk4_2,text,9,[UNKNOWN],True
-RfYyzHpjk4_2,text,10,[UNKNOWN],True
-RfYyzHpjk4_2,text,11,[UNKNOWN],True
-RfYyzHpjk4_2,text,12,[UNKNOWN],True
-RfYyzHpjk4_2,text,13,[UNKNOWN],True
-RfYyzHpjk4_2,text,14,[UNKNOWN],True
-RfYyzHpjk4_2,text,15,[UNKNOWN],True
-RfYyzHpjk4_2,text,16,[UNKNOWN],True
-RfYyzHpjk4_2,text,17,[UNKNOWN],True
-RfYyzHpjk4_2,text,18,[UNKNOWN],True
-RfYyzHpjk4_2,text,19,[UNKNOWN],True
-RfYyzHpjk4_2,text,20,[UNKNOWN],True
-RfYyzHpjk4_2,text,21,[UNKNOWN],True
-RfYyzHpjk4_2,text,22,[UNKNOWN],True
-RfYyzHpjk4_2,text,23,[UNKNOWN],True
-RfYyzHpjk4_2,text,24,[UNKNOWN],True
-RfYyzHpjk4_2,text,25,[UNKNOWN],True
-RfYyzHpjk4_2,text,26,[UNKNOWN],True
-RfYyzHpjk4_2,text,27,[UNKNOWN],True
-RfYyzHpjk4_2,text,28,[UNKNOWN],True
-RfYyzHpjk4_2,text,29,[UNKNOWN],True
-RfYyzHpjk4_2,text,30,[UNKNOWN],True
-RfYyzHpjk4_2,text,31,[UNKNOWN],False
-RfYyzHpjk4_2,text,32,[UNKNOWN],False
-RfYyzHpjk4_2,text,33,[UNKNOWN],False
-RfYyzHpjk4_2,text,34,[UNKNOWN],False
-RfYyzHpjk4_2,text,35,[UNKNOWN],False
-RfYyzHpjk4_2,text,36,[UNKNOWN],False
-RfYyzHpjk4_2,text,37,[UNKNOWN],False
-RfYyzHpjk4_2,text,38,[UNKNOWN],False
-RfYyzHpjk4_2,text,39,[UNKNOWN],False
-RfYyzHpjk4_2,text,40,[UNKNOWN],False
-RfYyzHpjk4_2,text,41,[UNKNOWN],False
-RfYyzHpjk4_2,text,42,[UNKNOWN],False
-RfYyzHpjk4_2,text,43,[UNKNOWN],False
-RfYyzHpjk4_2,text,44,[UNKNOWN],False
-RfYyzHpjk4_2,text,45,[UNKNOWN],False
-RfYyzHpjk4_2,text,46,[UNKNOWN],False
-RfYyzHpjk4_2,text,47,[UNKNOWN],False
-RfYyzHpjk4_2,text,48,[UNKNOWN],False
-RfYyzHpjk4_2,text,49,[UNKNOWN],False
-RfYyzHpjk4_8,text,0,[UNKNOWN],True
-RfYyzHpjk4_8,text,1,[UNKNOWN],True
-RfYyzHpjk4_8,text,2,[UNKNOWN],True
-RfYyzHpjk4_8,text,3,[UNKNOWN],True
-RfYyzHpjk4_8,text,4,[UNKNOWN],True
-RfYyzHpjk4_8,text,5,[UNKNOWN],True
-RfYyzHpjk4_8,text,6,[UNKNOWN],True
-RfYyzHpjk4_8,text,7,[UNKNOWN],True
-RfYyzHpjk4_8,text,8,[UNKNOWN],True
-RfYyzHpjk4_8,text,9,[UNKNOWN],True
-RfYyzHpjk4_8,text,10,[UNKNOWN],True
-RfYyzHpjk4_8,text,11,[UNKNOWN],True
-RfYyzHpjk4_8,text,12,[UNKNOWN],True
-RfYyzHpjk4_8,text,13,[UNKNOWN],True
-RfYyzHpjk4_8,text,14,[UNKNOWN],True
-RfYyzHpjk4_8,text,15,[UNKNOWN],True
-RfYyzHpjk4_8,text,16,[UNKNOWN],True
-RfYyzHpjk4_8,text,17,[UNKNOWN],True
-RfYyzHpjk4_8,text,18,[UNKNOWN],True
-RfYyzHpjk4_8,text,19,[UNKNOWN],True
-RfYyzHpjk4_8,text,20,[UNKNOWN],True
-RfYyzHpjk4_8,text,21,[UNKNOWN],True
-RfYyzHpjk4_8,text,22,[UNKNOWN],True
-RfYyzHpjk4_8,text,23,[UNKNOWN],False
-RfYyzHpjk4_8,text,24,[UNKNOWN],False
-RfYyzHpjk4_8,text,25,[UNKNOWN],False
-RfYyzHpjk4_8,text,26,[UNKNOWN],False
-RfYyzHpjk4_8,text,27,[UNKNOWN],False
-RfYyzHpjk4_8,text,28,[UNKNOWN],False
-RfYyzHpjk4_8,text,29,[UNKNOWN],False
-RfYyzHpjk4_8,text,30,[UNKNOWN],False
-RfYyzHpjk4_8,text,31,[UNKNOWN],False
-RfYyzHpjk4_8,text,32,[UNKNOWN],False
-RfYyzHpjk4_8,text,33,[UNKNOWN],False
-RfYyzHpjk4_8,text,34,[UNKNOWN],False
-RfYyzHpjk4_8,text,35,[UNKNOWN],False
-RfYyzHpjk4_8,text,36,[UNKNOWN],False
-RfYyzHpjk4_8,text,37,[UNKNOWN],False
-RfYyzHpjk4_8,text,38,[UNKNOWN],False
-RfYyzHpjk4_8,text,39,[UNKNOWN],False
-RfYyzHpjk4_8,text,40,[UNKNOWN],False
-RfYyzHpjk4_8,text,41,[UNKNOWN],False
-RfYyzHpjk4_8,text,42,[UNKNOWN],False
-RfYyzHpjk4_8,text,43,[UNKNOWN],False
-RfYyzHpjk4_8,text,44,[UNKNOWN],False
-RfYyzHpjk4_8,text,45,[UNKNOWN],False
-RfYyzHpjk4_8,text,46,[UNKNOWN],False
-RfYyzHpjk4_8,text,47,[UNKNOWN],False
-RfYyzHpjk4_8,text,48,[UNKNOWN],False
-RfYyzHpjk4_8,text,49,[UNKNOWN],False
-THoVjtIkeU_12,text,0,[UNKNOWN],True
-THoVjtIkeU_12,text,1,[UNKNOWN],True
-THoVjtIkeU_12,text,2,[UNKNOWN],True
-THoVjtIkeU_12,text,3,[UNKNOWN],True
-THoVjtIkeU_12,text,4,[UNKNOWN],True
-THoVjtIkeU_12,text,5,[UNKNOWN],True
-THoVjtIkeU_12,text,6,[UNKNOWN],True
-THoVjtIkeU_12,text,7,[UNKNOWN],True
-THoVjtIkeU_12,text,8,[UNKNOWN],True
-THoVjtIkeU_12,text,9,[UNKNOWN],True
-THoVjtIkeU_12,text,10,[UNKNOWN],True
-THoVjtIkeU_12,text,11,[UNKNOWN],True
-THoVjtIkeU_12,text,12,[UNKNOWN],True
-THoVjtIkeU_12,text,13,[UNKNOWN],True
-THoVjtIkeU_12,text,14,[UNKNOWN],True
-THoVjtIkeU_12,text,15,[UNKNOWN],True
-THoVjtIkeU_12,text,16,[UNKNOWN],True
-THoVjtIkeU_12,text,17,[UNKNOWN],True
-THoVjtIkeU_12,text,18,[UNKNOWN],True
-THoVjtIkeU_12,text,19,[UNKNOWN],True
-THoVjtIkeU_12,text,20,[UNKNOWN],True
-THoVjtIkeU_12,text,21,[UNKNOWN],True
-THoVjtIkeU_12,text,22,[UNKNOWN],True
-THoVjtIkeU_12,text,23,[UNKNOWN],True
-THoVjtIkeU_12,text,24,[UNKNOWN],True
-THoVjtIkeU_12,text,25,[UNKNOWN],True
-THoVjtIkeU_12,text,26,[UNKNOWN],True
-THoVjtIkeU_12,text,27,[UNKNOWN],True
-THoVjtIkeU_12,text,28,[UNKNOWN],True
-THoVjtIkeU_12,text,29,[UNKNOWN],True
-THoVjtIkeU_12,text,30,[UNKNOWN],True
-THoVjtIkeU_12,text,31,[UNKNOWN],True
-THoVjtIkeU_12,text,32,[UNKNOWN],True
-THoVjtIkeU_12,text,33,[UNKNOWN],True
-THoVjtIkeU_12,text,34,[UNKNOWN],True
-THoVjtIkeU_12,text,35,[UNKNOWN],True
-THoVjtIkeU_12,text,36,[UNKNOWN],True
-THoVjtIkeU_12,text,37,[UNKNOWN],True
-THoVjtIkeU_12,text,38,[UNKNOWN],True
-THoVjtIkeU_12,text,39,[UNKNOWN],True
-THoVjtIkeU_12,text,40,[UNKNOWN],True
-THoVjtIkeU_12,text,41,[UNKNOWN],True
-THoVjtIkeU_12,text,42,[UNKNOWN],True
-THoVjtIkeU_12,text,43,[UNKNOWN],True
-THoVjtIkeU_12,text,44,[UNKNOWN],False
-THoVjtIkeU_12,text,45,[UNKNOWN],False
-THoVjtIkeU_12,text,46,[UNKNOWN],False
-THoVjtIkeU_12,text,47,[UNKNOWN],False
-THoVjtIkeU_12,text,48,[UNKNOWN],False
-THoVjtIkeU_12,text,49,[UNKNOWN],False
-THoVjtIkeU_2,text,0,[UNKNOWN],True
-THoVjtIkeU_2,text,1,[UNKNOWN],True
-THoVjtIkeU_2,text,2,[UNKNOWN],True
-THoVjtIkeU_2,text,3,[UNKNOWN],True
-THoVjtIkeU_2,text,4,[UNKNOWN],True
-THoVjtIkeU_2,text,5,[UNKNOWN],True
-THoVjtIkeU_2,text,6,[UNKNOWN],True
-THoVjtIkeU_2,text,7,[UNKNOWN],True
-THoVjtIkeU_2,text,8,[UNKNOWN],True
-THoVjtIkeU_2,text,9,[UNKNOWN],True
-THoVjtIkeU_2,text,10,[UNKNOWN],True
-THoVjtIkeU_2,text,11,[UNKNOWN],True
-THoVjtIkeU_2,text,12,[UNKNOWN],True
-THoVjtIkeU_2,text,13,[UNKNOWN],False
-THoVjtIkeU_2,text,14,[UNKNOWN],False
-THoVjtIkeU_2,text,15,[UNKNOWN],False
-THoVjtIkeU_2,text,16,[UNKNOWN],False
-THoVjtIkeU_2,text,17,[UNKNOWN],False
-THoVjtIkeU_2,text,18,[UNKNOWN],False
-THoVjtIkeU_2,text,19,[UNKNOWN],False
-THoVjtIkeU_2,text,20,[UNKNOWN],False
-THoVjtIkeU_2,text,21,[UNKNOWN],False
-THoVjtIkeU_2,text,22,[UNKNOWN],False
-THoVjtIkeU_2,text,23,[UNKNOWN],False
-THoVjtIkeU_2,text,24,[UNKNOWN],False
-THoVjtIkeU_2,text,25,[UNKNOWN],False
-THoVjtIkeU_2,text,26,[UNKNOWN],False
-THoVjtIkeU_2,text,27,[UNKNOWN],False
-THoVjtIkeU_2,text,28,[UNKNOWN],False
-THoVjtIkeU_2,text,29,[UNKNOWN],False
-THoVjtIkeU_2,text,30,[UNKNOWN],False
-THoVjtIkeU_2,text,31,[UNKNOWN],False
-THoVjtIkeU_2,text,32,[UNKNOWN],False
-THoVjtIkeU_2,text,33,[UNKNOWN],False
-THoVjtIkeU_2,text,34,[UNKNOWN],False
-THoVjtIkeU_2,text,35,[UNKNOWN],False
-THoVjtIkeU_2,text,36,[UNKNOWN],False
-THoVjtIkeU_2,text,37,[UNKNOWN],False
-THoVjtIkeU_2,text,38,[UNKNOWN],False
-THoVjtIkeU_2,text,39,[UNKNOWN],False
-THoVjtIkeU_2,text,40,[UNKNOWN],False
-THoVjtIkeU_2,text,41,[UNKNOWN],False
-THoVjtIkeU_2,text,42,[UNKNOWN],False
-THoVjtIkeU_2,text,43,[UNKNOWN],False
-THoVjtIkeU_2,text,44,[UNKNOWN],False
-THoVjtIkeU_2,text,45,[UNKNOWN],False
-THoVjtIkeU_2,text,46,[UNKNOWN],False
-THoVjtIkeU_2,text,47,[UNKNOWN],False
-THoVjtIkeU_2,text,48,[UNKNOWN],False
-THoVjtIkeU_2,text,49,[UNKNOWN],False
-THoVjtIkeU_6,text,0,[UNKNOWN],True
-THoVjtIkeU_6,text,1,[UNKNOWN],True
-THoVjtIkeU_6,text,2,[UNKNOWN],True
-THoVjtIkeU_6,text,3,[UNKNOWN],True
-THoVjtIkeU_6,text,4,[UNKNOWN],True
-THoVjtIkeU_6,text,5,[UNKNOWN],True
-THoVjtIkeU_6,text,6,[UNKNOWN],True
-THoVjtIkeU_6,text,7,[UNKNOWN],True
-THoVjtIkeU_6,text,8,[UNKNOWN],True
-THoVjtIkeU_6,text,9,[UNKNOWN],True
-THoVjtIkeU_6,text,10,[UNKNOWN],True
-THoVjtIkeU_6,text,11,[UNKNOWN],True
-THoVjtIkeU_6,text,12,[UNKNOWN],True
-THoVjtIkeU_6,text,13,[UNKNOWN],True
-THoVjtIkeU_6,text,14,[UNKNOWN],True
-THoVjtIkeU_6,text,15,[UNKNOWN],True
-THoVjtIkeU_6,text,16,[UNKNOWN],True
-THoVjtIkeU_6,text,17,[UNKNOWN],True
-THoVjtIkeU_6,text,18,[UNKNOWN],True
-THoVjtIkeU_6,text,19,[UNKNOWN],True
-THoVjtIkeU_6,text,20,[UNKNOWN],True
-THoVjtIkeU_6,text,21,[UNKNOWN],True
-THoVjtIkeU_6,text,22,[UNKNOWN],True
-THoVjtIkeU_6,text,23,[UNKNOWN],True
-THoVjtIkeU_6,text,24,[UNKNOWN],True
-THoVjtIkeU_6,text,25,[UNKNOWN],True
-THoVjtIkeU_6,text,26,[UNKNOWN],True
-THoVjtIkeU_6,text,27,[UNKNOWN],True
-THoVjtIkeU_6,text,28,[UNKNOWN],True
-THoVjtIkeU_6,text,29,[UNKNOWN],True
-THoVjtIkeU_6,text,30,[UNKNOWN],True
-THoVjtIkeU_6,text,31,[UNKNOWN],True
-THoVjtIkeU_6,text,32,[UNKNOWN],True
-THoVjtIkeU_6,text,33,[UNKNOWN],True
-THoVjtIkeU_6,text,34,[UNKNOWN],False
-THoVjtIkeU_6,text,35,[UNKNOWN],False
-THoVjtIkeU_6,text,36,[UNKNOWN],False
-THoVjtIkeU_6,text,37,[UNKNOWN],False
-THoVjtIkeU_6,text,38,[UNKNOWN],False
-THoVjtIkeU_6,text,39,[UNKNOWN],False
-THoVjtIkeU_6,text,40,[UNKNOWN],False
-THoVjtIkeU_6,text,41,[UNKNOWN],False
-THoVjtIkeU_6,text,42,[UNKNOWN],False
-THoVjtIkeU_6,text,43,[UNKNOWN],False
-THoVjtIkeU_6,text,44,[UNKNOWN],False
-THoVjtIkeU_6,text,45,[UNKNOWN],False
-THoVjtIkeU_6,text,46,[UNKNOWN],False
-THoVjtIkeU_6,text,47,[UNKNOWN],False
-THoVjtIkeU_6,text,48,[UNKNOWN],False
-THoVjtIkeU_6,text,49,[UNKNOWN],False
-UUCSKoHeMA_0,text,0,[UNKNOWN],True
-UUCSKoHeMA_0,text,1,[UNKNOWN],True
-UUCSKoHeMA_0,text,2,[UNKNOWN],True
-UUCSKoHeMA_0,text,3,[UNKNOWN],True
-UUCSKoHeMA_0,text,4,[UNKNOWN],True
-UUCSKoHeMA_0,text,5,[UNKNOWN],True
-UUCSKoHeMA_0,text,6,[UNKNOWN],True
-UUCSKoHeMA_0,text,7,[UNKNOWN],True
-UUCSKoHeMA_0,text,8,[UNKNOWN],True
-UUCSKoHeMA_0,text,9,[UNKNOWN],True
-UUCSKoHeMA_0,text,10,[UNKNOWN],True
-UUCSKoHeMA_0,text,11,[UNKNOWN],True
-UUCSKoHeMA_0,text,12,[UNKNOWN],True
-UUCSKoHeMA_0,text,13,[UNKNOWN],True
-UUCSKoHeMA_0,text,14,[UNKNOWN],True
-UUCSKoHeMA_0,text,15,[UNKNOWN],True
-UUCSKoHeMA_0,text,16,[UNKNOWN],True
-UUCSKoHeMA_0,text,17,[UNKNOWN],True
-UUCSKoHeMA_0,text,18,[UNKNOWN],True
-UUCSKoHeMA_0,text,19,[UNKNOWN],True
-UUCSKoHeMA_0,text,20,[UNKNOWN],True
-UUCSKoHeMA_0,text,21,[UNKNOWN],True
-UUCSKoHeMA_0,text,22,[UNKNOWN],True
-UUCSKoHeMA_0,text,23,[UNKNOWN],True
-UUCSKoHeMA_0,text,24,[UNKNOWN],True
-UUCSKoHeMA_0,text,25,[UNKNOWN],False
-UUCSKoHeMA_0,text,26,[UNKNOWN],False
-UUCSKoHeMA_0,text,27,[UNKNOWN],False
-UUCSKoHeMA_0,text,28,[UNKNOWN],False
-UUCSKoHeMA_0,text,29,[UNKNOWN],False
-UUCSKoHeMA_0,text,30,[UNKNOWN],False
-UUCSKoHeMA_0,text,31,[UNKNOWN],False
-UUCSKoHeMA_0,text,32,[UNKNOWN],False
-UUCSKoHeMA_0,text,33,[UNKNOWN],False
-UUCSKoHeMA_0,text,34,[UNKNOWN],False
-UUCSKoHeMA_0,text,35,[UNKNOWN],False
-UUCSKoHeMA_0,text,36,[UNKNOWN],False
-UUCSKoHeMA_0,text,37,[UNKNOWN],False
-UUCSKoHeMA_0,text,38,[UNKNOWN],False
-UUCSKoHeMA_0,text,39,[UNKNOWN],False
-UUCSKoHeMA_0,text,40,[UNKNOWN],False
-UUCSKoHeMA_0,text,41,[UNKNOWN],False
-UUCSKoHeMA_0,text,42,[UNKNOWN],False
-UUCSKoHeMA_0,text,43,[UNKNOWN],False
-UUCSKoHeMA_0,text,44,[UNKNOWN],False
-UUCSKoHeMA_0,text,45,[UNKNOWN],False
-UUCSKoHeMA_0,text,46,[UNKNOWN],False
-UUCSKoHeMA_0,text,47,[UNKNOWN],False
-UUCSKoHeMA_0,text,48,[UNKNOWN],False
-UUCSKoHeMA_0,text,49,[UNKNOWN],False
-UacrmKiTn4_10,text,0,[UNKNOWN],True
-UacrmKiTn4_10,text,1,[UNKNOWN],True
-UacrmKiTn4_10,text,2,[UNKNOWN],True
-UacrmKiTn4_10,text,3,[UNKNOWN],True
-UacrmKiTn4_10,text,4,[UNKNOWN],True
-UacrmKiTn4_10,text,5,[UNKNOWN],True
-UacrmKiTn4_10,text,6,[UNKNOWN],True
-UacrmKiTn4_10,text,7,[UNKNOWN],True
-UacrmKiTn4_10,text,8,[UNKNOWN],True
-UacrmKiTn4_10,text,9,[UNKNOWN],True
-UacrmKiTn4_10,text,10,[UNKNOWN],True
-UacrmKiTn4_10,text,11,[UNKNOWN],True
-UacrmKiTn4_10,text,12,[UNKNOWN],True
-UacrmKiTn4_10,text,13,[UNKNOWN],True
-UacrmKiTn4_10,text,14,[UNKNOWN],True
-UacrmKiTn4_10,text,15,[UNKNOWN],True
-UacrmKiTn4_10,text,16,[UNKNOWN],True
-UacrmKiTn4_10,text,17,[UNKNOWN],True
-UacrmKiTn4_10,text,18,[UNKNOWN],True
-UacrmKiTn4_10,text,19,[UNKNOWN],True
-UacrmKiTn4_10,text,20,[UNKNOWN],True
-UacrmKiTn4_10,text,21,[UNKNOWN],True
-UacrmKiTn4_10,text,22,[UNKNOWN],True
-UacrmKiTn4_10,text,23,[UNKNOWN],True
-UacrmKiTn4_10,text,24,[UNKNOWN],False
-UacrmKiTn4_10,text,25,[UNKNOWN],False
-UacrmKiTn4_10,text,26,[UNKNOWN],False
-UacrmKiTn4_10,text,27,[UNKNOWN],False
-UacrmKiTn4_10,text,28,[UNKNOWN],False
-UacrmKiTn4_10,text,29,[UNKNOWN],False
-UacrmKiTn4_10,text,30,[UNKNOWN],False
-UacrmKiTn4_10,text,31,[UNKNOWN],False
-UacrmKiTn4_10,text,32,[UNKNOWN],False
-UacrmKiTn4_10,text,33,[UNKNOWN],False
-UacrmKiTn4_10,text,34,[UNKNOWN],False
-UacrmKiTn4_10,text,35,[UNKNOWN],False
-UacrmKiTn4_10,text,36,[UNKNOWN],False
-UacrmKiTn4_10,text,37,[UNKNOWN],False
-UacrmKiTn4_10,text,38,[UNKNOWN],False
-UacrmKiTn4_10,text,39,[UNKNOWN],False
-UacrmKiTn4_10,text,40,[UNKNOWN],False
-UacrmKiTn4_10,text,41,[UNKNOWN],False
-UacrmKiTn4_10,text,42,[UNKNOWN],False
-UacrmKiTn4_10,text,43,[UNKNOWN],False
-UacrmKiTn4_10,text,44,[UNKNOWN],False
-UacrmKiTn4_10,text,45,[UNKNOWN],False
-UacrmKiTn4_10,text,46,[UNKNOWN],False
-UacrmKiTn4_10,text,47,[UNKNOWN],False
-UacrmKiTn4_10,text,48,[UNKNOWN],False
-UacrmKiTn4_10,text,49,[UNKNOWN],False
-UacrmKiTn4_4,text,0,[UNKNOWN],True
-UacrmKiTn4_4,text,1,[UNKNOWN],True
-UacrmKiTn4_4,text,2,[UNKNOWN],True
-UacrmKiTn4_4,text,3,[UNKNOWN],True
-UacrmKiTn4_4,text,4,[UNKNOWN],True
-UacrmKiTn4_4,text,5,[UNKNOWN],True
-UacrmKiTn4_4,text,6,[UNKNOWN],True
-UacrmKiTn4_4,text,7,[UNKNOWN],True
-UacrmKiTn4_4,text,8,[UNKNOWN],True
-UacrmKiTn4_4,text,9,[UNKNOWN],True
-UacrmKiTn4_4,text,10,[UNKNOWN],True
-UacrmKiTn4_4,text,11,[UNKNOWN],True
-UacrmKiTn4_4,text,12,[UNKNOWN],True
-UacrmKiTn4_4,text,13,[UNKNOWN],True
-UacrmKiTn4_4,text,14,[UNKNOWN],True
-UacrmKiTn4_4,text,15,[UNKNOWN],True
-UacrmKiTn4_4,text,16,[UNKNOWN],True
-UacrmKiTn4_4,text,17,[UNKNOWN],False
-UacrmKiTn4_4,text,18,[UNKNOWN],False
-UacrmKiTn4_4,text,19,[UNKNOWN],False
-UacrmKiTn4_4,text,20,[UNKNOWN],False
-UacrmKiTn4_4,text,21,[UNKNOWN],False
-UacrmKiTn4_4,text,22,[UNKNOWN],False
-UacrmKiTn4_4,text,23,[UNKNOWN],False
-UacrmKiTn4_4,text,24,[UNKNOWN],False
-UacrmKiTn4_4,text,25,[UNKNOWN],False
-UacrmKiTn4_4,text,26,[UNKNOWN],False
-UacrmKiTn4_4,text,27,[UNKNOWN],False
-UacrmKiTn4_4,text,28,[UNKNOWN],False
-UacrmKiTn4_4,text,29,[UNKNOWN],False
-UacrmKiTn4_4,text,30,[UNKNOWN],False
-UacrmKiTn4_4,text,31,[UNKNOWN],False
-UacrmKiTn4_4,text,32,[UNKNOWN],False
-UacrmKiTn4_4,text,33,[UNKNOWN],False
-UacrmKiTn4_4,text,34,[UNKNOWN],False
-UacrmKiTn4_4,text,35,[UNKNOWN],False
-UacrmKiTn4_4,text,36,[UNKNOWN],False
-UacrmKiTn4_4,text,37,[UNKNOWN],False
-UacrmKiTn4_4,text,38,[UNKNOWN],False
-UacrmKiTn4_4,text,39,[UNKNOWN],False
-UacrmKiTn4_4,text,40,[UNKNOWN],False
-UacrmKiTn4_4,text,41,[UNKNOWN],False
-UacrmKiTn4_4,text,42,[UNKNOWN],False
-UacrmKiTn4_4,text,43,[UNKNOWN],False
-UacrmKiTn4_4,text,44,[UNKNOWN],False
-UacrmKiTn4_4,text,45,[UNKNOWN],False
-UacrmKiTn4_4,text,46,[UNKNOWN],False
-UacrmKiTn4_4,text,47,[UNKNOWN],False
-UacrmKiTn4_4,text,48,[UNKNOWN],False
-UacrmKiTn4_4,text,49,[UNKNOWN],False
-UuX1xuaiiE_0,text,0,[UNKNOWN],True
-UuX1xuaiiE_0,text,1,[UNKNOWN],True
-UuX1xuaiiE_0,text,2,[UNKNOWN],True
-UuX1xuaiiE_0,text,3,[UNKNOWN],True
-UuX1xuaiiE_0,text,4,[UNKNOWN],True
-UuX1xuaiiE_0,text,5,[UNKNOWN],True
-UuX1xuaiiE_0,text,6,[UNKNOWN],True
-UuX1xuaiiE_0,text,7,[UNKNOWN],True
-UuX1xuaiiE_0,text,8,[UNKNOWN],True
-UuX1xuaiiE_0,text,9,[UNKNOWN],True
-UuX1xuaiiE_0,text,10,[UNKNOWN],True
-UuX1xuaiiE_0,text,11,[UNKNOWN],True
-UuX1xuaiiE_0,text,12,[UNKNOWN],True
-UuX1xuaiiE_0,text,13,[UNKNOWN],True
-UuX1xuaiiE_0,text,14,[UNKNOWN],False
-UuX1xuaiiE_0,text,15,[UNKNOWN],False
-UuX1xuaiiE_0,text,16,[UNKNOWN],False
-UuX1xuaiiE_0,text,17,[UNKNOWN],False
-UuX1xuaiiE_0,text,18,[UNKNOWN],False
-UuX1xuaiiE_0,text,19,[UNKNOWN],False
-UuX1xuaiiE_0,text,20,[UNKNOWN],False
-UuX1xuaiiE_0,text,21,[UNKNOWN],False
-UuX1xuaiiE_0,text,22,[UNKNOWN],False
-UuX1xuaiiE_0,text,23,[UNKNOWN],False
-UuX1xuaiiE_0,text,24,[UNKNOWN],False
-UuX1xuaiiE_0,text,25,[UNKNOWN],False
-UuX1xuaiiE_0,text,26,[UNKNOWN],False
-UuX1xuaiiE_0,text,27,[UNKNOWN],False
-UuX1xuaiiE_0,text,28,[UNKNOWN],False
-UuX1xuaiiE_0,text,29,[UNKNOWN],False
-UuX1xuaiiE_0,text,30,[UNKNOWN],False
-UuX1xuaiiE_0,text,31,[UNKNOWN],False
-UuX1xuaiiE_0,text,32,[UNKNOWN],False
-UuX1xuaiiE_0,text,33,[UNKNOWN],False
-UuX1xuaiiE_0,text,34,[UNKNOWN],False
-UuX1xuaiiE_0,text,35,[UNKNOWN],False
-UuX1xuaiiE_0,text,36,[UNKNOWN],False
-UuX1xuaiiE_0,text,37,[UNKNOWN],False
-UuX1xuaiiE_0,text,38,[UNKNOWN],False
-UuX1xuaiiE_0,text,39,[UNKNOWN],False
-UuX1xuaiiE_0,text,40,[UNKNOWN],False
-UuX1xuaiiE_0,text,41,[UNKNOWN],False
-UuX1xuaiiE_0,text,42,[UNKNOWN],False
-UuX1xuaiiE_0,text,43,[UNKNOWN],False
-UuX1xuaiiE_0,text,44,[UNKNOWN],False
-UuX1xuaiiE_0,text,45,[UNKNOWN],False
-UuX1xuaiiE_0,text,46,[UNKNOWN],False
-UuX1xuaiiE_0,text,47,[UNKNOWN],False
-UuX1xuaiiE_0,text,48,[UNKNOWN],False
-UuX1xuaiiE_0,text,49,[UNKNOWN],False
-UuX1xuaiiE_1,text,0,[UNKNOWN],True
-UuX1xuaiiE_1,text,1,[UNKNOWN],True
-UuX1xuaiiE_1,text,2,[UNKNOWN],True
-UuX1xuaiiE_1,text,3,[UNKNOWN],True
-UuX1xuaiiE_1,text,4,[UNKNOWN],True
-UuX1xuaiiE_1,text,5,[UNKNOWN],True
-UuX1xuaiiE_1,text,6,[UNKNOWN],True
-UuX1xuaiiE_1,text,7,[UNKNOWN],True
-UuX1xuaiiE_1,text,8,[UNKNOWN],True
-UuX1xuaiiE_1,text,9,[UNKNOWN],True
-UuX1xuaiiE_1,text,10,[UNKNOWN],True
-UuX1xuaiiE_1,text,11,[UNKNOWN],True
-UuX1xuaiiE_1,text,12,[UNKNOWN],True
-UuX1xuaiiE_1,text,13,[UNKNOWN],True
-UuX1xuaiiE_1,text,14,[UNKNOWN],True
-UuX1xuaiiE_1,text,15,[UNKNOWN],True
-UuX1xuaiiE_1,text,16,[UNKNOWN],True
-UuX1xuaiiE_1,text,17,[UNKNOWN],True
-UuX1xuaiiE_1,text,18,[UNKNOWN],True
-UuX1xuaiiE_1,text,19,[UNKNOWN],True
-UuX1xuaiiE_1,text,20,[UNKNOWN],True
-UuX1xuaiiE_1,text,21,[UNKNOWN],True
-UuX1xuaiiE_1,text,22,[UNKNOWN],True
-UuX1xuaiiE_1,text,23,[UNKNOWN],True
-UuX1xuaiiE_1,text,24,[UNKNOWN],True
-UuX1xuaiiE_1,text,25,[UNKNOWN],True
-UuX1xuaiiE_1,text,26,[UNKNOWN],True
-UuX1xuaiiE_1,text,27,[UNKNOWN],True
-UuX1xuaiiE_1,text,28,[UNKNOWN],True
-UuX1xuaiiE_1,text,29,[UNKNOWN],True
-UuX1xuaiiE_1,text,30,[UNKNOWN],True
-UuX1xuaiiE_1,text,31,[UNKNOWN],True
-UuX1xuaiiE_1,text,32,[UNKNOWN],True
-UuX1xuaiiE_1,text,33,[UNKNOWN],True
-UuX1xuaiiE_1,text,34,[UNKNOWN],True
-UuX1xuaiiE_1,text,35,[UNKNOWN],False
-UuX1xuaiiE_1,text,36,[UNKNOWN],False
-UuX1xuaiiE_1,text,37,[UNKNOWN],False
-UuX1xuaiiE_1,text,38,[UNKNOWN],False
-UuX1xuaiiE_1,text,39,[UNKNOWN],False
-UuX1xuaiiE_1,text,40,[UNKNOWN],False
-UuX1xuaiiE_1,text,41,[UNKNOWN],False
-UuX1xuaiiE_1,text,42,[UNKNOWN],False
-UuX1xuaiiE_1,text,43,[UNKNOWN],False
-UuX1xuaiiE_1,text,44,[UNKNOWN],False
-UuX1xuaiiE_1,text,45,[UNKNOWN],False
-UuX1xuaiiE_1,text,46,[UNKNOWN],False
-UuX1xuaiiE_1,text,47,[UNKNOWN],False
-UuX1xuaiiE_1,text,48,[UNKNOWN],False
-UuX1xuaiiE_1,text,49,[UNKNOWN],False
-UuX1xuaiiE_3,text,0,[UNKNOWN],True
-UuX1xuaiiE_3,text,1,[UNKNOWN],True
-UuX1xuaiiE_3,text,2,[UNKNOWN],True
-UuX1xuaiiE_3,text,3,[UNKNOWN],True
-UuX1xuaiiE_3,text,4,[UNKNOWN],True
-UuX1xuaiiE_3,text,5,[UNKNOWN],True
-UuX1xuaiiE_3,text,6,[UNKNOWN],True
-UuX1xuaiiE_3,text,7,[UNKNOWN],True
-UuX1xuaiiE_3,text,8,[UNKNOWN],True
-UuX1xuaiiE_3,text,9,[UNKNOWN],True
-UuX1xuaiiE_3,text,10,[UNKNOWN],True
-UuX1xuaiiE_3,text,11,[UNKNOWN],False
-UuX1xuaiiE_3,text,12,[UNKNOWN],False
-UuX1xuaiiE_3,text,13,[UNKNOWN],False
-UuX1xuaiiE_3,text,14,[UNKNOWN],False
-UuX1xuaiiE_3,text,15,[UNKNOWN],False
-UuX1xuaiiE_3,text,16,[UNKNOWN],False
-UuX1xuaiiE_3,text,17,[UNKNOWN],False
-UuX1xuaiiE_3,text,18,[UNKNOWN],False
-UuX1xuaiiE_3,text,19,[UNKNOWN],False
-UuX1xuaiiE_3,text,20,[UNKNOWN],False
-UuX1xuaiiE_3,text,21,[UNKNOWN],False
-UuX1xuaiiE_3,text,22,[UNKNOWN],False
-UuX1xuaiiE_3,text,23,[UNKNOWN],False
-UuX1xuaiiE_3,text,24,[UNKNOWN],False
-UuX1xuaiiE_3,text,25,[UNKNOWN],False
-UuX1xuaiiE_3,text,26,[UNKNOWN],False
-UuX1xuaiiE_3,text,27,[UNKNOWN],False
-UuX1xuaiiE_3,text,28,[UNKNOWN],False
-UuX1xuaiiE_3,text,29,[UNKNOWN],False
-UuX1xuaiiE_3,text,30,[UNKNOWN],False
-UuX1xuaiiE_3,text,31,[UNKNOWN],False
-UuX1xuaiiE_3,text,32,[UNKNOWN],False
-UuX1xuaiiE_3,text,33,[UNKNOWN],False
-UuX1xuaiiE_3,text,34,[UNKNOWN],False
-UuX1xuaiiE_3,text,35,[UNKNOWN],False
-UuX1xuaiiE_3,text,36,[UNKNOWN],False
-UuX1xuaiiE_3,text,37,[UNKNOWN],False
-UuX1xuaiiE_3,text,38,[UNKNOWN],False
-UuX1xuaiiE_3,text,39,[UNKNOWN],False
-UuX1xuaiiE_3,text,40,[UNKNOWN],False
-UuX1xuaiiE_3,text,41,[UNKNOWN],False
-UuX1xuaiiE_3,text,42,[UNKNOWN],False
-UuX1xuaiiE_3,text,43,[UNKNOWN],False
-UuX1xuaiiE_3,text,44,[UNKNOWN],False
-UuX1xuaiiE_3,text,45,[UNKNOWN],False
-UuX1xuaiiE_3,text,46,[UNKNOWN],False
-UuX1xuaiiE_3,text,47,[UNKNOWN],False
-UuX1xuaiiE_3,text,48,[UNKNOWN],False
-UuX1xuaiiE_3,text,49,[UNKNOWN],False
-UuX1xuaiiE_6,text,0,[UNKNOWN],True
-UuX1xuaiiE_6,text,1,[UNKNOWN],True
-UuX1xuaiiE_6,text,2,[UNKNOWN],True
-UuX1xuaiiE_6,text,3,[UNKNOWN],True
-UuX1xuaiiE_6,text,4,[UNKNOWN],True
-UuX1xuaiiE_6,text,5,[UNKNOWN],True
-UuX1xuaiiE_6,text,6,[UNKNOWN],True
-UuX1xuaiiE_6,text,7,[UNKNOWN],True
-UuX1xuaiiE_6,text,8,[UNKNOWN],True
-UuX1xuaiiE_6,text,9,[UNKNOWN],True
-UuX1xuaiiE_6,text,10,[UNKNOWN],True
-UuX1xuaiiE_6,text,11,[UNKNOWN],True
-UuX1xuaiiE_6,text,12,[UNKNOWN],True
-UuX1xuaiiE_6,text,13,[UNKNOWN],True
-UuX1xuaiiE_6,text,14,[UNKNOWN],True
-UuX1xuaiiE_6,text,15,[UNKNOWN],True
-UuX1xuaiiE_6,text,16,[UNKNOWN],True
-UuX1xuaiiE_6,text,17,[UNKNOWN],True
-UuX1xuaiiE_6,text,18,[UNKNOWN],True
-UuX1xuaiiE_6,text,19,[UNKNOWN],True
-UuX1xuaiiE_6,text,20,[UNKNOWN],True
-UuX1xuaiiE_6,text,21,[UNKNOWN],True
-UuX1xuaiiE_6,text,22,[UNKNOWN],True
-UuX1xuaiiE_6,text,23,[UNKNOWN],True
-UuX1xuaiiE_6,text,24,[UNKNOWN],True
-UuX1xuaiiE_6,text,25,[UNKNOWN],False
-UuX1xuaiiE_6,text,26,[UNKNOWN],False
-UuX1xuaiiE_6,text,27,[UNKNOWN],False
-UuX1xuaiiE_6,text,28,[UNKNOWN],False
-UuX1xuaiiE_6,text,29,[UNKNOWN],False
-UuX1xuaiiE_6,text,30,[UNKNOWN],False
-UuX1xuaiiE_6,text,31,[UNKNOWN],False
-UuX1xuaiiE_6,text,32,[UNKNOWN],False
-UuX1xuaiiE_6,text,33,[UNKNOWN],False
-UuX1xuaiiE_6,text,34,[UNKNOWN],False
-UuX1xuaiiE_6,text,35,[UNKNOWN],False
-UuX1xuaiiE_6,text,36,[UNKNOWN],False
-UuX1xuaiiE_6,text,37,[UNKNOWN],False
-UuX1xuaiiE_6,text,38,[UNKNOWN],False
-UuX1xuaiiE_6,text,39,[UNKNOWN],False
-UuX1xuaiiE_6,text,40,[UNKNOWN],False
-UuX1xuaiiE_6,text,41,[UNKNOWN],False
-UuX1xuaiiE_6,text,42,[UNKNOWN],False
-UuX1xuaiiE_6,text,43,[UNKNOWN],False
-UuX1xuaiiE_6,text,44,[UNKNOWN],False
-UuX1xuaiiE_6,text,45,[UNKNOWN],False
-UuX1xuaiiE_6,text,46,[UNKNOWN],False
-UuX1xuaiiE_6,text,47,[UNKNOWN],False
-UuX1xuaiiE_6,text,48,[UNKNOWN],False
-UuX1xuaiiE_6,text,49,[UNKNOWN],False
-a55Q6RWvTA_3,text,0,[UNKNOWN],True
-a55Q6RWvTA_3,text,1,[UNKNOWN],True
-a55Q6RWvTA_3,text,2,[UNKNOWN],True
-a55Q6RWvTA_3,text,3,[UNKNOWN],True
-a55Q6RWvTA_3,text,4,[UNKNOWN],True
-a55Q6RWvTA_3,text,5,[UNKNOWN],True
-a55Q6RWvTA_3,text,6,[UNKNOWN],True
-a55Q6RWvTA_3,text,7,[UNKNOWN],True
-a55Q6RWvTA_3,text,8,[UNKNOWN],True
-a55Q6RWvTA_3,text,9,[UNKNOWN],True
-a55Q6RWvTA_3,text,10,[UNKNOWN],True
-a55Q6RWvTA_3,text,11,[UNKNOWN],True
-a55Q6RWvTA_3,text,12,[UNKNOWN],True
-a55Q6RWvTA_3,text,13,[UNKNOWN],True
-a55Q6RWvTA_3,text,14,[UNKNOWN],True
-a55Q6RWvTA_3,text,15,[UNKNOWN],True
-a55Q6RWvTA_3,text,16,[UNKNOWN],True
-a55Q6RWvTA_3,text,17,[UNKNOWN],True
-a55Q6RWvTA_3,text,18,[UNKNOWN],True
-a55Q6RWvTA_3,text,19,[UNKNOWN],True
-a55Q6RWvTA_3,text,20,[UNKNOWN],True
-a55Q6RWvTA_3,text,21,[UNKNOWN],True
-a55Q6RWvTA_3,text,22,[UNKNOWN],True
-a55Q6RWvTA_3,text,23,[UNKNOWN],True
-a55Q6RWvTA_3,text,24,[UNKNOWN],True
-a55Q6RWvTA_3,text,25,[UNKNOWN],True
-a55Q6RWvTA_3,text,26,[UNKNOWN],True
-a55Q6RWvTA_3,text,27,[UNKNOWN],True
-a55Q6RWvTA_3,text,28,[UNKNOWN],True
-a55Q6RWvTA_3,text,29,[UNKNOWN],True
-a55Q6RWvTA_3,text,30,[UNKNOWN],True
-a55Q6RWvTA_3,text,31,[UNKNOWN],True
-a55Q6RWvTA_3,text,32,[UNKNOWN],True
-a55Q6RWvTA_3,text,33,[UNKNOWN],True
-a55Q6RWvTA_3,text,34,[UNKNOWN],True
-a55Q6RWvTA_3,text,35,[UNKNOWN],True
-a55Q6RWvTA_3,text,36,[UNKNOWN],True
-a55Q6RWvTA_3,text,37,[UNKNOWN],True
-a55Q6RWvTA_3,text,38,[UNKNOWN],True
-a55Q6RWvTA_3,text,39,[UNKNOWN],True
-a55Q6RWvTA_3,text,40,[UNKNOWN],True
-a55Q6RWvTA_3,text,41,[UNKNOWN],True
-a55Q6RWvTA_3,text,42,[UNKNOWN],True
-a55Q6RWvTA_3,text,43,[UNKNOWN],True
-a55Q6RWvTA_3,text,44,[UNKNOWN],True
-a55Q6RWvTA_3,text,45,[UNKNOWN],True
-a55Q6RWvTA_3,text,46,[UNKNOWN],True
-a55Q6RWvTA_3,text,47,[UNKNOWN],True
-a55Q6RWvTA_3,text,48,[UNKNOWN],True
-a55Q6RWvTA_3,text,49,[UNKNOWN],True
-aNfi7CP8vM_7,text,0,[UNKNOWN],True
-aNfi7CP8vM_7,text,1,[UNKNOWN],True
-aNfi7CP8vM_7,text,2,[UNKNOWN],True
-aNfi7CP8vM_7,text,3,[UNKNOWN],True
-aNfi7CP8vM_7,text,4,[UNKNOWN],True
-aNfi7CP8vM_7,text,5,[UNKNOWN],True
-aNfi7CP8vM_7,text,6,[UNKNOWN],True
-aNfi7CP8vM_7,text,7,[UNKNOWN],True
-aNfi7CP8vM_7,text,8,[UNKNOWN],True
-aNfi7CP8vM_7,text,9,[UNKNOWN],True
-aNfi7CP8vM_7,text,10,[UNKNOWN],True
-aNfi7CP8vM_7,text,11,[UNKNOWN],True
-aNfi7CP8vM_7,text,12,[UNKNOWN],True
-aNfi7CP8vM_7,text,13,[UNKNOWN],True
-aNfi7CP8vM_7,text,14,[UNKNOWN],True
-aNfi7CP8vM_7,text,15,[UNKNOWN],True
-aNfi7CP8vM_7,text,16,[UNKNOWN],True
-aNfi7CP8vM_7,text,17,[UNKNOWN],True
-aNfi7CP8vM_7,text,18,[UNKNOWN],True
-aNfi7CP8vM_7,text,19,[UNKNOWN],True
-aNfi7CP8vM_7,text,20,[UNKNOWN],True
-aNfi7CP8vM_7,text,21,[UNKNOWN],True
-aNfi7CP8vM_7,text,22,[UNKNOWN],True
-aNfi7CP8vM_7,text,23,[UNKNOWN],True
-aNfi7CP8vM_7,text,24,[UNKNOWN],True
-aNfi7CP8vM_7,text,25,[UNKNOWN],False
-aNfi7CP8vM_7,text,26,[UNKNOWN],False
-aNfi7CP8vM_7,text,27,[UNKNOWN],False
-aNfi7CP8vM_7,text,28,[UNKNOWN],False
-aNfi7CP8vM_7,text,29,[UNKNOWN],False
-aNfi7CP8vM_7,text,30,[UNKNOWN],False
-aNfi7CP8vM_7,text,31,[UNKNOWN],False
-aNfi7CP8vM_7,text,32,[UNKNOWN],False
-aNfi7CP8vM_7,text,33,[UNKNOWN],False
-aNfi7CP8vM_7,text,34,[UNKNOWN],False
-aNfi7CP8vM_7,text,35,[UNKNOWN],False
-aNfi7CP8vM_7,text,36,[UNKNOWN],False
-aNfi7CP8vM_7,text,37,[UNKNOWN],False
-aNfi7CP8vM_7,text,38,[UNKNOWN],False
-aNfi7CP8vM_7,text,39,[UNKNOWN],False
-aNfi7CP8vM_7,text,40,[UNKNOWN],False
-aNfi7CP8vM_7,text,41,[UNKNOWN],False
-aNfi7CP8vM_7,text,42,[UNKNOWN],False
-aNfi7CP8vM_7,text,43,[UNKNOWN],False
-aNfi7CP8vM_7,text,44,[UNKNOWN],False
-aNfi7CP8vM_7,text,45,[UNKNOWN],False
-aNfi7CP8vM_7,text,46,[UNKNOWN],False
-aNfi7CP8vM_7,text,47,[UNKNOWN],False
-aNfi7CP8vM_7,text,48,[UNKNOWN],False
-aNfi7CP8vM_7,text,49,[UNKNOWN],False
-aqamKhZ1Ec_0,text,0,[UNKNOWN],True
-aqamKhZ1Ec_0,text,1,[UNKNOWN],True
-aqamKhZ1Ec_0,text,2,[UNKNOWN],True
-aqamKhZ1Ec_0,text,3,[UNKNOWN],True
-aqamKhZ1Ec_0,text,4,[UNKNOWN],True
-aqamKhZ1Ec_0,text,5,[UNKNOWN],True
-aqamKhZ1Ec_0,text,6,[UNKNOWN],True
-aqamKhZ1Ec_0,text,7,[UNKNOWN],True
-aqamKhZ1Ec_0,text,8,[UNKNOWN],True
-aqamKhZ1Ec_0,text,9,[UNKNOWN],True
-aqamKhZ1Ec_0,text,10,[UNKNOWN],True
-aqamKhZ1Ec_0,text,11,[UNKNOWN],True
-aqamKhZ1Ec_0,text,12,[UNKNOWN],True
-aqamKhZ1Ec_0,text,13,[UNKNOWN],True
-aqamKhZ1Ec_0,text,14,[UNKNOWN],True
-aqamKhZ1Ec_0,text,15,[UNKNOWN],True
-aqamKhZ1Ec_0,text,16,[UNKNOWN],True
-aqamKhZ1Ec_0,text,17,[UNKNOWN],True
-aqamKhZ1Ec_0,text,18,[UNKNOWN],False
-aqamKhZ1Ec_0,text,19,[UNKNOWN],False
-aqamKhZ1Ec_0,text,20,[UNKNOWN],False
-aqamKhZ1Ec_0,text,21,[UNKNOWN],False
-aqamKhZ1Ec_0,text,22,[UNKNOWN],False
-aqamKhZ1Ec_0,text,23,[UNKNOWN],False
-aqamKhZ1Ec_0,text,24,[UNKNOWN],False
-aqamKhZ1Ec_0,text,25,[UNKNOWN],False
-aqamKhZ1Ec_0,text,26,[UNKNOWN],False
-aqamKhZ1Ec_0,text,27,[UNKNOWN],False
-aqamKhZ1Ec_0,text,28,[UNKNOWN],False
-aqamKhZ1Ec_0,text,29,[UNKNOWN],False
-aqamKhZ1Ec_0,text,30,[UNKNOWN],False
-aqamKhZ1Ec_0,text,31,[UNKNOWN],False
-aqamKhZ1Ec_0,text,32,[UNKNOWN],False
-aqamKhZ1Ec_0,text,33,[UNKNOWN],False
-aqamKhZ1Ec_0,text,34,[UNKNOWN],False
-aqamKhZ1Ec_0,text,35,[UNKNOWN],False
-aqamKhZ1Ec_0,text,36,[UNKNOWN],False
-aqamKhZ1Ec_0,text,37,[UNKNOWN],False
-aqamKhZ1Ec_0,text,38,[UNKNOWN],False
-aqamKhZ1Ec_0,text,39,[UNKNOWN],False
-aqamKhZ1Ec_0,text,40,[UNKNOWN],False
-aqamKhZ1Ec_0,text,41,[UNKNOWN],False
-aqamKhZ1Ec_0,text,42,[UNKNOWN],False
-aqamKhZ1Ec_0,text,43,[UNKNOWN],False
-aqamKhZ1Ec_0,text,44,[UNKNOWN],False
-aqamKhZ1Ec_0,text,45,[UNKNOWN],False
-aqamKhZ1Ec_0,text,46,[UNKNOWN],False
-aqamKhZ1Ec_0,text,47,[UNKNOWN],False
-aqamKhZ1Ec_0,text,48,[UNKNOWN],False
-aqamKhZ1Ec_0,text,49,[UNKNOWN],False
-dxfTGcXJoc_0,text,0,[UNKNOWN],True
-dxfTGcXJoc_0,text,1,[UNKNOWN],True
-dxfTGcXJoc_0,text,2,[UNKNOWN],True
-dxfTGcXJoc_0,text,3,[UNKNOWN],True
-dxfTGcXJoc_0,text,4,[UNKNOWN],True
-dxfTGcXJoc_0,text,5,[UNKNOWN],True
-dxfTGcXJoc_0,text,6,[UNKNOWN],True
-dxfTGcXJoc_0,text,7,[UNKNOWN],True
-dxfTGcXJoc_0,text,8,[UNKNOWN],True
-dxfTGcXJoc_0,text,9,[UNKNOWN],True
-dxfTGcXJoc_0,text,10,[UNKNOWN],True
-dxfTGcXJoc_0,text,11,[UNKNOWN],True
-dxfTGcXJoc_0,text,12,[UNKNOWN],True
-dxfTGcXJoc_0,text,13,[UNKNOWN],True
-dxfTGcXJoc_0,text,14,[UNKNOWN],True
-dxfTGcXJoc_0,text,15,[UNKNOWN],True
-dxfTGcXJoc_0,text,16,[UNKNOWN],True
-dxfTGcXJoc_0,text,17,[UNKNOWN],True
-dxfTGcXJoc_0,text,18,[UNKNOWN],True
-dxfTGcXJoc_0,text,19,[UNKNOWN],True
-dxfTGcXJoc_0,text,20,[UNKNOWN],True
-dxfTGcXJoc_0,text,21,[UNKNOWN],True
-dxfTGcXJoc_0,text,22,[UNKNOWN],True
-dxfTGcXJoc_0,text,23,[UNKNOWN],True
-dxfTGcXJoc_0,text,24,[UNKNOWN],True
-dxfTGcXJoc_0,text,25,[UNKNOWN],True
-dxfTGcXJoc_0,text,26,[UNKNOWN],True
-dxfTGcXJoc_0,text,27,[UNKNOWN],True
-dxfTGcXJoc_0,text,28,[UNKNOWN],True
-dxfTGcXJoc_0,text,29,[UNKNOWN],True
-dxfTGcXJoc_0,text,30,[UNKNOWN],True
-dxfTGcXJoc_0,text,31,[UNKNOWN],True
-dxfTGcXJoc_0,text,32,[UNKNOWN],True
-dxfTGcXJoc_0,text,33,[UNKNOWN],True
-dxfTGcXJoc_0,text,34,[UNKNOWN],True
-dxfTGcXJoc_0,text,35,[UNKNOWN],True
-dxfTGcXJoc_0,text,36,[UNKNOWN],True
-dxfTGcXJoc_0,text,37,[UNKNOWN],True
-dxfTGcXJoc_0,text,38,[UNKNOWN],True
-dxfTGcXJoc_0,text,39,[UNKNOWN],True
-dxfTGcXJoc_0,text,40,[UNKNOWN],True
-dxfTGcXJoc_0,text,41,[UNKNOWN],True
-dxfTGcXJoc_0,text,42,[UNKNOWN],True
-dxfTGcXJoc_0,text,43,[UNKNOWN],True
-dxfTGcXJoc_0,text,44,[UNKNOWN],True
-dxfTGcXJoc_0,text,45,[UNKNOWN],True
-dxfTGcXJoc_0,text,46,[UNKNOWN],True
-dxfTGcXJoc_0,text,47,[UNKNOWN],True
-dxfTGcXJoc_0,text,48,[UNKNOWN],True
-dxfTGcXJoc_0,text,49,[UNKNOWN],True
-dxfTGcXJoc_1,text,0,[UNKNOWN],True
-dxfTGcXJoc_1,text,1,[UNKNOWN],True
-dxfTGcXJoc_1,text,2,[UNKNOWN],True
-dxfTGcXJoc_1,text,3,[UNKNOWN],True
-dxfTGcXJoc_1,text,4,[UNKNOWN],True
-dxfTGcXJoc_1,text,5,[UNKNOWN],True
-dxfTGcXJoc_1,text,6,[UNKNOWN],True
-dxfTGcXJoc_1,text,7,[UNKNOWN],True
-dxfTGcXJoc_1,text,8,[UNKNOWN],True
-dxfTGcXJoc_1,text,9,[UNKNOWN],True
-dxfTGcXJoc_1,text,10,[UNKNOWN],True
-dxfTGcXJoc_1,text,11,[UNKNOWN],True
-dxfTGcXJoc_1,text,12,[UNKNOWN],True
-dxfTGcXJoc_1,text,13,[UNKNOWN],True
-dxfTGcXJoc_1,text,14,[UNKNOWN],True
-dxfTGcXJoc_1,text,15,[UNKNOWN],True
-dxfTGcXJoc_1,text,16,[UNKNOWN],True
-dxfTGcXJoc_1,text,17,[UNKNOWN],True
-dxfTGcXJoc_1,text,18,[UNKNOWN],True
-dxfTGcXJoc_1,text,19,[UNKNOWN],True
-dxfTGcXJoc_1,text,20,[UNKNOWN],True
-dxfTGcXJoc_1,text,21,[UNKNOWN],True
-dxfTGcXJoc_1,text,22,[UNKNOWN],True
-dxfTGcXJoc_1,text,23,[UNKNOWN],True
-dxfTGcXJoc_1,text,24,[UNKNOWN],True
-dxfTGcXJoc_1,text,25,[UNKNOWN],True
-dxfTGcXJoc_1,text,26,[UNKNOWN],True
-dxfTGcXJoc_1,text,27,[UNKNOWN],True
-dxfTGcXJoc_1,text,28,[UNKNOWN],True
-dxfTGcXJoc_1,text,29,[UNKNOWN],True
-dxfTGcXJoc_1,text,30,[UNKNOWN],True
-dxfTGcXJoc_1,text,31,[UNKNOWN],True
-dxfTGcXJoc_1,text,32,[UNKNOWN],True
-dxfTGcXJoc_1,text,33,[UNKNOWN],True
-dxfTGcXJoc_1,text,34,[UNKNOWN],True
-dxfTGcXJoc_1,text,35,[UNKNOWN],True
-dxfTGcXJoc_1,text,36,[UNKNOWN],True
-dxfTGcXJoc_1,text,37,[UNKNOWN],True
-dxfTGcXJoc_1,text,38,[UNKNOWN],True
-dxfTGcXJoc_1,text,39,[UNKNOWN],True
-dxfTGcXJoc_1,text,40,[UNKNOWN],True
-dxfTGcXJoc_1,text,41,[UNKNOWN],True
-dxfTGcXJoc_1,text,42,[UNKNOWN],True
-dxfTGcXJoc_1,text,43,[UNKNOWN],True
-dxfTGcXJoc_1,text,44,[UNKNOWN],False
-dxfTGcXJoc_1,text,45,[UNKNOWN],False
-dxfTGcXJoc_1,text,46,[UNKNOWN],False
-dxfTGcXJoc_1,text,47,[UNKNOWN],False
-dxfTGcXJoc_1,text,48,[UNKNOWN],False
-dxfTGcXJoc_1,text,49,[UNKNOWN],False
-dxfTGcXJoc_2,text,0,[UNKNOWN],True
-dxfTGcXJoc_2,text,1,[UNKNOWN],True
-dxfTGcXJoc_2,text,2,[UNKNOWN],True
-dxfTGcXJoc_2,text,3,[UNKNOWN],True
-dxfTGcXJoc_2,text,4,[UNKNOWN],True
-dxfTGcXJoc_2,text,5,[UNKNOWN],True
-dxfTGcXJoc_2,text,6,[UNKNOWN],True
-dxfTGcXJoc_2,text,7,[UNKNOWN],True
-dxfTGcXJoc_2,text,8,[UNKNOWN],True
-dxfTGcXJoc_2,text,9,[UNKNOWN],True
-dxfTGcXJoc_2,text,10,[UNKNOWN],True
-dxfTGcXJoc_2,text,11,[UNKNOWN],True
-dxfTGcXJoc_2,text,12,[UNKNOWN],True
-dxfTGcXJoc_2,text,13,[UNKNOWN],True
-dxfTGcXJoc_2,text,14,[UNKNOWN],True
-dxfTGcXJoc_2,text,15,[UNKNOWN],True
-dxfTGcXJoc_2,text,16,[UNKNOWN],True
-dxfTGcXJoc_2,text,17,[UNKNOWN],True
-dxfTGcXJoc_2,text,18,[UNKNOWN],True
-dxfTGcXJoc_2,text,19,[UNKNOWN],True
-dxfTGcXJoc_2,text,20,[UNKNOWN],True
-dxfTGcXJoc_2,text,21,[UNKNOWN],True
-dxfTGcXJoc_2,text,22,[UNKNOWN],True
-dxfTGcXJoc_2,text,23,[UNKNOWN],True
-dxfTGcXJoc_2,text,24,[UNKNOWN],True
-dxfTGcXJoc_2,text,25,[UNKNOWN],True
-dxfTGcXJoc_2,text,26,[UNKNOWN],True
-dxfTGcXJoc_2,text,27,[UNKNOWN],True
-dxfTGcXJoc_2,text,28,[UNKNOWN],True
-dxfTGcXJoc_2,text,29,[UNKNOWN],True
-dxfTGcXJoc_2,text,30,[UNKNOWN],True
-dxfTGcXJoc_2,text,31,[UNKNOWN],True
-dxfTGcXJoc_2,text,32,[UNKNOWN],True
-dxfTGcXJoc_2,text,33,[UNKNOWN],True
-dxfTGcXJoc_2,text,34,[UNKNOWN],True
-dxfTGcXJoc_2,text,35,[UNKNOWN],True
-dxfTGcXJoc_2,text,36,[UNKNOWN],True
-dxfTGcXJoc_2,text,37,[UNKNOWN],True
-dxfTGcXJoc_2,text,38,[UNKNOWN],True
-dxfTGcXJoc_2,text,39,[UNKNOWN],True
-dxfTGcXJoc_2,text,40,[UNKNOWN],True
-dxfTGcXJoc_2,text,41,[UNKNOWN],True
-dxfTGcXJoc_2,text,42,[UNKNOWN],False
-dxfTGcXJoc_2,text,43,[UNKNOWN],False
-dxfTGcXJoc_2,text,44,[UNKNOWN],False
-dxfTGcXJoc_2,text,45,[UNKNOWN],False
-dxfTGcXJoc_2,text,46,[UNKNOWN],False
-dxfTGcXJoc_2,text,47,[UNKNOWN],False
-dxfTGcXJoc_2,text,48,[UNKNOWN],False
-dxfTGcXJoc_2,text,49,[UNKNOWN],False
-dxfTGcXJoc_6,text,0,[UNKNOWN],True
-dxfTGcXJoc_6,text,1,[UNKNOWN],True
-dxfTGcXJoc_6,text,2,[UNKNOWN],True
-dxfTGcXJoc_6,text,3,[UNKNOWN],True
-dxfTGcXJoc_6,text,4,[UNKNOWN],True
-dxfTGcXJoc_6,text,5,[UNKNOWN],True
-dxfTGcXJoc_6,text,6,[UNKNOWN],True
-dxfTGcXJoc_6,text,7,[UNKNOWN],True
-dxfTGcXJoc_6,text,8,[UNKNOWN],True
-dxfTGcXJoc_6,text,9,[UNKNOWN],True
-dxfTGcXJoc_6,text,10,[UNKNOWN],True
-dxfTGcXJoc_6,text,11,[UNKNOWN],True
-dxfTGcXJoc_6,text,12,[UNKNOWN],True
-dxfTGcXJoc_6,text,13,[UNKNOWN],True
-dxfTGcXJoc_6,text,14,[UNKNOWN],True
-dxfTGcXJoc_6,text,15,[UNKNOWN],True
-dxfTGcXJoc_6,text,16,[UNKNOWN],True
-dxfTGcXJoc_6,text,17,[UNKNOWN],True
-dxfTGcXJoc_6,text,18,[UNKNOWN],True
-dxfTGcXJoc_6,text,19,[UNKNOWN],True
-dxfTGcXJoc_6,text,20,[UNKNOWN],True
-dxfTGcXJoc_6,text,21,[UNKNOWN],True
-dxfTGcXJoc_6,text,22,[UNKNOWN],True
-dxfTGcXJoc_6,text,23,[UNKNOWN],True
-dxfTGcXJoc_6,text,24,[UNKNOWN],True
-dxfTGcXJoc_6,text,25,[UNKNOWN],True
-dxfTGcXJoc_6,text,26,[UNKNOWN],True
-dxfTGcXJoc_6,text,27,[UNKNOWN],True
-dxfTGcXJoc_6,text,28,[UNKNOWN],True
-dxfTGcXJoc_6,text,29,[UNKNOWN],True
-dxfTGcXJoc_6,text,30,[UNKNOWN],True
-dxfTGcXJoc_6,text,31,[UNKNOWN],True
-dxfTGcXJoc_6,text,32,[UNKNOWN],True
-dxfTGcXJoc_6,text,33,[UNKNOWN],True
-dxfTGcXJoc_6,text,34,[UNKNOWN],False
-dxfTGcXJoc_6,text,35,[UNKNOWN],False
-dxfTGcXJoc_6,text,36,[UNKNOWN],False
-dxfTGcXJoc_6,text,37,[UNKNOWN],False
-dxfTGcXJoc_6,text,38,[UNKNOWN],False
-dxfTGcXJoc_6,text,39,[UNKNOWN],False
-dxfTGcXJoc_6,text,40,[UNKNOWN],False
-dxfTGcXJoc_6,text,41,[UNKNOWN],False
-dxfTGcXJoc_6,text,42,[UNKNOWN],False
-dxfTGcXJoc_6,text,43,[UNKNOWN],False
-dxfTGcXJoc_6,text,44,[UNKNOWN],False
-dxfTGcXJoc_6,text,45,[UNKNOWN],False
-dxfTGcXJoc_6,text,46,[UNKNOWN],False
-dxfTGcXJoc_6,text,47,[UNKNOWN],False
-dxfTGcXJoc_6,text,48,[UNKNOWN],False
-dxfTGcXJoc_6,text,49,[UNKNOWN],False
-egA8-b7-3M_1,text,0,[UNKNOWN],True
-egA8-b7-3M_1,text,1,[UNKNOWN],True
-egA8-b7-3M_1,text,2,[UNKNOWN],True
-egA8-b7-3M_1,text,3,[UNKNOWN],True
-egA8-b7-3M_1,text,4,[UNKNOWN],True
-egA8-b7-3M_1,text,5,[UNKNOWN],True
-egA8-b7-3M_1,text,6,[UNKNOWN],True
-egA8-b7-3M_1,text,7,[UNKNOWN],True
-egA8-b7-3M_1,text,8,[UNKNOWN],True
-egA8-b7-3M_1,text,9,[UNKNOWN],True
-egA8-b7-3M_1,text,10,[UNKNOWN],True
-egA8-b7-3M_1,text,11,[UNKNOWN],True
-egA8-b7-3M_1,text,12,[UNKNOWN],True
-egA8-b7-3M_1,text,13,[UNKNOWN],True
-egA8-b7-3M_1,text,14,[UNKNOWN],True
-egA8-b7-3M_1,text,15,[UNKNOWN],True
-egA8-b7-3M_1,text,16,[UNKNOWN],True
-egA8-b7-3M_1,text,17,[UNKNOWN],True
-egA8-b7-3M_1,text,18,[UNKNOWN],True
-egA8-b7-3M_1,text,19,[UNKNOWN],True
-egA8-b7-3M_1,text,20,[UNKNOWN],True
-egA8-b7-3M_1,text,21,[UNKNOWN],True
-egA8-b7-3M_1,text,22,[UNKNOWN],True
-egA8-b7-3M_1,text,23,[UNKNOWN],True
-egA8-b7-3M_1,text,24,[UNKNOWN],False
-egA8-b7-3M_1,text,25,[UNKNOWN],False
-egA8-b7-3M_1,text,26,[UNKNOWN],False
-egA8-b7-3M_1,text,27,[UNKNOWN],False
-egA8-b7-3M_1,text,28,[UNKNOWN],False
-egA8-b7-3M_1,text,29,[UNKNOWN],False
-egA8-b7-3M_1,text,30,[UNKNOWN],False
-egA8-b7-3M_1,text,31,[UNKNOWN],False
-egA8-b7-3M_1,text,32,[UNKNOWN],False
-egA8-b7-3M_1,text,33,[UNKNOWN],False
-egA8-b7-3M_1,text,34,[UNKNOWN],False
-egA8-b7-3M_1,text,35,[UNKNOWN],False
-egA8-b7-3M_1,text,36,[UNKNOWN],False
-egA8-b7-3M_1,text,37,[UNKNOWN],False
-egA8-b7-3M_1,text,38,[UNKNOWN],False
-egA8-b7-3M_1,text,39,[UNKNOWN],False
-egA8-b7-3M_1,text,40,[UNKNOWN],False
-egA8-b7-3M_1,text,41,[UNKNOWN],False
-egA8-b7-3M_1,text,42,[UNKNOWN],False
-egA8-b7-3M_1,text,43,[UNKNOWN],False
-egA8-b7-3M_1,text,44,[UNKNOWN],False
-egA8-b7-3M_1,text,45,[UNKNOWN],False
-egA8-b7-3M_1,text,46,[UNKNOWN],False
-egA8-b7-3M_1,text,47,[UNKNOWN],False
-egA8-b7-3M_1,text,48,[UNKNOWN],False
-egA8-b7-3M_1,text,49,[UNKNOWN],False
-egA8-b7-3M_13,text,0,[UNKNOWN],True
-egA8-b7-3M_13,text,1,[UNKNOWN],True
-egA8-b7-3M_13,text,2,[UNKNOWN],True
-egA8-b7-3M_13,text,3,[UNKNOWN],True
-egA8-b7-3M_13,text,4,[UNKNOWN],True
-egA8-b7-3M_13,text,5,[UNKNOWN],True
-egA8-b7-3M_13,text,6,[UNKNOWN],True
-egA8-b7-3M_13,text,7,[UNKNOWN],True
-egA8-b7-3M_13,text,8,[UNKNOWN],True
-egA8-b7-3M_13,text,9,[UNKNOWN],True
-egA8-b7-3M_13,text,10,[UNKNOWN],True
-egA8-b7-3M_13,text,11,[UNKNOWN],True
-egA8-b7-3M_13,text,12,[UNKNOWN],True
-egA8-b7-3M_13,text,13,[UNKNOWN],True
-egA8-b7-3M_13,text,14,[UNKNOWN],True
-egA8-b7-3M_13,text,15,[UNKNOWN],True
-egA8-b7-3M_13,text,16,[UNKNOWN],True
-egA8-b7-3M_13,text,17,[UNKNOWN],True
-egA8-b7-3M_13,text,18,[UNKNOWN],False
-egA8-b7-3M_13,text,19,[UNKNOWN],False
-egA8-b7-3M_13,text,20,[UNKNOWN],False
-egA8-b7-3M_13,text,21,[UNKNOWN],False
-egA8-b7-3M_13,text,22,[UNKNOWN],False
-egA8-b7-3M_13,text,23,[UNKNOWN],False
-egA8-b7-3M_13,text,24,[UNKNOWN],False
-egA8-b7-3M_13,text,25,[UNKNOWN],False
-egA8-b7-3M_13,text,26,[UNKNOWN],False
-egA8-b7-3M_13,text,27,[UNKNOWN],False
-egA8-b7-3M_13,text,28,[UNKNOWN],False
-egA8-b7-3M_13,text,29,[UNKNOWN],False
-egA8-b7-3M_13,text,30,[UNKNOWN],False
-egA8-b7-3M_13,text,31,[UNKNOWN],False
-egA8-b7-3M_13,text,32,[UNKNOWN],False
-egA8-b7-3M_13,text,33,[UNKNOWN],False
-egA8-b7-3M_13,text,34,[UNKNOWN],False
-egA8-b7-3M_13,text,35,[UNKNOWN],False
-egA8-b7-3M_13,text,36,[UNKNOWN],False
-egA8-b7-3M_13,text,37,[UNKNOWN],False
-egA8-b7-3M_13,text,38,[UNKNOWN],False
-egA8-b7-3M_13,text,39,[UNKNOWN],False
-egA8-b7-3M_13,text,40,[UNKNOWN],False
-egA8-b7-3M_13,text,41,[UNKNOWN],False
-egA8-b7-3M_13,text,42,[UNKNOWN],False
-egA8-b7-3M_13,text,43,[UNKNOWN],False
-egA8-b7-3M_13,text,44,[UNKNOWN],False
-egA8-b7-3M_13,text,45,[UNKNOWN],False
-egA8-b7-3M_13,text,46,[UNKNOWN],False
-egA8-b7-3M_13,text,47,[UNKNOWN],False
-egA8-b7-3M_13,text,48,[UNKNOWN],False
-egA8-b7-3M_13,text,49,[UNKNOWN],False
-egA8-b7-3M_16,text,0,[UNKNOWN],True
-egA8-b7-3M_16,text,1,[UNKNOWN],True
-egA8-b7-3M_16,text,2,[UNKNOWN],True
-egA8-b7-3M_16,text,3,[UNKNOWN],True
-egA8-b7-3M_16,text,4,[UNKNOWN],True
-egA8-b7-3M_16,text,5,[UNKNOWN],True
-egA8-b7-3M_16,text,6,[UNKNOWN],True
-egA8-b7-3M_16,text,7,[UNKNOWN],True
-egA8-b7-3M_16,text,8,[UNKNOWN],True
-egA8-b7-3M_16,text,9,[UNKNOWN],True
-egA8-b7-3M_16,text,10,[UNKNOWN],True
-egA8-b7-3M_16,text,11,[UNKNOWN],True
-egA8-b7-3M_16,text,12,[UNKNOWN],True
-egA8-b7-3M_16,text,13,[UNKNOWN],True
-egA8-b7-3M_16,text,14,[UNKNOWN],True
-egA8-b7-3M_16,text,15,[UNKNOWN],False
-egA8-b7-3M_16,text,16,[UNKNOWN],False
-egA8-b7-3M_16,text,17,[UNKNOWN],False
-egA8-b7-3M_16,text,18,[UNKNOWN],False
-egA8-b7-3M_16,text,19,[UNKNOWN],False
-egA8-b7-3M_16,text,20,[UNKNOWN],False
-egA8-b7-3M_16,text,21,[UNKNOWN],False
-egA8-b7-3M_16,text,22,[UNKNOWN],False
-egA8-b7-3M_16,text,23,[UNKNOWN],False
-egA8-b7-3M_16,text,24,[UNKNOWN],False
-egA8-b7-3M_16,text,25,[UNKNOWN],False
-egA8-b7-3M_16,text,26,[UNKNOWN],False
-egA8-b7-3M_16,text,27,[UNKNOWN],False
-egA8-b7-3M_16,text,28,[UNKNOWN],False
-egA8-b7-3M_16,text,29,[UNKNOWN],False
-egA8-b7-3M_16,text,30,[UNKNOWN],False
-egA8-b7-3M_16,text,31,[UNKNOWN],False
-egA8-b7-3M_16,text,32,[UNKNOWN],False
-egA8-b7-3M_16,text,33,[UNKNOWN],False
-egA8-b7-3M_16,text,34,[UNKNOWN],False
-egA8-b7-3M_16,text,35,[UNKNOWN],False
-egA8-b7-3M_16,text,36,[UNKNOWN],False
-egA8-b7-3M_16,text,37,[UNKNOWN],False
-egA8-b7-3M_16,text,38,[UNKNOWN],False
-egA8-b7-3M_16,text,39,[UNKNOWN],False
-egA8-b7-3M_16,text,40,[UNKNOWN],False
-egA8-b7-3M_16,text,41,[UNKNOWN],False
-egA8-b7-3M_16,text,42,[UNKNOWN],False
-egA8-b7-3M_16,text,43,[UNKNOWN],False
-egA8-b7-3M_16,text,44,[UNKNOWN],False
-egA8-b7-3M_16,text,45,[UNKNOWN],False
-egA8-b7-3M_16,text,46,[UNKNOWN],False
-egA8-b7-3M_16,text,47,[UNKNOWN],False
-egA8-b7-3M_16,text,48,[UNKNOWN],False
-egA8-b7-3M_16,text,49,[UNKNOWN],False
-egA8-b7-3M_17,text,0,[UNKNOWN],True
-egA8-b7-3M_17,text,1,[UNKNOWN],True
-egA8-b7-3M_17,text,2,[UNKNOWN],True
-egA8-b7-3M_17,text,3,[UNKNOWN],True
-egA8-b7-3M_17,text,4,[UNKNOWN],True
-egA8-b7-3M_17,text,5,[UNKNOWN],True
-egA8-b7-3M_17,text,6,[UNKNOWN],True
-egA8-b7-3M_17,text,7,[UNKNOWN],True
-egA8-b7-3M_17,text,8,[UNKNOWN],True
-egA8-b7-3M_17,text,9,[UNKNOWN],True
-egA8-b7-3M_17,text,10,[UNKNOWN],True
-egA8-b7-3M_17,text,11,[UNKNOWN],True
-egA8-b7-3M_17,text,12,[UNKNOWN],True
-egA8-b7-3M_17,text,13,[UNKNOWN],True
-egA8-b7-3M_17,text,14,[UNKNOWN],True
-egA8-b7-3M_17,text,15,[UNKNOWN],True
-egA8-b7-3M_17,text,16,[UNKNOWN],True
-egA8-b7-3M_17,text,17,[UNKNOWN],True
-egA8-b7-3M_17,text,18,[UNKNOWN],True
-egA8-b7-3M_17,text,19,[UNKNOWN],True
-egA8-b7-3M_17,text,20,[UNKNOWN],True
-egA8-b7-3M_17,text,21,[UNKNOWN],False
-egA8-b7-3M_17,text,22,[UNKNOWN],False
-egA8-b7-3M_17,text,23,[UNKNOWN],False
-egA8-b7-3M_17,text,24,[UNKNOWN],False
-egA8-b7-3M_17,text,25,[UNKNOWN],False
-egA8-b7-3M_17,text,26,[UNKNOWN],False
-egA8-b7-3M_17,text,27,[UNKNOWN],False
-egA8-b7-3M_17,text,28,[UNKNOWN],False
-egA8-b7-3M_17,text,29,[UNKNOWN],False
-egA8-b7-3M_17,text,30,[UNKNOWN],False
-egA8-b7-3M_17,text,31,[UNKNOWN],False
-egA8-b7-3M_17,text,32,[UNKNOWN],False
-egA8-b7-3M_17,text,33,[UNKNOWN],False
-egA8-b7-3M_17,text,34,[UNKNOWN],False
-egA8-b7-3M_17,text,35,[UNKNOWN],False
-egA8-b7-3M_17,text,36,[UNKNOWN],False
-egA8-b7-3M_17,text,37,[UNKNOWN],False
-egA8-b7-3M_17,text,38,[UNKNOWN],False
-egA8-b7-3M_17,text,39,[UNKNOWN],False
-egA8-b7-3M_17,text,40,[UNKNOWN],False
-egA8-b7-3M_17,text,41,[UNKNOWN],False
-egA8-b7-3M_17,text,42,[UNKNOWN],False
-egA8-b7-3M_17,text,43,[UNKNOWN],False
-egA8-b7-3M_17,text,44,[UNKNOWN],False
-egA8-b7-3M_17,text,45,[UNKNOWN],False
-egA8-b7-3M_17,text,46,[UNKNOWN],False
-egA8-b7-3M_17,text,47,[UNKNOWN],False
-egA8-b7-3M_17,text,48,[UNKNOWN],False
-egA8-b7-3M_17,text,49,[UNKNOWN],False
-egA8-b7-3M_18,text,0,[UNKNOWN],True
-egA8-b7-3M_18,text,1,[UNKNOWN],True
-egA8-b7-3M_18,text,2,[UNKNOWN],True
-egA8-b7-3M_18,text,3,[UNKNOWN],True
-egA8-b7-3M_18,text,4,[UNKNOWN],True
-egA8-b7-3M_18,text,5,[UNKNOWN],True
-egA8-b7-3M_18,text,6,[UNKNOWN],True
-egA8-b7-3M_18,text,7,[UNKNOWN],True
-egA8-b7-3M_18,text,8,[UNKNOWN],True
-egA8-b7-3M_18,text,9,[UNKNOWN],True
-egA8-b7-3M_18,text,10,[UNKNOWN],True
-egA8-b7-3M_18,text,11,[UNKNOWN],True
-egA8-b7-3M_18,text,12,[UNKNOWN],True
-egA8-b7-3M_18,text,13,[UNKNOWN],True
-egA8-b7-3M_18,text,14,[UNKNOWN],True
-egA8-b7-3M_18,text,15,[UNKNOWN],True
-egA8-b7-3M_18,text,16,[UNKNOWN],True
-egA8-b7-3M_18,text,17,[UNKNOWN],True
-egA8-b7-3M_18,text,18,[UNKNOWN],True
-egA8-b7-3M_18,text,19,[UNKNOWN],True
-egA8-b7-3M_18,text,20,[UNKNOWN],True
-egA8-b7-3M_18,text,21,[UNKNOWN],True
-egA8-b7-3M_18,text,22,[UNKNOWN],True
-egA8-b7-3M_18,text,23,[UNKNOWN],True
-egA8-b7-3M_18,text,24,[UNKNOWN],True
-egA8-b7-3M_18,text,25,[UNKNOWN],True
-egA8-b7-3M_18,text,26,[UNKNOWN],True
-egA8-b7-3M_18,text,27,[UNKNOWN],True
-egA8-b7-3M_18,text,28,[UNKNOWN],True
-egA8-b7-3M_18,text,29,[UNKNOWN],False
-egA8-b7-3M_18,text,30,[UNKNOWN],False
-egA8-b7-3M_18,text,31,[UNKNOWN],False
-egA8-b7-3M_18,text,32,[UNKNOWN],False
-egA8-b7-3M_18,text,33,[UNKNOWN],False
-egA8-b7-3M_18,text,34,[UNKNOWN],False
-egA8-b7-3M_18,text,35,[UNKNOWN],False
-egA8-b7-3M_18,text,36,[UNKNOWN],False
-egA8-b7-3M_18,text,37,[UNKNOWN],False
-egA8-b7-3M_18,text,38,[UNKNOWN],False
-egA8-b7-3M_18,text,39,[UNKNOWN],False
-egA8-b7-3M_18,text,40,[UNKNOWN],False
-egA8-b7-3M_18,text,41,[UNKNOWN],False
-egA8-b7-3M_18,text,42,[UNKNOWN],False
-egA8-b7-3M_18,text,43,[UNKNOWN],False
-egA8-b7-3M_18,text,44,[UNKNOWN],False
-egA8-b7-3M_18,text,45,[UNKNOWN],False
-egA8-b7-3M_18,text,46,[UNKNOWN],False
-egA8-b7-3M_18,text,47,[UNKNOWN],False
-egA8-b7-3M_18,text,48,[UNKNOWN],False
-egA8-b7-3M_18,text,49,[UNKNOWN],False
-egA8-b7-3M_20,text,0,[UNKNOWN],True
-egA8-b7-3M_20,text,1,[UNKNOWN],True
-egA8-b7-3M_20,text,2,[UNKNOWN],True
-egA8-b7-3M_20,text,3,[UNKNOWN],True
-egA8-b7-3M_20,text,4,[UNKNOWN],True
-egA8-b7-3M_20,text,5,[UNKNOWN],True
-egA8-b7-3M_20,text,6,[UNKNOWN],True
-egA8-b7-3M_20,text,7,[UNKNOWN],True
-egA8-b7-3M_20,text,8,[UNKNOWN],True
-egA8-b7-3M_20,text,9,[UNKNOWN],True
-egA8-b7-3M_20,text,10,[UNKNOWN],True
-egA8-b7-3M_20,text,11,[UNKNOWN],True
-egA8-b7-3M_20,text,12,[UNKNOWN],True
-egA8-b7-3M_20,text,13,[UNKNOWN],True
-egA8-b7-3M_20,text,14,[UNKNOWN],True
-egA8-b7-3M_20,text,15,[UNKNOWN],True
-egA8-b7-3M_20,text,16,[UNKNOWN],True
-egA8-b7-3M_20,text,17,[UNKNOWN],True
-egA8-b7-3M_20,text,18,[UNKNOWN],True
-egA8-b7-3M_20,text,19,[UNKNOWN],True
-egA8-b7-3M_20,text,20,[UNKNOWN],True
-egA8-b7-3M_20,text,21,[UNKNOWN],True
-egA8-b7-3M_20,text,22,[UNKNOWN],True
-egA8-b7-3M_20,text,23,[UNKNOWN],True
-egA8-b7-3M_20,text,24,[UNKNOWN],True
-egA8-b7-3M_20,text,25,[UNKNOWN],True
-egA8-b7-3M_20,text,26,[UNKNOWN],False
-egA8-b7-3M_20,text,27,[UNKNOWN],False
-egA8-b7-3M_20,text,28,[UNKNOWN],False
-egA8-b7-3M_20,text,29,[UNKNOWN],False
-egA8-b7-3M_20,text,30,[UNKNOWN],False
-egA8-b7-3M_20,text,31,[UNKNOWN],False
-egA8-b7-3M_20,text,32,[UNKNOWN],False
-egA8-b7-3M_20,text,33,[UNKNOWN],False
-egA8-b7-3M_20,text,34,[UNKNOWN],False
-egA8-b7-3M_20,text,35,[UNKNOWN],False
-egA8-b7-3M_20,text,36,[UNKNOWN],False
-egA8-b7-3M_20,text,37,[UNKNOWN],False
-egA8-b7-3M_20,text,38,[UNKNOWN],False
-egA8-b7-3M_20,text,39,[UNKNOWN],False
-egA8-b7-3M_20,text,40,[UNKNOWN],False
-egA8-b7-3M_20,text,41,[UNKNOWN],False
-egA8-b7-3M_20,text,42,[UNKNOWN],False
-egA8-b7-3M_20,text,43,[UNKNOWN],False
-egA8-b7-3M_20,text,44,[UNKNOWN],False
-egA8-b7-3M_20,text,45,[UNKNOWN],False
-egA8-b7-3M_20,text,46,[UNKNOWN],False
-egA8-b7-3M_20,text,47,[UNKNOWN],False
-egA8-b7-3M_20,text,48,[UNKNOWN],False
-egA8-b7-3M_20,text,49,[UNKNOWN],False
-egA8-b7-3M_26,text,0,[UNKNOWN],True
-egA8-b7-3M_26,text,1,[UNKNOWN],True
-egA8-b7-3M_26,text,2,[UNKNOWN],True
-egA8-b7-3M_26,text,3,[UNKNOWN],True
-egA8-b7-3M_26,text,4,[UNKNOWN],True
-egA8-b7-3M_26,text,5,[UNKNOWN],True
-egA8-b7-3M_26,text,6,[UNKNOWN],True
-egA8-b7-3M_26,text,7,[UNKNOWN],True
-egA8-b7-3M_26,text,8,[UNKNOWN],True
-egA8-b7-3M_26,text,9,[UNKNOWN],True
-egA8-b7-3M_26,text,10,[UNKNOWN],True
-egA8-b7-3M_26,text,11,[UNKNOWN],True
-egA8-b7-3M_26,text,12,[UNKNOWN],True
-egA8-b7-3M_26,text,13,[UNKNOWN],True
-egA8-b7-3M_26,text,14,[UNKNOWN],True
-egA8-b7-3M_26,text,15,[UNKNOWN],True
-egA8-b7-3M_26,text,16,[UNKNOWN],True
-egA8-b7-3M_26,text,17,[UNKNOWN],True
-egA8-b7-3M_26,text,18,[UNKNOWN],True
-egA8-b7-3M_26,text,19,[UNKNOWN],True
-egA8-b7-3M_26,text,20,[UNKNOWN],True
-egA8-b7-3M_26,text,21,[UNKNOWN],False
-egA8-b7-3M_26,text,22,[UNKNOWN],False
-egA8-b7-3M_26,text,23,[UNKNOWN],False
-egA8-b7-3M_26,text,24,[UNKNOWN],False
-egA8-b7-3M_26,text,25,[UNKNOWN],False
-egA8-b7-3M_26,text,26,[UNKNOWN],False
-egA8-b7-3M_26,text,27,[UNKNOWN],False
-egA8-b7-3M_26,text,28,[UNKNOWN],False
-egA8-b7-3M_26,text,29,[UNKNOWN],False
-egA8-b7-3M_26,text,30,[UNKNOWN],False
-egA8-b7-3M_26,text,31,[UNKNOWN],False
-egA8-b7-3M_26,text,32,[UNKNOWN],False
-egA8-b7-3M_26,text,33,[UNKNOWN],False
-egA8-b7-3M_26,text,34,[UNKNOWN],False
-egA8-b7-3M_26,text,35,[UNKNOWN],False
-egA8-b7-3M_26,text,36,[UNKNOWN],False
-egA8-b7-3M_26,text,37,[UNKNOWN],False
-egA8-b7-3M_26,text,38,[UNKNOWN],False
-egA8-b7-3M_26,text,39,[UNKNOWN],False
-egA8-b7-3M_26,text,40,[UNKNOWN],False
-egA8-b7-3M_26,text,41,[UNKNOWN],False
-egA8-b7-3M_26,text,42,[UNKNOWN],False
-egA8-b7-3M_26,text,43,[UNKNOWN],False
-egA8-b7-3M_26,text,44,[UNKNOWN],False
-egA8-b7-3M_26,text,45,[UNKNOWN],False
-egA8-b7-3M_26,text,46,[UNKNOWN],False
-egA8-b7-3M_26,text,47,[UNKNOWN],False
-egA8-b7-3M_26,text,48,[UNKNOWN],False
-egA8-b7-3M_26,text,49,[UNKNOWN],False
-egA8-b7-3M_6,text,0,[UNKNOWN],True
-egA8-b7-3M_6,text,1,[UNKNOWN],True
-egA8-b7-3M_6,text,2,[UNKNOWN],True
-egA8-b7-3M_6,text,3,[UNKNOWN],True
-egA8-b7-3M_6,text,4,[UNKNOWN],True
-egA8-b7-3M_6,text,5,[UNKNOWN],True
-egA8-b7-3M_6,text,6,[UNKNOWN],True
-egA8-b7-3M_6,text,7,[UNKNOWN],True
-egA8-b7-3M_6,text,8,[UNKNOWN],True
-egA8-b7-3M_6,text,9,[UNKNOWN],True
-egA8-b7-3M_6,text,10,[UNKNOWN],True
-egA8-b7-3M_6,text,11,[UNKNOWN],True
-egA8-b7-3M_6,text,12,[UNKNOWN],True
-egA8-b7-3M_6,text,13,[UNKNOWN],True
-egA8-b7-3M_6,text,14,[UNKNOWN],True
-egA8-b7-3M_6,text,15,[UNKNOWN],False
-egA8-b7-3M_6,text,16,[UNKNOWN],False
-egA8-b7-3M_6,text,17,[UNKNOWN],False
-egA8-b7-3M_6,text,18,[UNKNOWN],False
-egA8-b7-3M_6,text,19,[UNKNOWN],False
-egA8-b7-3M_6,text,20,[UNKNOWN],False
-egA8-b7-3M_6,text,21,[UNKNOWN],False
-egA8-b7-3M_6,text,22,[UNKNOWN],False
-egA8-b7-3M_6,text,23,[UNKNOWN],False
-egA8-b7-3M_6,text,24,[UNKNOWN],False
-egA8-b7-3M_6,text,25,[UNKNOWN],False
-egA8-b7-3M_6,text,26,[UNKNOWN],False
-egA8-b7-3M_6,text,27,[UNKNOWN],False
-egA8-b7-3M_6,text,28,[UNKNOWN],False
-egA8-b7-3M_6,text,29,[UNKNOWN],False
-egA8-b7-3M_6,text,30,[UNKNOWN],False
-egA8-b7-3M_6,text,31,[UNKNOWN],False
-egA8-b7-3M_6,text,32,[UNKNOWN],False
-egA8-b7-3M_6,text,33,[UNKNOWN],False
-egA8-b7-3M_6,text,34,[UNKNOWN],False
-egA8-b7-3M_6,text,35,[UNKNOWN],False
-egA8-b7-3M_6,text,36,[UNKNOWN],False
-egA8-b7-3M_6,text,37,[UNKNOWN],False
-egA8-b7-3M_6,text,38,[UNKNOWN],False
-egA8-b7-3M_6,text,39,[UNKNOWN],False
-egA8-b7-3M_6,text,40,[UNKNOWN],False
-egA8-b7-3M_6,text,41,[UNKNOWN],False
-egA8-b7-3M_6,text,42,[UNKNOWN],False
-egA8-b7-3M_6,text,43,[UNKNOWN],False
-egA8-b7-3M_6,text,44,[UNKNOWN],False
-egA8-b7-3M_6,text,45,[UNKNOWN],False
-egA8-b7-3M_6,text,46,[UNKNOWN],False
-egA8-b7-3M_6,text,47,[UNKNOWN],False
-egA8-b7-3M_6,text,48,[UNKNOWN],False
-egA8-b7-3M_6,text,49,[UNKNOWN],False
-egA8-b7-3M_9,text,0,[UNKNOWN],True
-egA8-b7-3M_9,text,1,[UNKNOWN],True
-egA8-b7-3M_9,text,2,[UNKNOWN],True
-egA8-b7-3M_9,text,3,[UNKNOWN],True
-egA8-b7-3M_9,text,4,[UNKNOWN],True
-egA8-b7-3M_9,text,5,[UNKNOWN],True
-egA8-b7-3M_9,text,6,[UNKNOWN],True
-egA8-b7-3M_9,text,7,[UNKNOWN],True
-egA8-b7-3M_9,text,8,[UNKNOWN],True
-egA8-b7-3M_9,text,9,[UNKNOWN],True
-egA8-b7-3M_9,text,10,[UNKNOWN],True
-egA8-b7-3M_9,text,11,[UNKNOWN],True
-egA8-b7-3M_9,text,12,[UNKNOWN],True
-egA8-b7-3M_9,text,13,[UNKNOWN],True
-egA8-b7-3M_9,text,14,[UNKNOWN],False
-egA8-b7-3M_9,text,15,[UNKNOWN],False
-egA8-b7-3M_9,text,16,[UNKNOWN],False
-egA8-b7-3M_9,text,17,[UNKNOWN],False
-egA8-b7-3M_9,text,18,[UNKNOWN],False
-egA8-b7-3M_9,text,19,[UNKNOWN],False
-egA8-b7-3M_9,text,20,[UNKNOWN],False
-egA8-b7-3M_9,text,21,[UNKNOWN],False
-egA8-b7-3M_9,text,22,[UNKNOWN],False
-egA8-b7-3M_9,text,23,[UNKNOWN],False
-egA8-b7-3M_9,text,24,[UNKNOWN],False
-egA8-b7-3M_9,text,25,[UNKNOWN],False
-egA8-b7-3M_9,text,26,[UNKNOWN],False
-egA8-b7-3M_9,text,27,[UNKNOWN],False
-egA8-b7-3M_9,text,28,[UNKNOWN],False
-egA8-b7-3M_9,text,29,[UNKNOWN],False
-egA8-b7-3M_9,text,30,[UNKNOWN],False
-egA8-b7-3M_9,text,31,[UNKNOWN],False
-egA8-b7-3M_9,text,32,[UNKNOWN],False
-egA8-b7-3M_9,text,33,[UNKNOWN],False
-egA8-b7-3M_9,text,34,[UNKNOWN],False
-egA8-b7-3M_9,text,35,[UNKNOWN],False
-egA8-b7-3M_9,text,36,[UNKNOWN],False
-egA8-b7-3M_9,text,37,[UNKNOWN],False
-egA8-b7-3M_9,text,38,[UNKNOWN],False
-egA8-b7-3M_9,text,39,[UNKNOWN],False
-egA8-b7-3M_9,text,40,[UNKNOWN],False
-egA8-b7-3M_9,text,41,[UNKNOWN],False
-egA8-b7-3M_9,text,42,[UNKNOWN],False
-egA8-b7-3M_9,text,43,[UNKNOWN],False
-egA8-b7-3M_9,text,44,[UNKNOWN],False
-egA8-b7-3M_9,text,45,[UNKNOWN],False
-egA8-b7-3M_9,text,46,[UNKNOWN],False
-egA8-b7-3M_9,text,47,[UNKNOWN],False
-egA8-b7-3M_9,text,48,[UNKNOWN],False
-egA8-b7-3M_9,text,49,[UNKNOWN],False
-hnBHBN8p5A_6,text,0,[UNKNOWN],True
-hnBHBN8p5A_6,text,1,[UNKNOWN],True
-hnBHBN8p5A_6,text,2,[UNKNOWN],True
-hnBHBN8p5A_6,text,3,[UNKNOWN],True
-hnBHBN8p5A_6,text,4,[UNKNOWN],True
-hnBHBN8p5A_6,text,5,[UNKNOWN],True
-hnBHBN8p5A_6,text,6,[UNKNOWN],True
-hnBHBN8p5A_6,text,7,[UNKNOWN],True
-hnBHBN8p5A_6,text,8,[UNKNOWN],True
-hnBHBN8p5A_6,text,9,[UNKNOWN],True
-hnBHBN8p5A_6,text,10,[UNKNOWN],True
-hnBHBN8p5A_6,text,11,[UNKNOWN],True
-hnBHBN8p5A_6,text,12,[UNKNOWN],True
-hnBHBN8p5A_6,text,13,[UNKNOWN],True
-hnBHBN8p5A_6,text,14,[UNKNOWN],True
-hnBHBN8p5A_6,text,15,[UNKNOWN],True
-hnBHBN8p5A_6,text,16,[UNKNOWN],False
-hnBHBN8p5A_6,text,17,[UNKNOWN],False
-hnBHBN8p5A_6,text,18,[UNKNOWN],False
-hnBHBN8p5A_6,text,19,[UNKNOWN],False
-hnBHBN8p5A_6,text,20,[UNKNOWN],False
-hnBHBN8p5A_6,text,21,[UNKNOWN],False
-hnBHBN8p5A_6,text,22,[UNKNOWN],False
-hnBHBN8p5A_6,text,23,[UNKNOWN],False
-hnBHBN8p5A_6,text,24,[UNKNOWN],False
-hnBHBN8p5A_6,text,25,[UNKNOWN],False
-hnBHBN8p5A_6,text,26,[UNKNOWN],False
-hnBHBN8p5A_6,text,27,[UNKNOWN],False
-hnBHBN8p5A_6,text,28,[UNKNOWN],False
-hnBHBN8p5A_6,text,29,[UNKNOWN],False
-hnBHBN8p5A_6,text,30,[UNKNOWN],False
-hnBHBN8p5A_6,text,31,[UNKNOWN],False
-hnBHBN8p5A_6,text,32,[UNKNOWN],False
-hnBHBN8p5A_6,text,33,[UNKNOWN],False
-hnBHBN8p5A_6,text,34,[UNKNOWN],False
-hnBHBN8p5A_6,text,35,[UNKNOWN],False
-hnBHBN8p5A_6,text,36,[UNKNOWN],False
-hnBHBN8p5A_6,text,37,[UNKNOWN],False
-hnBHBN8p5A_6,text,38,[UNKNOWN],False
-hnBHBN8p5A_6,text,39,[UNKNOWN],False
-hnBHBN8p5A_6,text,40,[UNKNOWN],False
-hnBHBN8p5A_6,text,41,[UNKNOWN],False
-hnBHBN8p5A_6,text,42,[UNKNOWN],False
-hnBHBN8p5A_6,text,43,[UNKNOWN],False
-hnBHBN8p5A_6,text,44,[UNKNOWN],False
-hnBHBN8p5A_6,text,45,[UNKNOWN],False
-hnBHBN8p5A_6,text,46,[UNKNOWN],False
-hnBHBN8p5A_6,text,47,[UNKNOWN],False
-hnBHBN8p5A_6,text,48,[UNKNOWN],False
-hnBHBN8p5A_6,text,49,[UNKNOWN],False
-hnBHBN8p5A_7,text,0,[UNKNOWN],True
-hnBHBN8p5A_7,text,1,[UNKNOWN],True
-hnBHBN8p5A_7,text,2,[UNKNOWN],True
-hnBHBN8p5A_7,text,3,[UNKNOWN],True
-hnBHBN8p5A_7,text,4,[UNKNOWN],True
-hnBHBN8p5A_7,text,5,[UNKNOWN],True
-hnBHBN8p5A_7,text,6,[UNKNOWN],True
-hnBHBN8p5A_7,text,7,[UNKNOWN],True
-hnBHBN8p5A_7,text,8,[UNKNOWN],True
-hnBHBN8p5A_7,text,9,[UNKNOWN],True
-hnBHBN8p5A_7,text,10,[UNKNOWN],True
-hnBHBN8p5A_7,text,11,[UNKNOWN],True
-hnBHBN8p5A_7,text,12,[UNKNOWN],True
-hnBHBN8p5A_7,text,13,[UNKNOWN],True
-hnBHBN8p5A_7,text,14,[UNKNOWN],True
-hnBHBN8p5A_7,text,15,[UNKNOWN],True
-hnBHBN8p5A_7,text,16,[UNKNOWN],True
-hnBHBN8p5A_7,text,17,[UNKNOWN],True
-hnBHBN8p5A_7,text,18,[UNKNOWN],True
-hnBHBN8p5A_7,text,19,[UNKNOWN],False
-hnBHBN8p5A_7,text,20,[UNKNOWN],False
-hnBHBN8p5A_7,text,21,[UNKNOWN],False
-hnBHBN8p5A_7,text,22,[UNKNOWN],False
-hnBHBN8p5A_7,text,23,[UNKNOWN],False
-hnBHBN8p5A_7,text,24,[UNKNOWN],False
-hnBHBN8p5A_7,text,25,[UNKNOWN],False
-hnBHBN8p5A_7,text,26,[UNKNOWN],False
-hnBHBN8p5A_7,text,27,[UNKNOWN],False
-hnBHBN8p5A_7,text,28,[UNKNOWN],False
-hnBHBN8p5A_7,text,29,[UNKNOWN],False
-hnBHBN8p5A_7,text,30,[UNKNOWN],False
-hnBHBN8p5A_7,text,31,[UNKNOWN],False
-hnBHBN8p5A_7,text,32,[UNKNOWN],False
-hnBHBN8p5A_7,text,33,[UNKNOWN],False
-hnBHBN8p5A_7,text,34,[UNKNOWN],False
-hnBHBN8p5A_7,text,35,[UNKNOWN],False
-hnBHBN8p5A_7,text,36,[UNKNOWN],False
-hnBHBN8p5A_7,text,37,[UNKNOWN],False
-hnBHBN8p5A_7,text,38,[UNKNOWN],False
-hnBHBN8p5A_7,text,39,[UNKNOWN],False
-hnBHBN8p5A_7,text,40,[UNKNOWN],False
-hnBHBN8p5A_7,text,41,[UNKNOWN],False
-hnBHBN8p5A_7,text,42,[UNKNOWN],False
-hnBHBN8p5A_7,text,43,[UNKNOWN],False
-hnBHBN8p5A_7,text,44,[UNKNOWN],False
-hnBHBN8p5A_7,text,45,[UNKNOWN],False
-hnBHBN8p5A_7,text,46,[UNKNOWN],False
-hnBHBN8p5A_7,text,47,[UNKNOWN],False
-hnBHBN8p5A_7,text,48,[UNKNOWN],False
-hnBHBN8p5A_7,text,49,[UNKNOWN],False
-iRBcNs9oI8_3,text,0,[UNKNOWN],True
-iRBcNs9oI8_3,text,1,[UNKNOWN],True
-iRBcNs9oI8_3,text,2,[UNKNOWN],True
-iRBcNs9oI8_3,text,3,[UNKNOWN],True
-iRBcNs9oI8_3,text,4,[UNKNOWN],True
-iRBcNs9oI8_3,text,5,[UNKNOWN],True
-iRBcNs9oI8_3,text,6,[UNKNOWN],True
-iRBcNs9oI8_3,text,7,[UNKNOWN],True
-iRBcNs9oI8_3,text,8,[UNKNOWN],True
-iRBcNs9oI8_3,text,9,[UNKNOWN],True
-iRBcNs9oI8_3,text,10,[UNKNOWN],True
-iRBcNs9oI8_3,text,11,[UNKNOWN],False
-iRBcNs9oI8_3,text,12,[UNKNOWN],False
-iRBcNs9oI8_3,text,13,[UNKNOWN],False
-iRBcNs9oI8_3,text,14,[UNKNOWN],False
-iRBcNs9oI8_3,text,15,[UNKNOWN],False
-iRBcNs9oI8_3,text,16,[UNKNOWN],False
-iRBcNs9oI8_3,text,17,[UNKNOWN],False
-iRBcNs9oI8_3,text,18,[UNKNOWN],False
-iRBcNs9oI8_3,text,19,[UNKNOWN],False
-iRBcNs9oI8_3,text,20,[UNKNOWN],False
-iRBcNs9oI8_3,text,21,[UNKNOWN],False
-iRBcNs9oI8_3,text,22,[UNKNOWN],False
-iRBcNs9oI8_3,text,23,[UNKNOWN],False
-iRBcNs9oI8_3,text,24,[UNKNOWN],False
-iRBcNs9oI8_3,text,25,[UNKNOWN],False
-iRBcNs9oI8_3,text,26,[UNKNOWN],False
-iRBcNs9oI8_3,text,27,[UNKNOWN],False
-iRBcNs9oI8_3,text,28,[UNKNOWN],False
-iRBcNs9oI8_3,text,29,[UNKNOWN],False
-iRBcNs9oI8_3,text,30,[UNKNOWN],False
-iRBcNs9oI8_3,text,31,[UNKNOWN],False
-iRBcNs9oI8_3,text,32,[UNKNOWN],False
-iRBcNs9oI8_3,text,33,[UNKNOWN],False
-iRBcNs9oI8_3,text,34,[UNKNOWN],False
-iRBcNs9oI8_3,text,35,[UNKNOWN],False
-iRBcNs9oI8_3,text,36,[UNKNOWN],False
-iRBcNs9oI8_3,text,37,[UNKNOWN],False
-iRBcNs9oI8_3,text,38,[UNKNOWN],False
-iRBcNs9oI8_3,text,39,[UNKNOWN],False
-iRBcNs9oI8_3,text,40,[UNKNOWN],False
-iRBcNs9oI8_3,text,41,[UNKNOWN],False
-iRBcNs9oI8_3,text,42,[UNKNOWN],False
-iRBcNs9oI8_3,text,43,[UNKNOWN],False
-iRBcNs9oI8_3,text,44,[UNKNOWN],False
-iRBcNs9oI8_3,text,45,[UNKNOWN],False
-iRBcNs9oI8_3,text,46,[UNKNOWN],False
-iRBcNs9oI8_3,text,47,[UNKNOWN],False
-iRBcNs9oI8_3,text,48,[UNKNOWN],False
-iRBcNs9oI8_3,text,49,[UNKNOWN],False
-iRBcNs9oI8_6,text,0,[UNKNOWN],True
-iRBcNs9oI8_6,text,1,[UNKNOWN],True
-iRBcNs9oI8_6,text,2,[UNKNOWN],True
-iRBcNs9oI8_6,text,3,[UNKNOWN],True
-iRBcNs9oI8_6,text,4,[UNKNOWN],True
-iRBcNs9oI8_6,text,5,[UNKNOWN],True
-iRBcNs9oI8_6,text,6,[UNKNOWN],True
-iRBcNs9oI8_6,text,7,[UNKNOWN],False
-iRBcNs9oI8_6,text,8,[UNKNOWN],False
-iRBcNs9oI8_6,text,9,[UNKNOWN],False
-iRBcNs9oI8_6,text,10,[UNKNOWN],False
-iRBcNs9oI8_6,text,11,[UNKNOWN],False
-iRBcNs9oI8_6,text,12,[UNKNOWN],False
-iRBcNs9oI8_6,text,13,[UNKNOWN],False
-iRBcNs9oI8_6,text,14,[UNKNOWN],False
-iRBcNs9oI8_6,text,15,[UNKNOWN],False
-iRBcNs9oI8_6,text,16,[UNKNOWN],False
-iRBcNs9oI8_6,text,17,[UNKNOWN],False
-iRBcNs9oI8_6,text,18,[UNKNOWN],False
-iRBcNs9oI8_6,text,19,[UNKNOWN],False
-iRBcNs9oI8_6,text,20,[UNKNOWN],False
-iRBcNs9oI8_6,text,21,[UNKNOWN],False
-iRBcNs9oI8_6,text,22,[UNKNOWN],False
-iRBcNs9oI8_6,text,23,[UNKNOWN],False
-iRBcNs9oI8_6,text,24,[UNKNOWN],False
-iRBcNs9oI8_6,text,25,[UNKNOWN],False
-iRBcNs9oI8_6,text,26,[UNKNOWN],False
-iRBcNs9oI8_6,text,27,[UNKNOWN],False
-iRBcNs9oI8_6,text,28,[UNKNOWN],False
-iRBcNs9oI8_6,text,29,[UNKNOWN],False
-iRBcNs9oI8_6,text,30,[UNKNOWN],False
-iRBcNs9oI8_6,text,31,[UNKNOWN],False
-iRBcNs9oI8_6,text,32,[UNKNOWN],False
-iRBcNs9oI8_6,text,33,[UNKNOWN],False
-iRBcNs9oI8_6,text,34,[UNKNOWN],False
-iRBcNs9oI8_6,text,35,[UNKNOWN],False
-iRBcNs9oI8_6,text,36,[UNKNOWN],False
-iRBcNs9oI8_6,text,37,[UNKNOWN],False
-iRBcNs9oI8_6,text,38,[UNKNOWN],False
-iRBcNs9oI8_6,text,39,[UNKNOWN],False
-iRBcNs9oI8_6,text,40,[UNKNOWN],False
-iRBcNs9oI8_6,text,41,[UNKNOWN],False
-iRBcNs9oI8_6,text,42,[UNKNOWN],False
-iRBcNs9oI8_6,text,43,[UNKNOWN],False
-iRBcNs9oI8_6,text,44,[UNKNOWN],False
-iRBcNs9oI8_6,text,45,[UNKNOWN],False
-iRBcNs9oI8_6,text,46,[UNKNOWN],False
-iRBcNs9oI8_6,text,47,[UNKNOWN],False
-iRBcNs9oI8_6,text,48,[UNKNOWN],False
-iRBcNs9oI8_6,text,49,[UNKNOWN],False
-iRBcNs9oI8_7,text,0,[UNKNOWN],True
-iRBcNs9oI8_7,text,1,[UNKNOWN],True
-iRBcNs9oI8_7,text,2,[UNKNOWN],True
-iRBcNs9oI8_7,text,3,[UNKNOWN],True
-iRBcNs9oI8_7,text,4,[UNKNOWN],True
-iRBcNs9oI8_7,text,5,[UNKNOWN],True
-iRBcNs9oI8_7,text,6,[UNKNOWN],True
-iRBcNs9oI8_7,text,7,[UNKNOWN],True
-iRBcNs9oI8_7,text,8,[UNKNOWN],True
-iRBcNs9oI8_7,text,9,[UNKNOWN],True
-iRBcNs9oI8_7,text,10,[UNKNOWN],True
-iRBcNs9oI8_7,text,11,[UNKNOWN],True
-iRBcNs9oI8_7,text,12,[UNKNOWN],True
-iRBcNs9oI8_7,text,13,[UNKNOWN],True
-iRBcNs9oI8_7,text,14,[UNKNOWN],True
-iRBcNs9oI8_7,text,15,[UNKNOWN],True
-iRBcNs9oI8_7,text,16,[UNKNOWN],True
-iRBcNs9oI8_7,text,17,[UNKNOWN],False
-iRBcNs9oI8_7,text,18,[UNKNOWN],False
-iRBcNs9oI8_7,text,19,[UNKNOWN],False
-iRBcNs9oI8_7,text,20,[UNKNOWN],False
-iRBcNs9oI8_7,text,21,[UNKNOWN],False
-iRBcNs9oI8_7,text,22,[UNKNOWN],False
-iRBcNs9oI8_7,text,23,[UNKNOWN],False
-iRBcNs9oI8_7,text,24,[UNKNOWN],False
-iRBcNs9oI8_7,text,25,[UNKNOWN],False
-iRBcNs9oI8_7,text,26,[UNKNOWN],False
-iRBcNs9oI8_7,text,27,[UNKNOWN],False
-iRBcNs9oI8_7,text,28,[UNKNOWN],False
-iRBcNs9oI8_7,text,29,[UNKNOWN],False
-iRBcNs9oI8_7,text,30,[UNKNOWN],False
-iRBcNs9oI8_7,text,31,[UNKNOWN],False
-iRBcNs9oI8_7,text,32,[UNKNOWN],False
-iRBcNs9oI8_7,text,33,[UNKNOWN],False
-iRBcNs9oI8_7,text,34,[UNKNOWN],False
-iRBcNs9oI8_7,text,35,[UNKNOWN],False
-iRBcNs9oI8_7,text,36,[UNKNOWN],False
-iRBcNs9oI8_7,text,37,[UNKNOWN],False
-iRBcNs9oI8_7,text,38,[UNKNOWN],False
-iRBcNs9oI8_7,text,39,[UNKNOWN],False
-iRBcNs9oI8_7,text,40,[UNKNOWN],False
-iRBcNs9oI8_7,text,41,[UNKNOWN],False
-iRBcNs9oI8_7,text,42,[UNKNOWN],False
-iRBcNs9oI8_7,text,43,[UNKNOWN],False
-iRBcNs9oI8_7,text,44,[UNKNOWN],False
-iRBcNs9oI8_7,text,45,[UNKNOWN],False
-iRBcNs9oI8_7,text,46,[UNKNOWN],False
-iRBcNs9oI8_7,text,47,[UNKNOWN],False
-iRBcNs9oI8_7,text,48,[UNKNOWN],False
-iRBcNs9oI8_7,text,49,[UNKNOWN],False
-iRBcNs9oI8_8,text,0,[UNKNOWN],True
-iRBcNs9oI8_8,text,1,[UNKNOWN],True
-iRBcNs9oI8_8,text,2,[UNKNOWN],True
-iRBcNs9oI8_8,text,3,[UNKNOWN],True
-iRBcNs9oI8_8,text,4,[UNKNOWN],True
-iRBcNs9oI8_8,text,5,[UNKNOWN],True
-iRBcNs9oI8_8,text,6,[UNKNOWN],True
-iRBcNs9oI8_8,text,7,[UNKNOWN],True
-iRBcNs9oI8_8,text,8,[UNKNOWN],True
-iRBcNs9oI8_8,text,9,[UNKNOWN],True
-iRBcNs9oI8_8,text,10,[UNKNOWN],True
-iRBcNs9oI8_8,text,11,[UNKNOWN],True
-iRBcNs9oI8_8,text,12,[UNKNOWN],True
-iRBcNs9oI8_8,text,13,[UNKNOWN],True
-iRBcNs9oI8_8,text,14,[UNKNOWN],True
-iRBcNs9oI8_8,text,15,[UNKNOWN],True
-iRBcNs9oI8_8,text,16,[UNKNOWN],True
-iRBcNs9oI8_8,text,17,[UNKNOWN],True
-iRBcNs9oI8_8,text,18,[UNKNOWN],True
-iRBcNs9oI8_8,text,19,[UNKNOWN],True
-iRBcNs9oI8_8,text,20,[UNKNOWN],True
-iRBcNs9oI8_8,text,21,[UNKNOWN],True
-iRBcNs9oI8_8,text,22,[UNKNOWN],True
-iRBcNs9oI8_8,text,23,[UNKNOWN],True
-iRBcNs9oI8_8,text,24,[UNKNOWN],True
-iRBcNs9oI8_8,text,25,[UNKNOWN],True
-iRBcNs9oI8_8,text,26,[UNKNOWN],True
-iRBcNs9oI8_8,text,27,[UNKNOWN],True
-iRBcNs9oI8_8,text,28,[UNKNOWN],False
-iRBcNs9oI8_8,text,29,[UNKNOWN],False
-iRBcNs9oI8_8,text,30,[UNKNOWN],False
-iRBcNs9oI8_8,text,31,[UNKNOWN],False
-iRBcNs9oI8_8,text,32,[UNKNOWN],False
-iRBcNs9oI8_8,text,33,[UNKNOWN],False
-iRBcNs9oI8_8,text,34,[UNKNOWN],False
-iRBcNs9oI8_8,text,35,[UNKNOWN],False
-iRBcNs9oI8_8,text,36,[UNKNOWN],False
-iRBcNs9oI8_8,text,37,[UNKNOWN],False
-iRBcNs9oI8_8,text,38,[UNKNOWN],False
-iRBcNs9oI8_8,text,39,[UNKNOWN],False
-iRBcNs9oI8_8,text,40,[UNKNOWN],False
-iRBcNs9oI8_8,text,41,[UNKNOWN],False
-iRBcNs9oI8_8,text,42,[UNKNOWN],False
-iRBcNs9oI8_8,text,43,[UNKNOWN],False
-iRBcNs9oI8_8,text,44,[UNKNOWN],False
-iRBcNs9oI8_8,text,45,[UNKNOWN],False
-iRBcNs9oI8_8,text,46,[UNKNOWN],False
-iRBcNs9oI8_8,text,47,[UNKNOWN],False
-iRBcNs9oI8_8,text,48,[UNKNOWN],False
-iRBcNs9oI8_8,text,49,[UNKNOWN],False
-iRBcNs9oI8_9,text,0,[UNKNOWN],True
-iRBcNs9oI8_9,text,1,[UNKNOWN],True
-iRBcNs9oI8_9,text,2,[UNKNOWN],True
-iRBcNs9oI8_9,text,3,[UNKNOWN],True
-iRBcNs9oI8_9,text,4,[UNKNOWN],True
-iRBcNs9oI8_9,text,5,[UNKNOWN],True
-iRBcNs9oI8_9,text,6,[UNKNOWN],True
-iRBcNs9oI8_9,text,7,[UNKNOWN],False
-iRBcNs9oI8_9,text,8,[UNKNOWN],False
-iRBcNs9oI8_9,text,9,[UNKNOWN],False
-iRBcNs9oI8_9,text,10,[UNKNOWN],False
-iRBcNs9oI8_9,text,11,[UNKNOWN],False
-iRBcNs9oI8_9,text,12,[UNKNOWN],False
-iRBcNs9oI8_9,text,13,[UNKNOWN],False
-iRBcNs9oI8_9,text,14,[UNKNOWN],False
-iRBcNs9oI8_9,text,15,[UNKNOWN],False
-iRBcNs9oI8_9,text,16,[UNKNOWN],False
-iRBcNs9oI8_9,text,17,[UNKNOWN],False
-iRBcNs9oI8_9,text,18,[UNKNOWN],False
-iRBcNs9oI8_9,text,19,[UNKNOWN],False
-iRBcNs9oI8_9,text,20,[UNKNOWN],False
-iRBcNs9oI8_9,text,21,[UNKNOWN],False
-iRBcNs9oI8_9,text,22,[UNKNOWN],False
-iRBcNs9oI8_9,text,23,[UNKNOWN],False
-iRBcNs9oI8_9,text,24,[UNKNOWN],False
-iRBcNs9oI8_9,text,25,[UNKNOWN],False
-iRBcNs9oI8_9,text,26,[UNKNOWN],False
-iRBcNs9oI8_9,text,27,[UNKNOWN],False
-iRBcNs9oI8_9,text,28,[UNKNOWN],False
-iRBcNs9oI8_9,text,29,[UNKNOWN],False
-iRBcNs9oI8_9,text,30,[UNKNOWN],False
-iRBcNs9oI8_9,text,31,[UNKNOWN],False
-iRBcNs9oI8_9,text,32,[UNKNOWN],False
-iRBcNs9oI8_9,text,33,[UNKNOWN],False
-iRBcNs9oI8_9,text,34,[UNKNOWN],False
-iRBcNs9oI8_9,text,35,[UNKNOWN],False
-iRBcNs9oI8_9,text,36,[UNKNOWN],False
-iRBcNs9oI8_9,text,37,[UNKNOWN],False
-iRBcNs9oI8_9,text,38,[UNKNOWN],False
-iRBcNs9oI8_9,text,39,[UNKNOWN],False
-iRBcNs9oI8_9,text,40,[UNKNOWN],False
-iRBcNs9oI8_9,text,41,[UNKNOWN],False
-iRBcNs9oI8_9,text,42,[UNKNOWN],False
-iRBcNs9oI8_9,text,43,[UNKNOWN],False
-iRBcNs9oI8_9,text,44,[UNKNOWN],False
-iRBcNs9oI8_9,text,45,[UNKNOWN],False
-iRBcNs9oI8_9,text,46,[UNKNOWN],False
-iRBcNs9oI8_9,text,47,[UNKNOWN],False
-iRBcNs9oI8_9,text,48,[UNKNOWN],False
-iRBcNs9oI8_9,text,49,[UNKNOWN],False
-lzEya4AM_4_5,text,0,[UNKNOWN],True
-lzEya4AM_4_5,text,1,[UNKNOWN],True
-lzEya4AM_4_5,text,2,[UNKNOWN],True
-lzEya4AM_4_5,text,3,[UNKNOWN],True
-lzEya4AM_4_5,text,4,[UNKNOWN],True
-lzEya4AM_4_5,text,5,[UNKNOWN],True
-lzEya4AM_4_5,text,6,[UNKNOWN],True
-lzEya4AM_4_5,text,7,[UNKNOWN],True
-lzEya4AM_4_5,text,8,[UNKNOWN],True
-lzEya4AM_4_5,text,9,[UNKNOWN],True
-lzEya4AM_4_5,text,10,[UNKNOWN],True
-lzEya4AM_4_5,text,11,[UNKNOWN],True
-lzEya4AM_4_5,text,12,[UNKNOWN],True
-lzEya4AM_4_5,text,13,[UNKNOWN],True
-lzEya4AM_4_5,text,14,[UNKNOWN],True
-lzEya4AM_4_5,text,15,[UNKNOWN],True
-lzEya4AM_4_5,text,16,[UNKNOWN],True
-lzEya4AM_4_5,text,17,[UNKNOWN],True
-lzEya4AM_4_5,text,18,[UNKNOWN],True
-lzEya4AM_4_5,text,19,[UNKNOWN],True
-lzEya4AM_4_5,text,20,[UNKNOWN],True
-lzEya4AM_4_5,text,21,[UNKNOWN],True
-lzEya4AM_4_5,text,22,[UNKNOWN],True
-lzEya4AM_4_5,text,23,[UNKNOWN],False
-lzEya4AM_4_5,text,24,[UNKNOWN],False
-lzEya4AM_4_5,text,25,[UNKNOWN],False
-lzEya4AM_4_5,text,26,[UNKNOWN],False
-lzEya4AM_4_5,text,27,[UNKNOWN],False
-lzEya4AM_4_5,text,28,[UNKNOWN],False
-lzEya4AM_4_5,text,29,[UNKNOWN],False
-lzEya4AM_4_5,text,30,[UNKNOWN],False
-lzEya4AM_4_5,text,31,[UNKNOWN],False
-lzEya4AM_4_5,text,32,[UNKNOWN],False
-lzEya4AM_4_5,text,33,[UNKNOWN],False
-lzEya4AM_4_5,text,34,[UNKNOWN],False
-lzEya4AM_4_5,text,35,[UNKNOWN],False
-lzEya4AM_4_5,text,36,[UNKNOWN],False
-lzEya4AM_4_5,text,37,[UNKNOWN],False
-lzEya4AM_4_5,text,38,[UNKNOWN],False
-lzEya4AM_4_5,text,39,[UNKNOWN],False
-lzEya4AM_4_5,text,40,[UNKNOWN],False
-lzEya4AM_4_5,text,41,[UNKNOWN],False
-lzEya4AM_4_5,text,42,[UNKNOWN],False
-lzEya4AM_4_5,text,43,[UNKNOWN],False
-lzEya4AM_4_5,text,44,[UNKNOWN],False
-lzEya4AM_4_5,text,45,[UNKNOWN],False
-lzEya4AM_4_5,text,46,[UNKNOWN],False
-lzEya4AM_4_5,text,47,[UNKNOWN],False
-lzEya4AM_4_5,text,48,[UNKNOWN],False
-lzEya4AM_4_5,text,49,[UNKNOWN],False
-lzEya4AM_4_6,text,0,[UNKNOWN],True
-lzEya4AM_4_6,text,1,[UNKNOWN],True
-lzEya4AM_4_6,text,2,[UNKNOWN],True
-lzEya4AM_4_6,text,3,[UNKNOWN],True
-lzEya4AM_4_6,text,4,[UNKNOWN],True
-lzEya4AM_4_6,text,5,[UNKNOWN],True
-lzEya4AM_4_6,text,6,[UNKNOWN],True
-lzEya4AM_4_6,text,7,[UNKNOWN],True
-lzEya4AM_4_6,text,8,[UNKNOWN],True
-lzEya4AM_4_6,text,9,[UNKNOWN],True
-lzEya4AM_4_6,text,10,[UNKNOWN],True
-lzEya4AM_4_6,text,11,[UNKNOWN],True
-lzEya4AM_4_6,text,12,[UNKNOWN],True
-lzEya4AM_4_6,text,13,[UNKNOWN],True
-lzEya4AM_4_6,text,14,[UNKNOWN],True
-lzEya4AM_4_6,text,15,[UNKNOWN],True
-lzEya4AM_4_6,text,16,[UNKNOWN],True
-lzEya4AM_4_6,text,17,[UNKNOWN],True
-lzEya4AM_4_6,text,18,[UNKNOWN],True
-lzEya4AM_4_6,text,19,[UNKNOWN],True
-lzEya4AM_4_6,text,20,[UNKNOWN],True
-lzEya4AM_4_6,text,21,[UNKNOWN],True
-lzEya4AM_4_6,text,22,[UNKNOWN],True
-lzEya4AM_4_6,text,23,[UNKNOWN],True
-lzEya4AM_4_6,text,24,[UNKNOWN],True
-lzEya4AM_4_6,text,25,[UNKNOWN],True
-lzEya4AM_4_6,text,26,[UNKNOWN],True
-lzEya4AM_4_6,text,27,[UNKNOWN],True
-lzEya4AM_4_6,text,28,[UNKNOWN],True
-lzEya4AM_4_6,text,29,[UNKNOWN],True
-lzEya4AM_4_6,text,30,[UNKNOWN],True
-lzEya4AM_4_6,text,31,[UNKNOWN],True
-lzEya4AM_4_6,text,32,[UNKNOWN],True
-lzEya4AM_4_6,text,33,[UNKNOWN],True
-lzEya4AM_4_6,text,34,[UNKNOWN],True
-lzEya4AM_4_6,text,35,[UNKNOWN],True
-lzEya4AM_4_6,text,36,[UNKNOWN],True
-lzEya4AM_4_6,text,37,[UNKNOWN],True
-lzEya4AM_4_6,text,38,[UNKNOWN],True
-lzEya4AM_4_6,text,39,[UNKNOWN],True
-lzEya4AM_4_6,text,40,[UNKNOWN],True
-lzEya4AM_4_6,text,41,[UNKNOWN],True
-lzEya4AM_4_6,text,42,[UNKNOWN],True
-lzEya4AM_4_6,text,43,[UNKNOWN],True
-lzEya4AM_4_6,text,44,[UNKNOWN],True
-lzEya4AM_4_6,text,45,[UNKNOWN],True
-lzEya4AM_4_6,text,46,[UNKNOWN],True
-lzEya4AM_4_6,text,47,[UNKNOWN],True
-lzEya4AM_4_6,text,48,[UNKNOWN],True
-lzEya4AM_4_6,text,49,[UNKNOWN],True
-mJ2ud6oKI8_1,text,0,[UNKNOWN],True
-mJ2ud6oKI8_1,text,1,[UNKNOWN],True
-mJ2ud6oKI8_1,text,2,[UNKNOWN],True
-mJ2ud6oKI8_1,text,3,[UNKNOWN],True
-mJ2ud6oKI8_1,text,4,[UNKNOWN],True
-mJ2ud6oKI8_1,text,5,[UNKNOWN],True
-mJ2ud6oKI8_1,text,6,[UNKNOWN],True
-mJ2ud6oKI8_1,text,7,[UNKNOWN],True
-mJ2ud6oKI8_1,text,8,[UNKNOWN],True
-mJ2ud6oKI8_1,text,9,[UNKNOWN],True
-mJ2ud6oKI8_1,text,10,[UNKNOWN],True
-mJ2ud6oKI8_1,text,11,[UNKNOWN],True
-mJ2ud6oKI8_1,text,12,[UNKNOWN],True
-mJ2ud6oKI8_1,text,13,[UNKNOWN],True
-mJ2ud6oKI8_1,text,14,[UNKNOWN],True
-mJ2ud6oKI8_1,text,15,[UNKNOWN],False
-mJ2ud6oKI8_1,text,16,[UNKNOWN],False
-mJ2ud6oKI8_1,text,17,[UNKNOWN],False
-mJ2ud6oKI8_1,text,18,[UNKNOWN],False
-mJ2ud6oKI8_1,text,19,[UNKNOWN],False
-mJ2ud6oKI8_1,text,20,[UNKNOWN],False
-mJ2ud6oKI8_1,text,21,[UNKNOWN],False
-mJ2ud6oKI8_1,text,22,[UNKNOWN],False
-mJ2ud6oKI8_1,text,23,[UNKNOWN],False
-mJ2ud6oKI8_1,text,24,[UNKNOWN],False
-mJ2ud6oKI8_1,text,25,[UNKNOWN],False
-mJ2ud6oKI8_1,text,26,[UNKNOWN],False
-mJ2ud6oKI8_1,text,27,[UNKNOWN],False
-mJ2ud6oKI8_1,text,28,[UNKNOWN],False
-mJ2ud6oKI8_1,text,29,[UNKNOWN],False
-mJ2ud6oKI8_1,text,30,[UNKNOWN],False
-mJ2ud6oKI8_1,text,31,[UNKNOWN],False
-mJ2ud6oKI8_1,text,32,[UNKNOWN],False
-mJ2ud6oKI8_1,text,33,[UNKNOWN],False
-mJ2ud6oKI8_1,text,34,[UNKNOWN],False
-mJ2ud6oKI8_1,text,35,[UNKNOWN],False
-mJ2ud6oKI8_1,text,36,[UNKNOWN],False
-mJ2ud6oKI8_1,text,37,[UNKNOWN],False
-mJ2ud6oKI8_1,text,38,[UNKNOWN],False
-mJ2ud6oKI8_1,text,39,[UNKNOWN],False
-mJ2ud6oKI8_1,text,40,[UNKNOWN],False
-mJ2ud6oKI8_1,text,41,[UNKNOWN],False
-mJ2ud6oKI8_1,text,42,[UNKNOWN],False
-mJ2ud6oKI8_1,text,43,[UNKNOWN],False
-mJ2ud6oKI8_1,text,44,[UNKNOWN],False
-mJ2ud6oKI8_1,text,45,[UNKNOWN],False
-mJ2ud6oKI8_1,text,46,[UNKNOWN],False
-mJ2ud6oKI8_1,text,47,[UNKNOWN],False
-mJ2ud6oKI8_1,text,48,[UNKNOWN],False
-mJ2ud6oKI8_1,text,49,[UNKNOWN],False
-mJ2ud6oKI8_2,text,0,[UNKNOWN],True
-mJ2ud6oKI8_2,text,1,[UNKNOWN],True
-mJ2ud6oKI8_2,text,2,[UNKNOWN],True
-mJ2ud6oKI8_2,text,3,[UNKNOWN],True
-mJ2ud6oKI8_2,text,4,[UNKNOWN],True
-mJ2ud6oKI8_2,text,5,[UNKNOWN],True
-mJ2ud6oKI8_2,text,6,[UNKNOWN],True
-mJ2ud6oKI8_2,text,7,[UNKNOWN],True
-mJ2ud6oKI8_2,text,8,[UNKNOWN],True
-mJ2ud6oKI8_2,text,9,[UNKNOWN],True
-mJ2ud6oKI8_2,text,10,[UNKNOWN],True
-mJ2ud6oKI8_2,text,11,[UNKNOWN],True
-mJ2ud6oKI8_2,text,12,[UNKNOWN],True
-mJ2ud6oKI8_2,text,13,[UNKNOWN],True
-mJ2ud6oKI8_2,text,14,[UNKNOWN],True
-mJ2ud6oKI8_2,text,15,[UNKNOWN],True
-mJ2ud6oKI8_2,text,16,[UNKNOWN],True
-mJ2ud6oKI8_2,text,17,[UNKNOWN],True
-mJ2ud6oKI8_2,text,18,[UNKNOWN],True
-mJ2ud6oKI8_2,text,19,[UNKNOWN],False
-mJ2ud6oKI8_2,text,20,[UNKNOWN],False
-mJ2ud6oKI8_2,text,21,[UNKNOWN],False
-mJ2ud6oKI8_2,text,22,[UNKNOWN],False
-mJ2ud6oKI8_2,text,23,[UNKNOWN],False
-mJ2ud6oKI8_2,text,24,[UNKNOWN],False
-mJ2ud6oKI8_2,text,25,[UNKNOWN],False
-mJ2ud6oKI8_2,text,26,[UNKNOWN],False
-mJ2ud6oKI8_2,text,27,[UNKNOWN],False
-mJ2ud6oKI8_2,text,28,[UNKNOWN],False
-mJ2ud6oKI8_2,text,29,[UNKNOWN],False
-mJ2ud6oKI8_2,text,30,[UNKNOWN],False
-mJ2ud6oKI8_2,text,31,[UNKNOWN],False
-mJ2ud6oKI8_2,text,32,[UNKNOWN],False
-mJ2ud6oKI8_2,text,33,[UNKNOWN],False
-mJ2ud6oKI8_2,text,34,[UNKNOWN],False
-mJ2ud6oKI8_2,text,35,[UNKNOWN],False
-mJ2ud6oKI8_2,text,36,[UNKNOWN],False
-mJ2ud6oKI8_2,text,37,[UNKNOWN],False
-mJ2ud6oKI8_2,text,38,[UNKNOWN],False
-mJ2ud6oKI8_2,text,39,[UNKNOWN],False
-mJ2ud6oKI8_2,text,40,[UNKNOWN],False
-mJ2ud6oKI8_2,text,41,[UNKNOWN],False
-mJ2ud6oKI8_2,text,42,[UNKNOWN],False
-mJ2ud6oKI8_2,text,43,[UNKNOWN],False
-mJ2ud6oKI8_2,text,44,[UNKNOWN],False
-mJ2ud6oKI8_2,text,45,[UNKNOWN],False
-mJ2ud6oKI8_2,text,46,[UNKNOWN],False
-mJ2ud6oKI8_2,text,47,[UNKNOWN],False
-mJ2ud6oKI8_2,text,48,[UNKNOWN],False
-mJ2ud6oKI8_2,text,49,[UNKNOWN],False
-mJ2ud6oKI8_6,text,0,[UNKNOWN],True
-mJ2ud6oKI8_6,text,1,[UNKNOWN],True
-mJ2ud6oKI8_6,text,2,[UNKNOWN],True
-mJ2ud6oKI8_6,text,3,[UNKNOWN],True
-mJ2ud6oKI8_6,text,4,[UNKNOWN],True
-mJ2ud6oKI8_6,text,5,[UNKNOWN],True
-mJ2ud6oKI8_6,text,6,[UNKNOWN],True
-mJ2ud6oKI8_6,text,7,[UNKNOWN],False
-mJ2ud6oKI8_6,text,8,[UNKNOWN],False
-mJ2ud6oKI8_6,text,9,[UNKNOWN],False
-mJ2ud6oKI8_6,text,10,[UNKNOWN],False
-mJ2ud6oKI8_6,text,11,[UNKNOWN],False
-mJ2ud6oKI8_6,text,12,[UNKNOWN],False
-mJ2ud6oKI8_6,text,13,[UNKNOWN],False
-mJ2ud6oKI8_6,text,14,[UNKNOWN],False
-mJ2ud6oKI8_6,text,15,[UNKNOWN],False
-mJ2ud6oKI8_6,text,16,[UNKNOWN],False
-mJ2ud6oKI8_6,text,17,[UNKNOWN],False
-mJ2ud6oKI8_6,text,18,[UNKNOWN],False
-mJ2ud6oKI8_6,text,19,[UNKNOWN],False
-mJ2ud6oKI8_6,text,20,[UNKNOWN],False
-mJ2ud6oKI8_6,text,21,[UNKNOWN],False
-mJ2ud6oKI8_6,text,22,[UNKNOWN],False
-mJ2ud6oKI8_6,text,23,[UNKNOWN],False
-mJ2ud6oKI8_6,text,24,[UNKNOWN],False
-mJ2ud6oKI8_6,text,25,[UNKNOWN],False
-mJ2ud6oKI8_6,text,26,[UNKNOWN],False
-mJ2ud6oKI8_6,text,27,[UNKNOWN],False
-mJ2ud6oKI8_6,text,28,[UNKNOWN],False
-mJ2ud6oKI8_6,text,29,[UNKNOWN],False
-mJ2ud6oKI8_6,text,30,[UNKNOWN],False
-mJ2ud6oKI8_6,text,31,[UNKNOWN],False
-mJ2ud6oKI8_6,text,32,[UNKNOWN],False
-mJ2ud6oKI8_6,text,33,[UNKNOWN],False
-mJ2ud6oKI8_6,text,34,[UNKNOWN],False
-mJ2ud6oKI8_6,text,35,[UNKNOWN],False
-mJ2ud6oKI8_6,text,36,[UNKNOWN],False
-mJ2ud6oKI8_6,text,37,[UNKNOWN],False
-mJ2ud6oKI8_6,text,38,[UNKNOWN],False
-mJ2ud6oKI8_6,text,39,[UNKNOWN],False
-mJ2ud6oKI8_6,text,40,[UNKNOWN],False
-mJ2ud6oKI8_6,text,41,[UNKNOWN],False
-mJ2ud6oKI8_6,text,42,[UNKNOWN],False
-mJ2ud6oKI8_6,text,43,[UNKNOWN],False
-mJ2ud6oKI8_6,text,44,[UNKNOWN],False
-mJ2ud6oKI8_6,text,45,[UNKNOWN],False
-mJ2ud6oKI8_6,text,46,[UNKNOWN],False
-mJ2ud6oKI8_6,text,47,[UNKNOWN],False
-mJ2ud6oKI8_6,text,48,[UNKNOWN],False
-mJ2ud6oKI8_6,text,49,[UNKNOWN],False
-mJ2ud6oKI8_8,text,0,[UNKNOWN],True
-mJ2ud6oKI8_8,text,1,[UNKNOWN],True
-mJ2ud6oKI8_8,text,2,[UNKNOWN],True
-mJ2ud6oKI8_8,text,3,[UNKNOWN],True
-mJ2ud6oKI8_8,text,4,[UNKNOWN],True
-mJ2ud6oKI8_8,text,5,[UNKNOWN],True
-mJ2ud6oKI8_8,text,6,[UNKNOWN],True
-mJ2ud6oKI8_8,text,7,[UNKNOWN],True
-mJ2ud6oKI8_8,text,8,[UNKNOWN],True
-mJ2ud6oKI8_8,text,9,[UNKNOWN],True
-mJ2ud6oKI8_8,text,10,[UNKNOWN],True
-mJ2ud6oKI8_8,text,11,[UNKNOWN],True
-mJ2ud6oKI8_8,text,12,[UNKNOWN],True
-mJ2ud6oKI8_8,text,13,[UNKNOWN],False
-mJ2ud6oKI8_8,text,14,[UNKNOWN],False
-mJ2ud6oKI8_8,text,15,[UNKNOWN],False
-mJ2ud6oKI8_8,text,16,[UNKNOWN],False
-mJ2ud6oKI8_8,text,17,[UNKNOWN],False
-mJ2ud6oKI8_8,text,18,[UNKNOWN],False
-mJ2ud6oKI8_8,text,19,[UNKNOWN],False
-mJ2ud6oKI8_8,text,20,[UNKNOWN],False
-mJ2ud6oKI8_8,text,21,[UNKNOWN],False
-mJ2ud6oKI8_8,text,22,[UNKNOWN],False
-mJ2ud6oKI8_8,text,23,[UNKNOWN],False
-mJ2ud6oKI8_8,text,24,[UNKNOWN],False
-mJ2ud6oKI8_8,text,25,[UNKNOWN],False
-mJ2ud6oKI8_8,text,26,[UNKNOWN],False
-mJ2ud6oKI8_8,text,27,[UNKNOWN],False
-mJ2ud6oKI8_8,text,28,[UNKNOWN],False
-mJ2ud6oKI8_8,text,29,[UNKNOWN],False
-mJ2ud6oKI8_8,text,30,[UNKNOWN],False
-mJ2ud6oKI8_8,text,31,[UNKNOWN],False
-mJ2ud6oKI8_8,text,32,[UNKNOWN],False
-mJ2ud6oKI8_8,text,33,[UNKNOWN],False
-mJ2ud6oKI8_8,text,34,[UNKNOWN],False
-mJ2ud6oKI8_8,text,35,[UNKNOWN],False
-mJ2ud6oKI8_8,text,36,[UNKNOWN],False
-mJ2ud6oKI8_8,text,37,[UNKNOWN],False
-mJ2ud6oKI8_8,text,38,[UNKNOWN],False
-mJ2ud6oKI8_8,text,39,[UNKNOWN],False
-mJ2ud6oKI8_8,text,40,[UNKNOWN],False
-mJ2ud6oKI8_8,text,41,[UNKNOWN],False
-mJ2ud6oKI8_8,text,42,[UNKNOWN],False
-mJ2ud6oKI8_8,text,43,[UNKNOWN],False
-mJ2ud6oKI8_8,text,44,[UNKNOWN],False
-mJ2ud6oKI8_8,text,45,[UNKNOWN],False
-mJ2ud6oKI8_8,text,46,[UNKNOWN],False
-mJ2ud6oKI8_8,text,47,[UNKNOWN],False
-mJ2ud6oKI8_8,text,48,[UNKNOWN],False
-mJ2ud6oKI8_8,text,49,[UNKNOWN],False
-mJ2ud6oKI8_9,text,0,[UNKNOWN],True
-mJ2ud6oKI8_9,text,1,[UNKNOWN],True
-mJ2ud6oKI8_9,text,2,[UNKNOWN],True
-mJ2ud6oKI8_9,text,3,[UNKNOWN],True
-mJ2ud6oKI8_9,text,4,[UNKNOWN],True
-mJ2ud6oKI8_9,text,5,[UNKNOWN],True
-mJ2ud6oKI8_9,text,6,[UNKNOWN],True
-mJ2ud6oKI8_9,text,7,[UNKNOWN],True
-mJ2ud6oKI8_9,text,8,[UNKNOWN],True
-mJ2ud6oKI8_9,text,9,[UNKNOWN],True
-mJ2ud6oKI8_9,text,10,[UNKNOWN],True
-mJ2ud6oKI8_9,text,11,[UNKNOWN],True
-mJ2ud6oKI8_9,text,12,[UNKNOWN],True
-mJ2ud6oKI8_9,text,13,[UNKNOWN],True
-mJ2ud6oKI8_9,text,14,[UNKNOWN],True
-mJ2ud6oKI8_9,text,15,[UNKNOWN],True
-mJ2ud6oKI8_9,text,16,[UNKNOWN],True
-mJ2ud6oKI8_9,text,17,[UNKNOWN],True
-mJ2ud6oKI8_9,text,18,[UNKNOWN],True
-mJ2ud6oKI8_9,text,19,[UNKNOWN],True
-mJ2ud6oKI8_9,text,20,[UNKNOWN],True
-mJ2ud6oKI8_9,text,21,[UNKNOWN],True
-mJ2ud6oKI8_9,text,22,[UNKNOWN],True
-mJ2ud6oKI8_9,text,23,[UNKNOWN],True
-mJ2ud6oKI8_9,text,24,[UNKNOWN],True
-mJ2ud6oKI8_9,text,25,[UNKNOWN],True
-mJ2ud6oKI8_9,text,26,[UNKNOWN],True
-mJ2ud6oKI8_9,text,27,[UNKNOWN],True
-mJ2ud6oKI8_9,text,28,[UNKNOWN],True
-mJ2ud6oKI8_9,text,29,[UNKNOWN],True
-mJ2ud6oKI8_9,text,30,[UNKNOWN],True
-mJ2ud6oKI8_9,text,31,[UNKNOWN],False
-mJ2ud6oKI8_9,text,32,[UNKNOWN],False
-mJ2ud6oKI8_9,text,33,[UNKNOWN],False
-mJ2ud6oKI8_9,text,34,[UNKNOWN],False
-mJ2ud6oKI8_9,text,35,[UNKNOWN],False
-mJ2ud6oKI8_9,text,36,[UNKNOWN],False
-mJ2ud6oKI8_9,text,37,[UNKNOWN],False
-mJ2ud6oKI8_9,text,38,[UNKNOWN],False
-mJ2ud6oKI8_9,text,39,[UNKNOWN],False
-mJ2ud6oKI8_9,text,40,[UNKNOWN],False
-mJ2ud6oKI8_9,text,41,[UNKNOWN],False
-mJ2ud6oKI8_9,text,42,[UNKNOWN],False
-mJ2ud6oKI8_9,text,43,[UNKNOWN],False
-mJ2ud6oKI8_9,text,44,[UNKNOWN],False
-mJ2ud6oKI8_9,text,45,[UNKNOWN],False
-mJ2ud6oKI8_9,text,46,[UNKNOWN],False
-mJ2ud6oKI8_9,text,47,[UNKNOWN],False
-mJ2ud6oKI8_9,text,48,[UNKNOWN],False
-mJ2ud6oKI8_9,text,49,[UNKNOWN],False
-mqbVkbCndg_0,text,0,[UNKNOWN],True
-mqbVkbCndg_0,text,1,[UNKNOWN],True
-mqbVkbCndg_0,text,2,[UNKNOWN],True
-mqbVkbCndg_0,text,3,[UNKNOWN],True
-mqbVkbCndg_0,text,4,[UNKNOWN],True
-mqbVkbCndg_0,text,5,[UNKNOWN],True
-mqbVkbCndg_0,text,6,[UNKNOWN],True
-mqbVkbCndg_0,text,7,[UNKNOWN],True
-mqbVkbCndg_0,text,8,[UNKNOWN],True
-mqbVkbCndg_0,text,9,[UNKNOWN],True
-mqbVkbCndg_0,text,10,[UNKNOWN],True
-mqbVkbCndg_0,text,11,[UNKNOWN],True
-mqbVkbCndg_0,text,12,[UNKNOWN],True
-mqbVkbCndg_0,text,13,[UNKNOWN],True
-mqbVkbCndg_0,text,14,[UNKNOWN],True
-mqbVkbCndg_0,text,15,[UNKNOWN],True
-mqbVkbCndg_0,text,16,[UNKNOWN],True
-mqbVkbCndg_0,text,17,[UNKNOWN],True
-mqbVkbCndg_0,text,18,[UNKNOWN],True
-mqbVkbCndg_0,text,19,[UNKNOWN],False
-mqbVkbCndg_0,text,20,[UNKNOWN],False
-mqbVkbCndg_0,text,21,[UNKNOWN],False
-mqbVkbCndg_0,text,22,[UNKNOWN],False
-mqbVkbCndg_0,text,23,[UNKNOWN],False
-mqbVkbCndg_0,text,24,[UNKNOWN],False
-mqbVkbCndg_0,text,25,[UNKNOWN],False
-mqbVkbCndg_0,text,26,[UNKNOWN],False
-mqbVkbCndg_0,text,27,[UNKNOWN],False
-mqbVkbCndg_0,text,28,[UNKNOWN],False
-mqbVkbCndg_0,text,29,[UNKNOWN],False
-mqbVkbCndg_0,text,30,[UNKNOWN],False
-mqbVkbCndg_0,text,31,[UNKNOWN],False
-mqbVkbCndg_0,text,32,[UNKNOWN],False
-mqbVkbCndg_0,text,33,[UNKNOWN],False
-mqbVkbCndg_0,text,34,[UNKNOWN],False
-mqbVkbCndg_0,text,35,[UNKNOWN],False
-mqbVkbCndg_0,text,36,[UNKNOWN],False
-mqbVkbCndg_0,text,37,[UNKNOWN],False
-mqbVkbCndg_0,text,38,[UNKNOWN],False
-mqbVkbCndg_0,text,39,[UNKNOWN],False
-mqbVkbCndg_0,text,40,[UNKNOWN],False
-mqbVkbCndg_0,text,41,[UNKNOWN],False
-mqbVkbCndg_0,text,42,[UNKNOWN],False
-mqbVkbCndg_0,text,43,[UNKNOWN],False
-mqbVkbCndg_0,text,44,[UNKNOWN],False
-mqbVkbCndg_0,text,45,[UNKNOWN],False
-mqbVkbCndg_0,text,46,[UNKNOWN],False
-mqbVkbCndg_0,text,47,[UNKNOWN],False
-mqbVkbCndg_0,text,48,[UNKNOWN],False
-mqbVkbCndg_0,text,49,[UNKNOWN],False
-qDkUB0GgYY_6,text,0,[UNKNOWN],True
-qDkUB0GgYY_6,text,1,[UNKNOWN],True
-qDkUB0GgYY_6,text,2,[UNKNOWN],True
-qDkUB0GgYY_6,text,3,[UNKNOWN],True
-qDkUB0GgYY_6,text,4,[UNKNOWN],True
-qDkUB0GgYY_6,text,5,[UNKNOWN],True
-qDkUB0GgYY_6,text,6,[UNKNOWN],True
-qDkUB0GgYY_6,text,7,[UNKNOWN],True
-qDkUB0GgYY_6,text,8,[UNKNOWN],True
-qDkUB0GgYY_6,text,9,[UNKNOWN],True
-qDkUB0GgYY_6,text,10,[UNKNOWN],True
-qDkUB0GgYY_6,text,11,[UNKNOWN],True
-qDkUB0GgYY_6,text,12,[UNKNOWN],True
-qDkUB0GgYY_6,text,13,[UNKNOWN],True
-qDkUB0GgYY_6,text,14,[UNKNOWN],True
-qDkUB0GgYY_6,text,15,[UNKNOWN],True
-qDkUB0GgYY_6,text,16,[UNKNOWN],True
-qDkUB0GgYY_6,text,17,[UNKNOWN],True
-qDkUB0GgYY_6,text,18,[UNKNOWN],True
-qDkUB0GgYY_6,text,19,[UNKNOWN],True
-qDkUB0GgYY_6,text,20,[UNKNOWN],False
-qDkUB0GgYY_6,text,21,[UNKNOWN],False
-qDkUB0GgYY_6,text,22,[UNKNOWN],False
-qDkUB0GgYY_6,text,23,[UNKNOWN],False
-qDkUB0GgYY_6,text,24,[UNKNOWN],False
-qDkUB0GgYY_6,text,25,[UNKNOWN],False
-qDkUB0GgYY_6,text,26,[UNKNOWN],False
-qDkUB0GgYY_6,text,27,[UNKNOWN],False
-qDkUB0GgYY_6,text,28,[UNKNOWN],False
-qDkUB0GgYY_6,text,29,[UNKNOWN],False
-qDkUB0GgYY_6,text,30,[UNKNOWN],False
-qDkUB0GgYY_6,text,31,[UNKNOWN],False
-qDkUB0GgYY_6,text,32,[UNKNOWN],False
-qDkUB0GgYY_6,text,33,[UNKNOWN],False
-qDkUB0GgYY_6,text,34,[UNKNOWN],False
-qDkUB0GgYY_6,text,35,[UNKNOWN],False
-qDkUB0GgYY_6,text,36,[UNKNOWN],False
-qDkUB0GgYY_6,text,37,[UNKNOWN],False
-qDkUB0GgYY_6,text,38,[UNKNOWN],False
-qDkUB0GgYY_6,text,39,[UNKNOWN],False
-qDkUB0GgYY_6,text,40,[UNKNOWN],False
-qDkUB0GgYY_6,text,41,[UNKNOWN],False
-qDkUB0GgYY_6,text,42,[UNKNOWN],False
-qDkUB0GgYY_6,text,43,[UNKNOWN],False
-qDkUB0GgYY_6,text,44,[UNKNOWN],False
-qDkUB0GgYY_6,text,45,[UNKNOWN],False
-qDkUB0GgYY_6,text,46,[UNKNOWN],False
-qDkUB0GgYY_6,text,47,[UNKNOWN],False
-qDkUB0GgYY_6,text,48,[UNKNOWN],False
-qDkUB0GgYY_6,text,49,[UNKNOWN],False
-ri04Z7vwnc_0,text,0,[UNKNOWN],True
-ri04Z7vwnc_0,text,1,[UNKNOWN],True
-ri04Z7vwnc_0,text,2,[UNKNOWN],True
-ri04Z7vwnc_0,text,3,[UNKNOWN],True
-ri04Z7vwnc_0,text,4,[UNKNOWN],True
-ri04Z7vwnc_0,text,5,[UNKNOWN],True
-ri04Z7vwnc_0,text,6,[UNKNOWN],True
-ri04Z7vwnc_0,text,7,[UNKNOWN],True
-ri04Z7vwnc_0,text,8,[UNKNOWN],True
-ri04Z7vwnc_0,text,9,[UNKNOWN],True
-ri04Z7vwnc_0,text,10,[UNKNOWN],False
-ri04Z7vwnc_0,text,11,[UNKNOWN],False
-ri04Z7vwnc_0,text,12,[UNKNOWN],False
-ri04Z7vwnc_0,text,13,[UNKNOWN],False
-ri04Z7vwnc_0,text,14,[UNKNOWN],False
-ri04Z7vwnc_0,text,15,[UNKNOWN],False
-ri04Z7vwnc_0,text,16,[UNKNOWN],False
-ri04Z7vwnc_0,text,17,[UNKNOWN],False
-ri04Z7vwnc_0,text,18,[UNKNOWN],False
-ri04Z7vwnc_0,text,19,[UNKNOWN],False
-ri04Z7vwnc_0,text,20,[UNKNOWN],False
-ri04Z7vwnc_0,text,21,[UNKNOWN],False
-ri04Z7vwnc_0,text,22,[UNKNOWN],False
-ri04Z7vwnc_0,text,23,[UNKNOWN],False
-ri04Z7vwnc_0,text,24,[UNKNOWN],False
-ri04Z7vwnc_0,text,25,[UNKNOWN],False
-ri04Z7vwnc_0,text,26,[UNKNOWN],False
-ri04Z7vwnc_0,text,27,[UNKNOWN],False
-ri04Z7vwnc_0,text,28,[UNKNOWN],False
-ri04Z7vwnc_0,text,29,[UNKNOWN],False
-ri04Z7vwnc_0,text,30,[UNKNOWN],False
-ri04Z7vwnc_0,text,31,[UNKNOWN],False
-ri04Z7vwnc_0,text,32,[UNKNOWN],False
-ri04Z7vwnc_0,text,33,[UNKNOWN],False
-ri04Z7vwnc_0,text,34,[UNKNOWN],False
-ri04Z7vwnc_0,text,35,[UNKNOWN],False
-ri04Z7vwnc_0,text,36,[UNKNOWN],False
-ri04Z7vwnc_0,text,37,[UNKNOWN],False
-ri04Z7vwnc_0,text,38,[UNKNOWN],False
-ri04Z7vwnc_0,text,39,[UNKNOWN],False
-ri04Z7vwnc_0,text,40,[UNKNOWN],False
-ri04Z7vwnc_0,text,41,[UNKNOWN],False
-ri04Z7vwnc_0,text,42,[UNKNOWN],False
-ri04Z7vwnc_0,text,43,[UNKNOWN],False
-ri04Z7vwnc_0,text,44,[UNKNOWN],False
-ri04Z7vwnc_0,text,45,[UNKNOWN],False
-ri04Z7vwnc_0,text,46,[UNKNOWN],False
-ri04Z7vwnc_0,text,47,[UNKNOWN],False
-ri04Z7vwnc_0,text,48,[UNKNOWN],False
-ri04Z7vwnc_0,text,49,[UNKNOWN],False
-ri04Z7vwnc_2,text,0,[UNKNOWN],True
-ri04Z7vwnc_2,text,1,[UNKNOWN],True
-ri04Z7vwnc_2,text,2,[UNKNOWN],True
-ri04Z7vwnc_2,text,3,[UNKNOWN],True
-ri04Z7vwnc_2,text,4,[UNKNOWN],True
-ri04Z7vwnc_2,text,5,[UNKNOWN],True
-ri04Z7vwnc_2,text,6,[UNKNOWN],True
-ri04Z7vwnc_2,text,7,[UNKNOWN],True
-ri04Z7vwnc_2,text,8,[UNKNOWN],True
-ri04Z7vwnc_2,text,9,[UNKNOWN],True
-ri04Z7vwnc_2,text,10,[UNKNOWN],True
-ri04Z7vwnc_2,text,11,[UNKNOWN],True
-ri04Z7vwnc_2,text,12,[UNKNOWN],True
-ri04Z7vwnc_2,text,13,[UNKNOWN],True
-ri04Z7vwnc_2,text,14,[UNKNOWN],True
-ri04Z7vwnc_2,text,15,[UNKNOWN],True
-ri04Z7vwnc_2,text,16,[UNKNOWN],True
-ri04Z7vwnc_2,text,17,[UNKNOWN],True
-ri04Z7vwnc_2,text,18,[UNKNOWN],True
-ri04Z7vwnc_2,text,19,[UNKNOWN],True
-ri04Z7vwnc_2,text,20,[UNKNOWN],True
-ri04Z7vwnc_2,text,21,[UNKNOWN],True
-ri04Z7vwnc_2,text,22,[UNKNOWN],True
-ri04Z7vwnc_2,text,23,[UNKNOWN],True
-ri04Z7vwnc_2,text,24,[UNKNOWN],True
-ri04Z7vwnc_2,text,25,[UNKNOWN],True
-ri04Z7vwnc_2,text,26,[UNKNOWN],True
-ri04Z7vwnc_2,text,27,[UNKNOWN],True
-ri04Z7vwnc_2,text,28,[UNKNOWN],False
-ri04Z7vwnc_2,text,29,[UNKNOWN],False
-ri04Z7vwnc_2,text,30,[UNKNOWN],False
-ri04Z7vwnc_2,text,31,[UNKNOWN],False
-ri04Z7vwnc_2,text,32,[UNKNOWN],False
-ri04Z7vwnc_2,text,33,[UNKNOWN],False
-ri04Z7vwnc_2,text,34,[UNKNOWN],False
-ri04Z7vwnc_2,text,35,[UNKNOWN],False
-ri04Z7vwnc_2,text,36,[UNKNOWN],False
-ri04Z7vwnc_2,text,37,[UNKNOWN],False
-ri04Z7vwnc_2,text,38,[UNKNOWN],False
-ri04Z7vwnc_2,text,39,[UNKNOWN],False
-ri04Z7vwnc_2,text,40,[UNKNOWN],False
-ri04Z7vwnc_2,text,41,[UNKNOWN],False
-ri04Z7vwnc_2,text,42,[UNKNOWN],False
-ri04Z7vwnc_2,text,43,[UNKNOWN],False
-ri04Z7vwnc_2,text,44,[UNKNOWN],False
-ri04Z7vwnc_2,text,45,[UNKNOWN],False
-ri04Z7vwnc_2,text,46,[UNKNOWN],False
-ri04Z7vwnc_2,text,47,[UNKNOWN],False
-ri04Z7vwnc_2,text,48,[UNKNOWN],False
-ri04Z7vwnc_2,text,49,[UNKNOWN],False
-ri04Z7vwnc_5,text,0,[UNKNOWN],True
-ri04Z7vwnc_5,text,1,[UNKNOWN],True
-ri04Z7vwnc_5,text,2,[UNKNOWN],True
-ri04Z7vwnc_5,text,3,[UNKNOWN],True
-ri04Z7vwnc_5,text,4,[UNKNOWN],True
-ri04Z7vwnc_5,text,5,[UNKNOWN],True
-ri04Z7vwnc_5,text,6,[UNKNOWN],True
-ri04Z7vwnc_5,text,7,[UNKNOWN],True
-ri04Z7vwnc_5,text,8,[UNKNOWN],True
-ri04Z7vwnc_5,text,9,[UNKNOWN],True
-ri04Z7vwnc_5,text,10,[UNKNOWN],True
-ri04Z7vwnc_5,text,11,[UNKNOWN],True
-ri04Z7vwnc_5,text,12,[UNKNOWN],True
-ri04Z7vwnc_5,text,13,[UNKNOWN],False
-ri04Z7vwnc_5,text,14,[UNKNOWN],False
-ri04Z7vwnc_5,text,15,[UNKNOWN],False
-ri04Z7vwnc_5,text,16,[UNKNOWN],False
-ri04Z7vwnc_5,text,17,[UNKNOWN],False
-ri04Z7vwnc_5,text,18,[UNKNOWN],False
-ri04Z7vwnc_5,text,19,[UNKNOWN],False
-ri04Z7vwnc_5,text,20,[UNKNOWN],False
-ri04Z7vwnc_5,text,21,[UNKNOWN],False
-ri04Z7vwnc_5,text,22,[UNKNOWN],False
-ri04Z7vwnc_5,text,23,[UNKNOWN],False
-ri04Z7vwnc_5,text,24,[UNKNOWN],False
-ri04Z7vwnc_5,text,25,[UNKNOWN],False
-ri04Z7vwnc_5,text,26,[UNKNOWN],False
-ri04Z7vwnc_5,text,27,[UNKNOWN],False
-ri04Z7vwnc_5,text,28,[UNKNOWN],False
-ri04Z7vwnc_5,text,29,[UNKNOWN],False
-ri04Z7vwnc_5,text,30,[UNKNOWN],False
-ri04Z7vwnc_5,text,31,[UNKNOWN],False
-ri04Z7vwnc_5,text,32,[UNKNOWN],False
-ri04Z7vwnc_5,text,33,[UNKNOWN],False
-ri04Z7vwnc_5,text,34,[UNKNOWN],False
-ri04Z7vwnc_5,text,35,[UNKNOWN],False
-ri04Z7vwnc_5,text,36,[UNKNOWN],False
-ri04Z7vwnc_5,text,37,[UNKNOWN],False
-ri04Z7vwnc_5,text,38,[UNKNOWN],False
-ri04Z7vwnc_5,text,39,[UNKNOWN],False
-ri04Z7vwnc_5,text,40,[UNKNOWN],False
-ri04Z7vwnc_5,text,41,[UNKNOWN],False
-ri04Z7vwnc_5,text,42,[UNKNOWN],False
-ri04Z7vwnc_5,text,43,[UNKNOWN],False
-ri04Z7vwnc_5,text,44,[UNKNOWN],False
-ri04Z7vwnc_5,text,45,[UNKNOWN],False
-ri04Z7vwnc_5,text,46,[UNKNOWN],False
-ri04Z7vwnc_5,text,47,[UNKNOWN],False
-ri04Z7vwnc_5,text,48,[UNKNOWN],False
-ri04Z7vwnc_5,text,49,[UNKNOWN],False
-s9qJ7ATP7w_0,text,0,[UNKNOWN],True
-s9qJ7ATP7w_0,text,1,[UNKNOWN],True
-s9qJ7ATP7w_0,text,2,[UNKNOWN],True
-s9qJ7ATP7w_0,text,3,[UNKNOWN],True
-s9qJ7ATP7w_0,text,4,[UNKNOWN],True
-s9qJ7ATP7w_0,text,5,[UNKNOWN],True
-s9qJ7ATP7w_0,text,6,[UNKNOWN],True
-s9qJ7ATP7w_0,text,7,[UNKNOWN],True
-s9qJ7ATP7w_0,text,8,[UNKNOWN],True
-s9qJ7ATP7w_0,text,9,[UNKNOWN],True
-s9qJ7ATP7w_0,text,10,[UNKNOWN],True
-s9qJ7ATP7w_0,text,11,[UNKNOWN],True
-s9qJ7ATP7w_0,text,12,[UNKNOWN],True
-s9qJ7ATP7w_0,text,13,[UNKNOWN],True
-s9qJ7ATP7w_0,text,14,[UNKNOWN],True
-s9qJ7ATP7w_0,text,15,[UNKNOWN],True
-s9qJ7ATP7w_0,text,16,[UNKNOWN],True
-s9qJ7ATP7w_0,text,17,[UNKNOWN],True
-s9qJ7ATP7w_0,text,18,[UNKNOWN],True
-s9qJ7ATP7w_0,text,19,[UNKNOWN],True
-s9qJ7ATP7w_0,text,20,[UNKNOWN],True
-s9qJ7ATP7w_0,text,21,[UNKNOWN],True
-s9qJ7ATP7w_0,text,22,[UNKNOWN],True
-s9qJ7ATP7w_0,text,23,[UNKNOWN],True
-s9qJ7ATP7w_0,text,24,[UNKNOWN],True
-s9qJ7ATP7w_0,text,25,[UNKNOWN],True
-s9qJ7ATP7w_0,text,26,[UNKNOWN],True
-s9qJ7ATP7w_0,text,27,[UNKNOWN],True
-s9qJ7ATP7w_0,text,28,[UNKNOWN],True
-s9qJ7ATP7w_0,text,29,[UNKNOWN],True
-s9qJ7ATP7w_0,text,30,[UNKNOWN],False
-s9qJ7ATP7w_0,text,31,[UNKNOWN],False
-s9qJ7ATP7w_0,text,32,[UNKNOWN],False
-s9qJ7ATP7w_0,text,33,[UNKNOWN],False
-s9qJ7ATP7w_0,text,34,[UNKNOWN],False
-s9qJ7ATP7w_0,text,35,[UNKNOWN],False
-s9qJ7ATP7w_0,text,36,[UNKNOWN],False
-s9qJ7ATP7w_0,text,37,[UNKNOWN],False
-s9qJ7ATP7w_0,text,38,[UNKNOWN],False
-s9qJ7ATP7w_0,text,39,[UNKNOWN],False
-s9qJ7ATP7w_0,text,40,[UNKNOWN],False
-s9qJ7ATP7w_0,text,41,[UNKNOWN],False
-s9qJ7ATP7w_0,text,42,[UNKNOWN],False
-s9qJ7ATP7w_0,text,43,[UNKNOWN],False
-s9qJ7ATP7w_0,text,44,[UNKNOWN],False
-s9qJ7ATP7w_0,text,45,[UNKNOWN],False
-s9qJ7ATP7w_0,text,46,[UNKNOWN],False
-s9qJ7ATP7w_0,text,47,[UNKNOWN],False
-s9qJ7ATP7w_0,text,48,[UNKNOWN],False
-s9qJ7ATP7w_0,text,49,[UNKNOWN],False
-s9qJ7ATP7w_1,text,0,[UNKNOWN],True
-s9qJ7ATP7w_1,text,1,[UNKNOWN],True
-s9qJ7ATP7w_1,text,2,[UNKNOWN],True
-s9qJ7ATP7w_1,text,3,[UNKNOWN],True
-s9qJ7ATP7w_1,text,4,[UNKNOWN],True
-s9qJ7ATP7w_1,text,5,[UNKNOWN],True
-s9qJ7ATP7w_1,text,6,[UNKNOWN],True
-s9qJ7ATP7w_1,text,7,[UNKNOWN],True
-s9qJ7ATP7w_1,text,8,[UNKNOWN],True
-s9qJ7ATP7w_1,text,9,[UNKNOWN],True
-s9qJ7ATP7w_1,text,10,[UNKNOWN],True
-s9qJ7ATP7w_1,text,11,[UNKNOWN],True
-s9qJ7ATP7w_1,text,12,[UNKNOWN],True
-s9qJ7ATP7w_1,text,13,[UNKNOWN],True
-s9qJ7ATP7w_1,text,14,[UNKNOWN],False
-s9qJ7ATP7w_1,text,15,[UNKNOWN],False
-s9qJ7ATP7w_1,text,16,[UNKNOWN],False
-s9qJ7ATP7w_1,text,17,[UNKNOWN],False
-s9qJ7ATP7w_1,text,18,[UNKNOWN],False
-s9qJ7ATP7w_1,text,19,[UNKNOWN],False
-s9qJ7ATP7w_1,text,20,[UNKNOWN],False
-s9qJ7ATP7w_1,text,21,[UNKNOWN],False
-s9qJ7ATP7w_1,text,22,[UNKNOWN],False
-s9qJ7ATP7w_1,text,23,[UNKNOWN],False
-s9qJ7ATP7w_1,text,24,[UNKNOWN],False
-s9qJ7ATP7w_1,text,25,[UNKNOWN],False
-s9qJ7ATP7w_1,text,26,[UNKNOWN],False
-s9qJ7ATP7w_1,text,27,[UNKNOWN],False
-s9qJ7ATP7w_1,text,28,[UNKNOWN],False
-s9qJ7ATP7w_1,text,29,[UNKNOWN],False
-s9qJ7ATP7w_1,text,30,[UNKNOWN],False
-s9qJ7ATP7w_1,text,31,[UNKNOWN],False
-s9qJ7ATP7w_1,text,32,[UNKNOWN],False
-s9qJ7ATP7w_1,text,33,[UNKNOWN],False
-s9qJ7ATP7w_1,text,34,[UNKNOWN],False
-s9qJ7ATP7w_1,text,35,[UNKNOWN],False
-s9qJ7ATP7w_1,text,36,[UNKNOWN],False
-s9qJ7ATP7w_1,text,37,[UNKNOWN],False
-s9qJ7ATP7w_1,text,38,[UNKNOWN],False
-s9qJ7ATP7w_1,text,39,[UNKNOWN],False
-s9qJ7ATP7w_1,text,40,[UNKNOWN],False
-s9qJ7ATP7w_1,text,41,[UNKNOWN],False
-s9qJ7ATP7w_1,text,42,[UNKNOWN],False
-s9qJ7ATP7w_1,text,43,[UNKNOWN],False
-s9qJ7ATP7w_1,text,44,[UNKNOWN],False
-s9qJ7ATP7w_1,text,45,[UNKNOWN],False
-s9qJ7ATP7w_1,text,46,[UNKNOWN],False
-s9qJ7ATP7w_1,text,47,[UNKNOWN],False
-s9qJ7ATP7w_1,text,48,[UNKNOWN],False
-s9qJ7ATP7w_1,text,49,[UNKNOWN],False
-s9qJ7ATP7w_4,text,0,[UNKNOWN],True
-s9qJ7ATP7w_4,text,1,[UNKNOWN],True
-s9qJ7ATP7w_4,text,2,[UNKNOWN],True
-s9qJ7ATP7w_4,text,3,[UNKNOWN],True
-s9qJ7ATP7w_4,text,4,[UNKNOWN],True
-s9qJ7ATP7w_4,text,5,[UNKNOWN],True
-s9qJ7ATP7w_4,text,6,[UNKNOWN],True
-s9qJ7ATP7w_4,text,7,[UNKNOWN],True
-s9qJ7ATP7w_4,text,8,[UNKNOWN],True
-s9qJ7ATP7w_4,text,9,[UNKNOWN],True
-s9qJ7ATP7w_4,text,10,[UNKNOWN],True
-s9qJ7ATP7w_4,text,11,[UNKNOWN],True
-s9qJ7ATP7w_4,text,12,[UNKNOWN],False
-s9qJ7ATP7w_4,text,13,[UNKNOWN],False
-s9qJ7ATP7w_4,text,14,[UNKNOWN],False
-s9qJ7ATP7w_4,text,15,[UNKNOWN],False
-s9qJ7ATP7w_4,text,16,[UNKNOWN],False
-s9qJ7ATP7w_4,text,17,[UNKNOWN],False
-s9qJ7ATP7w_4,text,18,[UNKNOWN],False
-s9qJ7ATP7w_4,text,19,[UNKNOWN],False
-s9qJ7ATP7w_4,text,20,[UNKNOWN],False
-s9qJ7ATP7w_4,text,21,[UNKNOWN],False
-s9qJ7ATP7w_4,text,22,[UNKNOWN],False
-s9qJ7ATP7w_4,text,23,[UNKNOWN],False
-s9qJ7ATP7w_4,text,24,[UNKNOWN],False
-s9qJ7ATP7w_4,text,25,[UNKNOWN],False
-s9qJ7ATP7w_4,text,26,[UNKNOWN],False
-s9qJ7ATP7w_4,text,27,[UNKNOWN],False
-s9qJ7ATP7w_4,text,28,[UNKNOWN],False
-s9qJ7ATP7w_4,text,29,[UNKNOWN],False
-s9qJ7ATP7w_4,text,30,[UNKNOWN],False
-s9qJ7ATP7w_4,text,31,[UNKNOWN],False
-s9qJ7ATP7w_4,text,32,[UNKNOWN],False
-s9qJ7ATP7w_4,text,33,[UNKNOWN],False
-s9qJ7ATP7w_4,text,34,[UNKNOWN],False
-s9qJ7ATP7w_4,text,35,[UNKNOWN],False
-s9qJ7ATP7w_4,text,36,[UNKNOWN],False
-s9qJ7ATP7w_4,text,37,[UNKNOWN],False
-s9qJ7ATP7w_4,text,38,[UNKNOWN],False
-s9qJ7ATP7w_4,text,39,[UNKNOWN],False
-s9qJ7ATP7w_4,text,40,[UNKNOWN],False
-s9qJ7ATP7w_4,text,41,[UNKNOWN],False
-s9qJ7ATP7w_4,text,42,[UNKNOWN],False
-s9qJ7ATP7w_4,text,43,[UNKNOWN],False
-s9qJ7ATP7w_4,text,44,[UNKNOWN],False
-s9qJ7ATP7w_4,text,45,[UNKNOWN],False
-s9qJ7ATP7w_4,text,46,[UNKNOWN],False
-s9qJ7ATP7w_4,text,47,[UNKNOWN],False
-s9qJ7ATP7w_4,text,48,[UNKNOWN],False
-s9qJ7ATP7w_4,text,49,[UNKNOWN],False
-s9qJ7ATP7w_5,text,0,[UNKNOWN],True
-s9qJ7ATP7w_5,text,1,[UNKNOWN],True
-s9qJ7ATP7w_5,text,2,[UNKNOWN],True
-s9qJ7ATP7w_5,text,3,[UNKNOWN],True
-s9qJ7ATP7w_5,text,4,[UNKNOWN],True
-s9qJ7ATP7w_5,text,5,[UNKNOWN],True
-s9qJ7ATP7w_5,text,6,[UNKNOWN],True
-s9qJ7ATP7w_5,text,7,[UNKNOWN],True
-s9qJ7ATP7w_5,text,8,[UNKNOWN],True
-s9qJ7ATP7w_5,text,9,[UNKNOWN],True
-s9qJ7ATP7w_5,text,10,[UNKNOWN],True
-s9qJ7ATP7w_5,text,11,[UNKNOWN],True
-s9qJ7ATP7w_5,text,12,[UNKNOWN],True
-s9qJ7ATP7w_5,text,13,[UNKNOWN],True
-s9qJ7ATP7w_5,text,14,[UNKNOWN],True
-s9qJ7ATP7w_5,text,15,[UNKNOWN],True
-s9qJ7ATP7w_5,text,16,[UNKNOWN],True
-s9qJ7ATP7w_5,text,17,[UNKNOWN],True
-s9qJ7ATP7w_5,text,18,[UNKNOWN],True
-s9qJ7ATP7w_5,text,19,[UNKNOWN],True
-s9qJ7ATP7w_5,text,20,[UNKNOWN],True
-s9qJ7ATP7w_5,text,21,[UNKNOWN],True
-s9qJ7ATP7w_5,text,22,[UNKNOWN],False
-s9qJ7ATP7w_5,text,23,[UNKNOWN],False
-s9qJ7ATP7w_5,text,24,[UNKNOWN],False
-s9qJ7ATP7w_5,text,25,[UNKNOWN],False
-s9qJ7ATP7w_5,text,26,[UNKNOWN],False
-s9qJ7ATP7w_5,text,27,[UNKNOWN],False
-s9qJ7ATP7w_5,text,28,[UNKNOWN],False
-s9qJ7ATP7w_5,text,29,[UNKNOWN],False
-s9qJ7ATP7w_5,text,30,[UNKNOWN],False
-s9qJ7ATP7w_5,text,31,[UNKNOWN],False
-s9qJ7ATP7w_5,text,32,[UNKNOWN],False
-s9qJ7ATP7w_5,text,33,[UNKNOWN],False
-s9qJ7ATP7w_5,text,34,[UNKNOWN],False
-s9qJ7ATP7w_5,text,35,[UNKNOWN],False
-s9qJ7ATP7w_5,text,36,[UNKNOWN],False
-s9qJ7ATP7w_5,text,37,[UNKNOWN],False
-s9qJ7ATP7w_5,text,38,[UNKNOWN],False
-s9qJ7ATP7w_5,text,39,[UNKNOWN],False
-s9qJ7ATP7w_5,text,40,[UNKNOWN],False
-s9qJ7ATP7w_5,text,41,[UNKNOWN],False
-s9qJ7ATP7w_5,text,42,[UNKNOWN],False
-s9qJ7ATP7w_5,text,43,[UNKNOWN],False
-s9qJ7ATP7w_5,text,44,[UNKNOWN],False
-s9qJ7ATP7w_5,text,45,[UNKNOWN],False
-s9qJ7ATP7w_5,text,46,[UNKNOWN],False
-s9qJ7ATP7w_5,text,47,[UNKNOWN],False
-s9qJ7ATP7w_5,text,48,[UNKNOWN],False
-s9qJ7ATP7w_5,text,49,[UNKNOWN],False
-s9qJ7ATP7w_6,text,0,[UNKNOWN],True
-s9qJ7ATP7w_6,text,1,[UNKNOWN],True
-s9qJ7ATP7w_6,text,2,[UNKNOWN],True
-s9qJ7ATP7w_6,text,3,[UNKNOWN],True
-s9qJ7ATP7w_6,text,4,[UNKNOWN],True
-s9qJ7ATP7w_6,text,5,[UNKNOWN],True
-s9qJ7ATP7w_6,text,6,[UNKNOWN],True
-s9qJ7ATP7w_6,text,7,[UNKNOWN],False
-s9qJ7ATP7w_6,text,8,[UNKNOWN],False
-s9qJ7ATP7w_6,text,9,[UNKNOWN],False
-s9qJ7ATP7w_6,text,10,[UNKNOWN],False
-s9qJ7ATP7w_6,text,11,[UNKNOWN],False
-s9qJ7ATP7w_6,text,12,[UNKNOWN],False
-s9qJ7ATP7w_6,text,13,[UNKNOWN],False
-s9qJ7ATP7w_6,text,14,[UNKNOWN],False
-s9qJ7ATP7w_6,text,15,[UNKNOWN],False
-s9qJ7ATP7w_6,text,16,[UNKNOWN],False
-s9qJ7ATP7w_6,text,17,[UNKNOWN],False
-s9qJ7ATP7w_6,text,18,[UNKNOWN],False
-s9qJ7ATP7w_6,text,19,[UNKNOWN],False
-s9qJ7ATP7w_6,text,20,[UNKNOWN],False
-s9qJ7ATP7w_6,text,21,[UNKNOWN],False
-s9qJ7ATP7w_6,text,22,[UNKNOWN],False
-s9qJ7ATP7w_6,text,23,[UNKNOWN],False
-s9qJ7ATP7w_6,text,24,[UNKNOWN],False
-s9qJ7ATP7w_6,text,25,[UNKNOWN],False
-s9qJ7ATP7w_6,text,26,[UNKNOWN],False
-s9qJ7ATP7w_6,text,27,[UNKNOWN],False
-s9qJ7ATP7w_6,text,28,[UNKNOWN],False
-s9qJ7ATP7w_6,text,29,[UNKNOWN],False
-s9qJ7ATP7w_6,text,30,[UNKNOWN],False
-s9qJ7ATP7w_6,text,31,[UNKNOWN],False
-s9qJ7ATP7w_6,text,32,[UNKNOWN],False
-s9qJ7ATP7w_6,text,33,[UNKNOWN],False
-s9qJ7ATP7w_6,text,34,[UNKNOWN],False
-s9qJ7ATP7w_6,text,35,[UNKNOWN],False
-s9qJ7ATP7w_6,text,36,[UNKNOWN],False
-s9qJ7ATP7w_6,text,37,[UNKNOWN],False
-s9qJ7ATP7w_6,text,38,[UNKNOWN],False
-s9qJ7ATP7w_6,text,39,[UNKNOWN],False
-s9qJ7ATP7w_6,text,40,[UNKNOWN],False
-s9qJ7ATP7w_6,text,41,[UNKNOWN],False
-s9qJ7ATP7w_6,text,42,[UNKNOWN],False
-s9qJ7ATP7w_6,text,43,[UNKNOWN],False
-s9qJ7ATP7w_6,text,44,[UNKNOWN],False
-s9qJ7ATP7w_6,text,45,[UNKNOWN],False
-s9qJ7ATP7w_6,text,46,[UNKNOWN],False
-s9qJ7ATP7w_6,text,47,[UNKNOWN],False
-s9qJ7ATP7w_6,text,48,[UNKNOWN],False
-s9qJ7ATP7w_6,text,49,[UNKNOWN],False
-s9qJ7ATP7w_7,text,0,[UNKNOWN],True
-s9qJ7ATP7w_7,text,1,[UNKNOWN],True
-s9qJ7ATP7w_7,text,2,[UNKNOWN],True
-s9qJ7ATP7w_7,text,3,[UNKNOWN],True
-s9qJ7ATP7w_7,text,4,[UNKNOWN],True
-s9qJ7ATP7w_7,text,5,[UNKNOWN],True
-s9qJ7ATP7w_7,text,6,[UNKNOWN],True
-s9qJ7ATP7w_7,text,7,[UNKNOWN],True
-s9qJ7ATP7w_7,text,8,[UNKNOWN],True
-s9qJ7ATP7w_7,text,9,[UNKNOWN],True
-s9qJ7ATP7w_7,text,10,[UNKNOWN],True
-s9qJ7ATP7w_7,text,11,[UNKNOWN],True
-s9qJ7ATP7w_7,text,12,[UNKNOWN],True
-s9qJ7ATP7w_7,text,13,[UNKNOWN],True
-s9qJ7ATP7w_7,text,14,[UNKNOWN],True
-s9qJ7ATP7w_7,text,15,[UNKNOWN],True
-s9qJ7ATP7w_7,text,16,[UNKNOWN],True
-s9qJ7ATP7w_7,text,17,[UNKNOWN],True
-s9qJ7ATP7w_7,text,18,[UNKNOWN],True
-s9qJ7ATP7w_7,text,19,[UNKNOWN],True
-s9qJ7ATP7w_7,text,20,[UNKNOWN],True
-s9qJ7ATP7w_7,text,21,[UNKNOWN],True
-s9qJ7ATP7w_7,text,22,[UNKNOWN],True
-s9qJ7ATP7w_7,text,23,[UNKNOWN],True
-s9qJ7ATP7w_7,text,24,[UNKNOWN],True
-s9qJ7ATP7w_7,text,25,[UNKNOWN],True
-s9qJ7ATP7w_7,text,26,[UNKNOWN],True
-s9qJ7ATP7w_7,text,27,[UNKNOWN],True
-s9qJ7ATP7w_7,text,28,[UNKNOWN],True
-s9qJ7ATP7w_7,text,29,[UNKNOWN],True
-s9qJ7ATP7w_7,text,30,[UNKNOWN],True
-s9qJ7ATP7w_7,text,31,[UNKNOWN],True
-s9qJ7ATP7w_7,text,32,[UNKNOWN],True
-s9qJ7ATP7w_7,text,33,[UNKNOWN],True
-s9qJ7ATP7w_7,text,34,[UNKNOWN],True
-s9qJ7ATP7w_7,text,35,[UNKNOWN],True
-s9qJ7ATP7w_7,text,36,[UNKNOWN],True
-s9qJ7ATP7w_7,text,37,[UNKNOWN],True
-s9qJ7ATP7w_7,text,38,[UNKNOWN],True
-s9qJ7ATP7w_7,text,39,[UNKNOWN],True
-s9qJ7ATP7w_7,text,40,[UNKNOWN],False
-s9qJ7ATP7w_7,text,41,[UNKNOWN],False
-s9qJ7ATP7w_7,text,42,[UNKNOWN],False
-s9qJ7ATP7w_7,text,43,[UNKNOWN],False
-s9qJ7ATP7w_7,text,44,[UNKNOWN],False
-s9qJ7ATP7w_7,text,45,[UNKNOWN],False
-s9qJ7ATP7w_7,text,46,[UNKNOWN],False
-s9qJ7ATP7w_7,text,47,[UNKNOWN],False
-s9qJ7ATP7w_7,text,48,[UNKNOWN],False
-s9qJ7ATP7w_7,text,49,[UNKNOWN],False
-s9qJ7ATP7w_8,text,0,[UNKNOWN],True
-s9qJ7ATP7w_8,text,1,[UNKNOWN],True
-s9qJ7ATP7w_8,text,2,[UNKNOWN],True
-s9qJ7ATP7w_8,text,3,[UNKNOWN],True
-s9qJ7ATP7w_8,text,4,[UNKNOWN],True
-s9qJ7ATP7w_8,text,5,[UNKNOWN],True
-s9qJ7ATP7w_8,text,6,[UNKNOWN],True
-s9qJ7ATP7w_8,text,7,[UNKNOWN],True
-s9qJ7ATP7w_8,text,8,[UNKNOWN],True
-s9qJ7ATP7w_8,text,9,[UNKNOWN],True
-s9qJ7ATP7w_8,text,10,[UNKNOWN],True
-s9qJ7ATP7w_8,text,11,[UNKNOWN],True
-s9qJ7ATP7w_8,text,12,[UNKNOWN],True
-s9qJ7ATP7w_8,text,13,[UNKNOWN],True
-s9qJ7ATP7w_8,text,14,[UNKNOWN],True
-s9qJ7ATP7w_8,text,15,[UNKNOWN],True
-s9qJ7ATP7w_8,text,16,[UNKNOWN],True
-s9qJ7ATP7w_8,text,17,[UNKNOWN],True
-s9qJ7ATP7w_8,text,18,[UNKNOWN],True
-s9qJ7ATP7w_8,text,19,[UNKNOWN],False
-s9qJ7ATP7w_8,text,20,[UNKNOWN],False
-s9qJ7ATP7w_8,text,21,[UNKNOWN],False
-s9qJ7ATP7w_8,text,22,[UNKNOWN],False
-s9qJ7ATP7w_8,text,23,[UNKNOWN],False
-s9qJ7ATP7w_8,text,24,[UNKNOWN],False
-s9qJ7ATP7w_8,text,25,[UNKNOWN],False
-s9qJ7ATP7w_8,text,26,[UNKNOWN],False
-s9qJ7ATP7w_8,text,27,[UNKNOWN],False
-s9qJ7ATP7w_8,text,28,[UNKNOWN],False
-s9qJ7ATP7w_8,text,29,[UNKNOWN],False
-s9qJ7ATP7w_8,text,30,[UNKNOWN],False
-s9qJ7ATP7w_8,text,31,[UNKNOWN],False
-s9qJ7ATP7w_8,text,32,[UNKNOWN],False
-s9qJ7ATP7w_8,text,33,[UNKNOWN],False
-s9qJ7ATP7w_8,text,34,[UNKNOWN],False
-s9qJ7ATP7w_8,text,35,[UNKNOWN],False
-s9qJ7ATP7w_8,text,36,[UNKNOWN],False
-s9qJ7ATP7w_8,text,37,[UNKNOWN],False
-s9qJ7ATP7w_8,text,38,[UNKNOWN],False
-s9qJ7ATP7w_8,text,39,[UNKNOWN],False
-s9qJ7ATP7w_8,text,40,[UNKNOWN],False
-s9qJ7ATP7w_8,text,41,[UNKNOWN],False
-s9qJ7ATP7w_8,text,42,[UNKNOWN],False
-s9qJ7ATP7w_8,text,43,[UNKNOWN],False
-s9qJ7ATP7w_8,text,44,[UNKNOWN],False
-s9qJ7ATP7w_8,text,45,[UNKNOWN],False
-s9qJ7ATP7w_8,text,46,[UNKNOWN],False
-s9qJ7ATP7w_8,text,47,[UNKNOWN],False
-s9qJ7ATP7w_8,text,48,[UNKNOWN],False
-s9qJ7ATP7w_8,text,49,[UNKNOWN],False
-t217m2on-s_2,text,0,[UNKNOWN],True
-t217m2on-s_2,text,1,[UNKNOWN],True
-t217m2on-s_2,text,2,[UNKNOWN],True
-t217m2on-s_2,text,3,[UNKNOWN],True
-t217m2on-s_2,text,4,[UNKNOWN],True
-t217m2on-s_2,text,5,[UNKNOWN],True
-t217m2on-s_2,text,6,[UNKNOWN],True
-t217m2on-s_2,text,7,[UNKNOWN],True
-t217m2on-s_2,text,8,[UNKNOWN],True
-t217m2on-s_2,text,9,[UNKNOWN],True
-t217m2on-s_2,text,10,[UNKNOWN],True
-t217m2on-s_2,text,11,[UNKNOWN],True
-t217m2on-s_2,text,12,[UNKNOWN],True
-t217m2on-s_2,text,13,[UNKNOWN],True
-t217m2on-s_2,text,14,[UNKNOWN],True
-t217m2on-s_2,text,15,[UNKNOWN],True
-t217m2on-s_2,text,16,[UNKNOWN],True
-t217m2on-s_2,text,17,[UNKNOWN],True
-t217m2on-s_2,text,18,[UNKNOWN],False
-t217m2on-s_2,text,19,[UNKNOWN],False
-t217m2on-s_2,text,20,[UNKNOWN],False
-t217m2on-s_2,text,21,[UNKNOWN],False
-t217m2on-s_2,text,22,[UNKNOWN],False
-t217m2on-s_2,text,23,[UNKNOWN],False
-t217m2on-s_2,text,24,[UNKNOWN],False
-t217m2on-s_2,text,25,[UNKNOWN],False
-t217m2on-s_2,text,26,[UNKNOWN],False
-t217m2on-s_2,text,27,[UNKNOWN],False
-t217m2on-s_2,text,28,[UNKNOWN],False
-t217m2on-s_2,text,29,[UNKNOWN],False
-t217m2on-s_2,text,30,[UNKNOWN],False
-t217m2on-s_2,text,31,[UNKNOWN],False
-t217m2on-s_2,text,32,[UNKNOWN],False
-t217m2on-s_2,text,33,[UNKNOWN],False
-t217m2on-s_2,text,34,[UNKNOWN],False
-t217m2on-s_2,text,35,[UNKNOWN],False
-t217m2on-s_2,text,36,[UNKNOWN],False
-t217m2on-s_2,text,37,[UNKNOWN],False
-t217m2on-s_2,text,38,[UNKNOWN],False
-t217m2on-s_2,text,39,[UNKNOWN],False
-t217m2on-s_2,text,40,[UNKNOWN],False
-t217m2on-s_2,text,41,[UNKNOWN],False
-t217m2on-s_2,text,42,[UNKNOWN],False
-t217m2on-s_2,text,43,[UNKNOWN],False
-t217m2on-s_2,text,44,[UNKNOWN],False
-t217m2on-s_2,text,45,[UNKNOWN],False
-t217m2on-s_2,text,46,[UNKNOWN],False
-t217m2on-s_2,text,47,[UNKNOWN],False
-t217m2on-s_2,text,48,[UNKNOWN],False
-t217m2on-s_2,text,49,[UNKNOWN],False
-t217m2on-s_7,text,0,[UNKNOWN],True
-t217m2on-s_7,text,1,[UNKNOWN],True
-t217m2on-s_7,text,2,[UNKNOWN],True
-t217m2on-s_7,text,3,[UNKNOWN],True
-t217m2on-s_7,text,4,[UNKNOWN],True
-t217m2on-s_7,text,5,[UNKNOWN],True
-t217m2on-s_7,text,6,[UNKNOWN],True
-t217m2on-s_7,text,7,[UNKNOWN],True
-t217m2on-s_7,text,8,[UNKNOWN],True
-t217m2on-s_7,text,9,[UNKNOWN],True
-t217m2on-s_7,text,10,[UNKNOWN],True
-t217m2on-s_7,text,11,[UNKNOWN],True
-t217m2on-s_7,text,12,[UNKNOWN],True
-t217m2on-s_7,text,13,[UNKNOWN],True
-t217m2on-s_7,text,14,[UNKNOWN],True
-t217m2on-s_7,text,15,[UNKNOWN],True
-t217m2on-s_7,text,16,[UNKNOWN],True
-t217m2on-s_7,text,17,[UNKNOWN],True
-t217m2on-s_7,text,18,[UNKNOWN],True
-t217m2on-s_7,text,19,[UNKNOWN],True
-t217m2on-s_7,text,20,[UNKNOWN],True
-t217m2on-s_7,text,21,[UNKNOWN],True
-t217m2on-s_7,text,22,[UNKNOWN],True
-t217m2on-s_7,text,23,[UNKNOWN],True
-t217m2on-s_7,text,24,[UNKNOWN],True
-t217m2on-s_7,text,25,[UNKNOWN],True
-t217m2on-s_7,text,26,[UNKNOWN],True
-t217m2on-s_7,text,27,[UNKNOWN],True
-t217m2on-s_7,text,28,[UNKNOWN],True
-t217m2on-s_7,text,29,[UNKNOWN],True
-t217m2on-s_7,text,30,[UNKNOWN],True
-t217m2on-s_7,text,31,[UNKNOWN],True
-t217m2on-s_7,text,32,[UNKNOWN],True
-t217m2on-s_7,text,33,[UNKNOWN],True
-t217m2on-s_7,text,34,[UNKNOWN],True
-t217m2on-s_7,text,35,[UNKNOWN],True
-t217m2on-s_7,text,36,[UNKNOWN],True
-t217m2on-s_7,text,37,[UNKNOWN],True
-t217m2on-s_7,text,38,[UNKNOWN],True
-t217m2on-s_7,text,39,[UNKNOWN],True
-t217m2on-s_7,text,40,[UNKNOWN],True
-t217m2on-s_7,text,41,[UNKNOWN],True
-t217m2on-s_7,text,42,[UNKNOWN],True
-t217m2on-s_7,text,43,[UNKNOWN],True
-t217m2on-s_7,text,44,[UNKNOWN],True
-t217m2on-s_7,text,45,[UNKNOWN],True
-t217m2on-s_7,text,46,[UNKNOWN],True
-t217m2on-s_7,text,47,[UNKNOWN],True
-t217m2on-s_7,text,48,[UNKNOWN],True
-t217m2on-s_7,text,49,[UNKNOWN],True
-tANM6ETl_M_3,text,0,[UNKNOWN],True
-tANM6ETl_M_3,text,1,[UNKNOWN],True
-tANM6ETl_M_3,text,2,[UNKNOWN],True
-tANM6ETl_M_3,text,3,[UNKNOWN],True
-tANM6ETl_M_3,text,4,[UNKNOWN],True
-tANM6ETl_M_3,text,5,[UNKNOWN],True
-tANM6ETl_M_3,text,6,[UNKNOWN],True
-tANM6ETl_M_3,text,7,[UNKNOWN],True
-tANM6ETl_M_3,text,8,[UNKNOWN],True
-tANM6ETl_M_3,text,9,[UNKNOWN],True
-tANM6ETl_M_3,text,10,[UNKNOWN],True
-tANM6ETl_M_3,text,11,[UNKNOWN],True
-tANM6ETl_M_3,text,12,[UNKNOWN],True
-tANM6ETl_M_3,text,13,[UNKNOWN],True
-tANM6ETl_M_3,text,14,[UNKNOWN],True
-tANM6ETl_M_3,text,15,[UNKNOWN],True
-tANM6ETl_M_3,text,16,[UNKNOWN],True
-tANM6ETl_M_3,text,17,[UNKNOWN],True
-tANM6ETl_M_3,text,18,[UNKNOWN],True
-tANM6ETl_M_3,text,19,[UNKNOWN],True
-tANM6ETl_M_3,text,20,[UNKNOWN],True
-tANM6ETl_M_3,text,21,[UNKNOWN],True
-tANM6ETl_M_3,text,22,[UNKNOWN],True
-tANM6ETl_M_3,text,23,[UNKNOWN],True
-tANM6ETl_M_3,text,24,[UNKNOWN],True
-tANM6ETl_M_3,text,25,[UNKNOWN],True
-tANM6ETl_M_3,text,26,[UNKNOWN],True
-tANM6ETl_M_3,text,27,[UNKNOWN],True
-tANM6ETl_M_3,text,28,[UNKNOWN],True
-tANM6ETl_M_3,text,29,[UNKNOWN],True
-tANM6ETl_M_3,text,30,[UNKNOWN],True
-tANM6ETl_M_3,text,31,[UNKNOWN],False
-tANM6ETl_M_3,text,32,[UNKNOWN],False
-tANM6ETl_M_3,text,33,[UNKNOWN],False
-tANM6ETl_M_3,text,34,[UNKNOWN],False
-tANM6ETl_M_3,text,35,[UNKNOWN],False
-tANM6ETl_M_3,text,36,[UNKNOWN],False
-tANM6ETl_M_3,text,37,[UNKNOWN],False
-tANM6ETl_M_3,text,38,[UNKNOWN],False
-tANM6ETl_M_3,text,39,[UNKNOWN],False
-tANM6ETl_M_3,text,40,[UNKNOWN],False
-tANM6ETl_M_3,text,41,[UNKNOWN],False
-tANM6ETl_M_3,text,42,[UNKNOWN],False
-tANM6ETl_M_3,text,43,[UNKNOWN],False
-tANM6ETl_M_3,text,44,[UNKNOWN],False
-tANM6ETl_M_3,text,45,[UNKNOWN],False
-tANM6ETl_M_3,text,46,[UNKNOWN],False
-tANM6ETl_M_3,text,47,[UNKNOWN],False
-tANM6ETl_M_3,text,48,[UNKNOWN],False
-tANM6ETl_M_3,text,49,[UNKNOWN],False
-tPCytz4rww_10,text,0,[UNKNOWN],True
-tPCytz4rww_10,text,1,[UNKNOWN],True
-tPCytz4rww_10,text,2,[UNKNOWN],True
-tPCytz4rww_10,text,3,[UNKNOWN],True
-tPCytz4rww_10,text,4,[UNKNOWN],True
-tPCytz4rww_10,text,5,[UNKNOWN],True
-tPCytz4rww_10,text,6,[UNKNOWN],True
-tPCytz4rww_10,text,7,[UNKNOWN],True
-tPCytz4rww_10,text,8,[UNKNOWN],True
-tPCytz4rww_10,text,9,[UNKNOWN],True
-tPCytz4rww_10,text,10,[UNKNOWN],True
-tPCytz4rww_10,text,11,[UNKNOWN],True
-tPCytz4rww_10,text,12,[UNKNOWN],True
-tPCytz4rww_10,text,13,[UNKNOWN],True
-tPCytz4rww_10,text,14,[UNKNOWN],True
-tPCytz4rww_10,text,15,[UNKNOWN],True
-tPCytz4rww_10,text,16,[UNKNOWN],True
-tPCytz4rww_10,text,17,[UNKNOWN],False
-tPCytz4rww_10,text,18,[UNKNOWN],False
-tPCytz4rww_10,text,19,[UNKNOWN],False
-tPCytz4rww_10,text,20,[UNKNOWN],False
-tPCytz4rww_10,text,21,[UNKNOWN],False
-tPCytz4rww_10,text,22,[UNKNOWN],False
-tPCytz4rww_10,text,23,[UNKNOWN],False
-tPCytz4rww_10,text,24,[UNKNOWN],False
-tPCytz4rww_10,text,25,[UNKNOWN],False
-tPCytz4rww_10,text,26,[UNKNOWN],False
-tPCytz4rww_10,text,27,[UNKNOWN],False
-tPCytz4rww_10,text,28,[UNKNOWN],False
-tPCytz4rww_10,text,29,[UNKNOWN],False
-tPCytz4rww_10,text,30,[UNKNOWN],False
-tPCytz4rww_10,text,31,[UNKNOWN],False
-tPCytz4rww_10,text,32,[UNKNOWN],False
-tPCytz4rww_10,text,33,[UNKNOWN],False
-tPCytz4rww_10,text,34,[UNKNOWN],False
-tPCytz4rww_10,text,35,[UNKNOWN],False
-tPCytz4rww_10,text,36,[UNKNOWN],False
-tPCytz4rww_10,text,37,[UNKNOWN],False
-tPCytz4rww_10,text,38,[UNKNOWN],False
-tPCytz4rww_10,text,39,[UNKNOWN],False
-tPCytz4rww_10,text,40,[UNKNOWN],False
-tPCytz4rww_10,text,41,[UNKNOWN],False
-tPCytz4rww_10,text,42,[UNKNOWN],False
-tPCytz4rww_10,text,43,[UNKNOWN],False
-tPCytz4rww_10,text,44,[UNKNOWN],False
-tPCytz4rww_10,text,45,[UNKNOWN],False
-tPCytz4rww_10,text,46,[UNKNOWN],False
-tPCytz4rww_10,text,47,[UNKNOWN],False
-tPCytz4rww_10,text,48,[UNKNOWN],False
-tPCytz4rww_10,text,49,[UNKNOWN],False
-tPCytz4rww_11,text,0,[UNKNOWN],True
-tPCytz4rww_11,text,1,[UNKNOWN],True
-tPCytz4rww_11,text,2,[UNKNOWN],True
-tPCytz4rww_11,text,3,[UNKNOWN],True
-tPCytz4rww_11,text,4,[UNKNOWN],True
-tPCytz4rww_11,text,5,[UNKNOWN],True
-tPCytz4rww_11,text,6,[UNKNOWN],True
-tPCytz4rww_11,text,7,[UNKNOWN],True
-tPCytz4rww_11,text,8,[UNKNOWN],True
-tPCytz4rww_11,text,9,[UNKNOWN],True
-tPCytz4rww_11,text,10,[UNKNOWN],True
-tPCytz4rww_11,text,11,[UNKNOWN],True
-tPCytz4rww_11,text,12,[UNKNOWN],True
-tPCytz4rww_11,text,13,[UNKNOWN],True
-tPCytz4rww_11,text,14,[UNKNOWN],True
-tPCytz4rww_11,text,15,[UNKNOWN],True
-tPCytz4rww_11,text,16,[UNKNOWN],True
-tPCytz4rww_11,text,17,[UNKNOWN],True
-tPCytz4rww_11,text,18,[UNKNOWN],True
-tPCytz4rww_11,text,19,[UNKNOWN],True
-tPCytz4rww_11,text,20,[UNKNOWN],True
-tPCytz4rww_11,text,21,[UNKNOWN],True
-tPCytz4rww_11,text,22,[UNKNOWN],False
-tPCytz4rww_11,text,23,[UNKNOWN],False
-tPCytz4rww_11,text,24,[UNKNOWN],False
-tPCytz4rww_11,text,25,[UNKNOWN],False
-tPCytz4rww_11,text,26,[UNKNOWN],False
-tPCytz4rww_11,text,27,[UNKNOWN],False
-tPCytz4rww_11,text,28,[UNKNOWN],False
-tPCytz4rww_11,text,29,[UNKNOWN],False
-tPCytz4rww_11,text,30,[UNKNOWN],False
-tPCytz4rww_11,text,31,[UNKNOWN],False
-tPCytz4rww_11,text,32,[UNKNOWN],False
-tPCytz4rww_11,text,33,[UNKNOWN],False
-tPCytz4rww_11,text,34,[UNKNOWN],False
-tPCytz4rww_11,text,35,[UNKNOWN],False
-tPCytz4rww_11,text,36,[UNKNOWN],False
-tPCytz4rww_11,text,37,[UNKNOWN],False
-tPCytz4rww_11,text,38,[UNKNOWN],False
-tPCytz4rww_11,text,39,[UNKNOWN],False
-tPCytz4rww_11,text,40,[UNKNOWN],False
-tPCytz4rww_11,text,41,[UNKNOWN],False
-tPCytz4rww_11,text,42,[UNKNOWN],False
-tPCytz4rww_11,text,43,[UNKNOWN],False
-tPCytz4rww_11,text,44,[UNKNOWN],False
-tPCytz4rww_11,text,45,[UNKNOWN],False
-tPCytz4rww_11,text,46,[UNKNOWN],False
-tPCytz4rww_11,text,47,[UNKNOWN],False
-tPCytz4rww_11,text,48,[UNKNOWN],False
-tPCytz4rww_11,text,49,[UNKNOWN],False
-tPCytz4rww_12,text,0,[UNKNOWN],True
-tPCytz4rww_12,text,1,[UNKNOWN],True
-tPCytz4rww_12,text,2,[UNKNOWN],True
-tPCytz4rww_12,text,3,[UNKNOWN],True
-tPCytz4rww_12,text,4,[UNKNOWN],True
-tPCytz4rww_12,text,5,[UNKNOWN],True
-tPCytz4rww_12,text,6,[UNKNOWN],True
-tPCytz4rww_12,text,7,[UNKNOWN],True
-tPCytz4rww_12,text,8,[UNKNOWN],True
-tPCytz4rww_12,text,9,[UNKNOWN],True
-tPCytz4rww_12,text,10,[UNKNOWN],True
-tPCytz4rww_12,text,11,[UNKNOWN],True
-tPCytz4rww_12,text,12,[UNKNOWN],True
-tPCytz4rww_12,text,13,[UNKNOWN],True
-tPCytz4rww_12,text,14,[UNKNOWN],True
-tPCytz4rww_12,text,15,[UNKNOWN],True
-tPCytz4rww_12,text,16,[UNKNOWN],True
-tPCytz4rww_12,text,17,[UNKNOWN],True
-tPCytz4rww_12,text,18,[UNKNOWN],True
-tPCytz4rww_12,text,19,[UNKNOWN],True
-tPCytz4rww_12,text,20,[UNKNOWN],True
-tPCytz4rww_12,text,21,[UNKNOWN],True
-tPCytz4rww_12,text,22,[UNKNOWN],True
-tPCytz4rww_12,text,23,[UNKNOWN],True
-tPCytz4rww_12,text,24,[UNKNOWN],True
-tPCytz4rww_12,text,25,[UNKNOWN],True
-tPCytz4rww_12,text,26,[UNKNOWN],True
-tPCytz4rww_12,text,27,[UNKNOWN],True
-tPCytz4rww_12,text,28,[UNKNOWN],True
-tPCytz4rww_12,text,29,[UNKNOWN],True
-tPCytz4rww_12,text,30,[UNKNOWN],False
-tPCytz4rww_12,text,31,[UNKNOWN],False
-tPCytz4rww_12,text,32,[UNKNOWN],False
-tPCytz4rww_12,text,33,[UNKNOWN],False
-tPCytz4rww_12,text,34,[UNKNOWN],False
-tPCytz4rww_12,text,35,[UNKNOWN],False
-tPCytz4rww_12,text,36,[UNKNOWN],False
-tPCytz4rww_12,text,37,[UNKNOWN],False
-tPCytz4rww_12,text,38,[UNKNOWN],False
-tPCytz4rww_12,text,39,[UNKNOWN],False
-tPCytz4rww_12,text,40,[UNKNOWN],False
-tPCytz4rww_12,text,41,[UNKNOWN],False
-tPCytz4rww_12,text,42,[UNKNOWN],False
-tPCytz4rww_12,text,43,[UNKNOWN],False
-tPCytz4rww_12,text,44,[UNKNOWN],False
-tPCytz4rww_12,text,45,[UNKNOWN],False
-tPCytz4rww_12,text,46,[UNKNOWN],False
-tPCytz4rww_12,text,47,[UNKNOWN],False
-tPCytz4rww_12,text,48,[UNKNOWN],False
-tPCytz4rww_12,text,49,[UNKNOWN],False
-tPCytz4rww_16,text,0,[UNKNOWN],True
-tPCytz4rww_16,text,1,[UNKNOWN],True
-tPCytz4rww_16,text,2,[UNKNOWN],True
-tPCytz4rww_16,text,3,[UNKNOWN],True
-tPCytz4rww_16,text,4,[UNKNOWN],True
-tPCytz4rww_16,text,5,[UNKNOWN],True
-tPCytz4rww_16,text,6,[UNKNOWN],True
-tPCytz4rww_16,text,7,[UNKNOWN],True
-tPCytz4rww_16,text,8,[UNKNOWN],True
-tPCytz4rww_16,text,9,[UNKNOWN],True
-tPCytz4rww_16,text,10,[UNKNOWN],True
-tPCytz4rww_16,text,11,[UNKNOWN],True
-tPCytz4rww_16,text,12,[UNKNOWN],True
-tPCytz4rww_16,text,13,[UNKNOWN],True
-tPCytz4rww_16,text,14,[UNKNOWN],True
-tPCytz4rww_16,text,15,[UNKNOWN],True
-tPCytz4rww_16,text,16,[UNKNOWN],True
-tPCytz4rww_16,text,17,[UNKNOWN],True
-tPCytz4rww_16,text,18,[UNKNOWN],True
-tPCytz4rww_16,text,19,[UNKNOWN],False
-tPCytz4rww_16,text,20,[UNKNOWN],False
-tPCytz4rww_16,text,21,[UNKNOWN],False
-tPCytz4rww_16,text,22,[UNKNOWN],False
-tPCytz4rww_16,text,23,[UNKNOWN],False
-tPCytz4rww_16,text,24,[UNKNOWN],False
-tPCytz4rww_16,text,25,[UNKNOWN],False
-tPCytz4rww_16,text,26,[UNKNOWN],False
-tPCytz4rww_16,text,27,[UNKNOWN],False
-tPCytz4rww_16,text,28,[UNKNOWN],False
-tPCytz4rww_16,text,29,[UNKNOWN],False
-tPCytz4rww_16,text,30,[UNKNOWN],False
-tPCytz4rww_16,text,31,[UNKNOWN],False
-tPCytz4rww_16,text,32,[UNKNOWN],False
-tPCytz4rww_16,text,33,[UNKNOWN],False
-tPCytz4rww_16,text,34,[UNKNOWN],False
-tPCytz4rww_16,text,35,[UNKNOWN],False
-tPCytz4rww_16,text,36,[UNKNOWN],False
-tPCytz4rww_16,text,37,[UNKNOWN],False
-tPCytz4rww_16,text,38,[UNKNOWN],False
-tPCytz4rww_16,text,39,[UNKNOWN],False
-tPCytz4rww_16,text,40,[UNKNOWN],False
-tPCytz4rww_16,text,41,[UNKNOWN],False
-tPCytz4rww_16,text,42,[UNKNOWN],False
-tPCytz4rww_16,text,43,[UNKNOWN],False
-tPCytz4rww_16,text,44,[UNKNOWN],False
-tPCytz4rww_16,text,45,[UNKNOWN],False
-tPCytz4rww_16,text,46,[UNKNOWN],False
-tPCytz4rww_16,text,47,[UNKNOWN],False
-tPCytz4rww_16,text,48,[UNKNOWN],False
-tPCytz4rww_16,text,49,[UNKNOWN],False
-tPCytz4rww_18,text,0,[UNKNOWN],True
-tPCytz4rww_18,text,1,[UNKNOWN],True
-tPCytz4rww_18,text,2,[UNKNOWN],True
-tPCytz4rww_18,text,3,[UNKNOWN],True
-tPCytz4rww_18,text,4,[UNKNOWN],True
-tPCytz4rww_18,text,5,[UNKNOWN],True
-tPCytz4rww_18,text,6,[UNKNOWN],True
-tPCytz4rww_18,text,7,[UNKNOWN],True
-tPCytz4rww_18,text,8,[UNKNOWN],True
-tPCytz4rww_18,text,9,[UNKNOWN],True
-tPCytz4rww_18,text,10,[UNKNOWN],True
-tPCytz4rww_18,text,11,[UNKNOWN],True
-tPCytz4rww_18,text,12,[UNKNOWN],True
-tPCytz4rww_18,text,13,[UNKNOWN],True
-tPCytz4rww_18,text,14,[UNKNOWN],True
-tPCytz4rww_18,text,15,[UNKNOWN],True
-tPCytz4rww_18,text,16,[UNKNOWN],True
-tPCytz4rww_18,text,17,[UNKNOWN],True
-tPCytz4rww_18,text,18,[UNKNOWN],True
-tPCytz4rww_18,text,19,[UNKNOWN],True
-tPCytz4rww_18,text,20,[UNKNOWN],True
-tPCytz4rww_18,text,21,[UNKNOWN],True
-tPCytz4rww_18,text,22,[UNKNOWN],True
-tPCytz4rww_18,text,23,[UNKNOWN],True
-tPCytz4rww_18,text,24,[UNKNOWN],False
-tPCytz4rww_18,text,25,[UNKNOWN],False
-tPCytz4rww_18,text,26,[UNKNOWN],False
-tPCytz4rww_18,text,27,[UNKNOWN],False
-tPCytz4rww_18,text,28,[UNKNOWN],False
-tPCytz4rww_18,text,29,[UNKNOWN],False
-tPCytz4rww_18,text,30,[UNKNOWN],False
-tPCytz4rww_18,text,31,[UNKNOWN],False
-tPCytz4rww_18,text,32,[UNKNOWN],False
-tPCytz4rww_18,text,33,[UNKNOWN],False
-tPCytz4rww_18,text,34,[UNKNOWN],False
-tPCytz4rww_18,text,35,[UNKNOWN],False
-tPCytz4rww_18,text,36,[UNKNOWN],False
-tPCytz4rww_18,text,37,[UNKNOWN],False
-tPCytz4rww_18,text,38,[UNKNOWN],False
-tPCytz4rww_18,text,39,[UNKNOWN],False
-tPCytz4rww_18,text,40,[UNKNOWN],False
-tPCytz4rww_18,text,41,[UNKNOWN],False
-tPCytz4rww_18,text,42,[UNKNOWN],False
-tPCytz4rww_18,text,43,[UNKNOWN],False
-tPCytz4rww_18,text,44,[UNKNOWN],False
-tPCytz4rww_18,text,45,[UNKNOWN],False
-tPCytz4rww_18,text,46,[UNKNOWN],False
-tPCytz4rww_18,text,47,[UNKNOWN],False
-tPCytz4rww_18,text,48,[UNKNOWN],False
-tPCytz4rww_18,text,49,[UNKNOWN],False
-uywlfIYOS8_4,text,0,[UNKNOWN],True
-uywlfIYOS8_4,text,1,[UNKNOWN],True
-uywlfIYOS8_4,text,2,[UNKNOWN],True
-uywlfIYOS8_4,text,3,[UNKNOWN],True
-uywlfIYOS8_4,text,4,[UNKNOWN],True
-uywlfIYOS8_4,text,5,[UNKNOWN],True
-uywlfIYOS8_4,text,6,[UNKNOWN],True
-uywlfIYOS8_4,text,7,[UNKNOWN],True
-uywlfIYOS8_4,text,8,[UNKNOWN],True
-uywlfIYOS8_4,text,9,[UNKNOWN],True
-uywlfIYOS8_4,text,10,[UNKNOWN],True
-uywlfIYOS8_4,text,11,[UNKNOWN],True
-uywlfIYOS8_4,text,12,[UNKNOWN],True
-uywlfIYOS8_4,text,13,[UNKNOWN],True
-uywlfIYOS8_4,text,14,[UNKNOWN],True
-uywlfIYOS8_4,text,15,[UNKNOWN],True
-uywlfIYOS8_4,text,16,[UNKNOWN],True
-uywlfIYOS8_4,text,17,[UNKNOWN],True
-uywlfIYOS8_4,text,18,[UNKNOWN],True
-uywlfIYOS8_4,text,19,[UNKNOWN],True
-uywlfIYOS8_4,text,20,[UNKNOWN],True
-uywlfIYOS8_4,text,21,[UNKNOWN],True
-uywlfIYOS8_4,text,22,[UNKNOWN],True
-uywlfIYOS8_4,text,23,[UNKNOWN],True
-uywlfIYOS8_4,text,24,[UNKNOWN],False
-uywlfIYOS8_4,text,25,[UNKNOWN],False
-uywlfIYOS8_4,text,26,[UNKNOWN],False
-uywlfIYOS8_4,text,27,[UNKNOWN],False
-uywlfIYOS8_4,text,28,[UNKNOWN],False
-uywlfIYOS8_4,text,29,[UNKNOWN],False
-uywlfIYOS8_4,text,30,[UNKNOWN],False
-uywlfIYOS8_4,text,31,[UNKNOWN],False
-uywlfIYOS8_4,text,32,[UNKNOWN],False
-uywlfIYOS8_4,text,33,[UNKNOWN],False
-uywlfIYOS8_4,text,34,[UNKNOWN],False
-uywlfIYOS8_4,text,35,[UNKNOWN],False
-uywlfIYOS8_4,text,36,[UNKNOWN],False
-uywlfIYOS8_4,text,37,[UNKNOWN],False
-uywlfIYOS8_4,text,38,[UNKNOWN],False
-uywlfIYOS8_4,text,39,[UNKNOWN],False
-uywlfIYOS8_4,text,40,[UNKNOWN],False
-uywlfIYOS8_4,text,41,[UNKNOWN],False
-uywlfIYOS8_4,text,42,[UNKNOWN],False
-uywlfIYOS8_4,text,43,[UNKNOWN],False
-uywlfIYOS8_4,text,44,[UNKNOWN],False
-uywlfIYOS8_4,text,45,[UNKNOWN],False
-uywlfIYOS8_4,text,46,[UNKNOWN],False
-uywlfIYOS8_4,text,47,[UNKNOWN],False
-uywlfIYOS8_4,text,48,[UNKNOWN],False
-uywlfIYOS8_4,text,49,[UNKNOWN],False
-vxjVxOeScU_4,text,0,[UNKNOWN],True
-vxjVxOeScU_4,text,1,[UNKNOWN],True
-vxjVxOeScU_4,text,2,[UNKNOWN],True
-vxjVxOeScU_4,text,3,[UNKNOWN],True
-vxjVxOeScU_4,text,4,[UNKNOWN],True
-vxjVxOeScU_4,text,5,[UNKNOWN],True
-vxjVxOeScU_4,text,6,[UNKNOWN],True
-vxjVxOeScU_4,text,7,[UNKNOWN],True
-vxjVxOeScU_4,text,8,[UNKNOWN],True
-vxjVxOeScU_4,text,9,[UNKNOWN],True
-vxjVxOeScU_4,text,10,[UNKNOWN],True
-vxjVxOeScU_4,text,11,[UNKNOWN],True
-vxjVxOeScU_4,text,12,[UNKNOWN],True
-vxjVxOeScU_4,text,13,[UNKNOWN],True
-vxjVxOeScU_4,text,14,[UNKNOWN],True
-vxjVxOeScU_4,text,15,[UNKNOWN],True
-vxjVxOeScU_4,text,16,[UNKNOWN],True
-vxjVxOeScU_4,text,17,[UNKNOWN],True
-vxjVxOeScU_4,text,18,[UNKNOWN],True
-vxjVxOeScU_4,text,19,[UNKNOWN],True
-vxjVxOeScU_4,text,20,[UNKNOWN],True
-vxjVxOeScU_4,text,21,[UNKNOWN],True
-vxjVxOeScU_4,text,22,[UNKNOWN],True
-vxjVxOeScU_4,text,23,[UNKNOWN],True
-vxjVxOeScU_4,text,24,[UNKNOWN],True
-vxjVxOeScU_4,text,25,[UNKNOWN],True
-vxjVxOeScU_4,text,26,[UNKNOWN],True
-vxjVxOeScU_4,text,27,[UNKNOWN],True
-vxjVxOeScU_4,text,28,[UNKNOWN],True
-vxjVxOeScU_4,text,29,[UNKNOWN],False
-vxjVxOeScU_4,text,30,[UNKNOWN],False
-vxjVxOeScU_4,text,31,[UNKNOWN],False
-vxjVxOeScU_4,text,32,[UNKNOWN],False
-vxjVxOeScU_4,text,33,[UNKNOWN],False
-vxjVxOeScU_4,text,34,[UNKNOWN],False
-vxjVxOeScU_4,text,35,[UNKNOWN],False
-vxjVxOeScU_4,text,36,[UNKNOWN],False
-vxjVxOeScU_4,text,37,[UNKNOWN],False
-vxjVxOeScU_4,text,38,[UNKNOWN],False
-vxjVxOeScU_4,text,39,[UNKNOWN],False
-vxjVxOeScU_4,text,40,[UNKNOWN],False
-vxjVxOeScU_4,text,41,[UNKNOWN],False
-vxjVxOeScU_4,text,42,[UNKNOWN],False
-vxjVxOeScU_4,text,43,[UNKNOWN],False
-vxjVxOeScU_4,text,44,[UNKNOWN],False
-vxjVxOeScU_4,text,45,[UNKNOWN],False
-vxjVxOeScU_4,text,46,[UNKNOWN],False
-vxjVxOeScU_4,text,47,[UNKNOWN],False
-vxjVxOeScU_4,text,48,[UNKNOWN],False
-vxjVxOeScU_4,text,49,[UNKNOWN],False
-wMB_hJL-3o_7,text,0,[UNKNOWN],True
-wMB_hJL-3o_7,text,1,[UNKNOWN],True
-wMB_hJL-3o_7,text,2,[UNKNOWN],True
-wMB_hJL-3o_7,text,3,[UNKNOWN],True
-wMB_hJL-3o_7,text,4,[UNKNOWN],True
-wMB_hJL-3o_7,text,5,[UNKNOWN],True
-wMB_hJL-3o_7,text,6,[UNKNOWN],True
-wMB_hJL-3o_7,text,7,[UNKNOWN],True
-wMB_hJL-3o_7,text,8,[UNKNOWN],True
-wMB_hJL-3o_7,text,9,[UNKNOWN],True
-wMB_hJL-3o_7,text,10,[UNKNOWN],True
-wMB_hJL-3o_7,text,11,[UNKNOWN],True
-wMB_hJL-3o_7,text,12,[UNKNOWN],True
-wMB_hJL-3o_7,text,13,[UNKNOWN],True
-wMB_hJL-3o_7,text,14,[UNKNOWN],True
-wMB_hJL-3o_7,text,15,[UNKNOWN],True
-wMB_hJL-3o_7,text,16,[UNKNOWN],True
-wMB_hJL-3o_7,text,17,[UNKNOWN],True
-wMB_hJL-3o_7,text,18,[UNKNOWN],True
-wMB_hJL-3o_7,text,19,[UNKNOWN],True
-wMB_hJL-3o_7,text,20,[UNKNOWN],True
-wMB_hJL-3o_7,text,21,[UNKNOWN],True
-wMB_hJL-3o_7,text,22,[UNKNOWN],True
-wMB_hJL-3o_7,text,23,[UNKNOWN],True
-wMB_hJL-3o_7,text,24,[UNKNOWN],True
-wMB_hJL-3o_7,text,25,[UNKNOWN],False
-wMB_hJL-3o_7,text,26,[UNKNOWN],False
-wMB_hJL-3o_7,text,27,[UNKNOWN],False
-wMB_hJL-3o_7,text,28,[UNKNOWN],False
-wMB_hJL-3o_7,text,29,[UNKNOWN],False
-wMB_hJL-3o_7,text,30,[UNKNOWN],False
-wMB_hJL-3o_7,text,31,[UNKNOWN],False
-wMB_hJL-3o_7,text,32,[UNKNOWN],False
-wMB_hJL-3o_7,text,33,[UNKNOWN],False
-wMB_hJL-3o_7,text,34,[UNKNOWN],False
-wMB_hJL-3o_7,text,35,[UNKNOWN],False
-wMB_hJL-3o_7,text,36,[UNKNOWN],False
-wMB_hJL-3o_7,text,37,[UNKNOWN],False
-wMB_hJL-3o_7,text,38,[UNKNOWN],False
-wMB_hJL-3o_7,text,39,[UNKNOWN],False
-wMB_hJL-3o_7,text,40,[UNKNOWN],False
-wMB_hJL-3o_7,text,41,[UNKNOWN],False
-wMB_hJL-3o_7,text,42,[UNKNOWN],False
-wMB_hJL-3o_7,text,43,[UNKNOWN],False
-wMB_hJL-3o_7,text,44,[UNKNOWN],False
-wMB_hJL-3o_7,text,45,[UNKNOWN],False
-wMB_hJL-3o_7,text,46,[UNKNOWN],False
-wMB_hJL-3o_7,text,47,[UNKNOWN],False
-wMB_hJL-3o_7,text,48,[UNKNOWN],False
-wMB_hJL-3o_7,text,49,[UNKNOWN],False
-wny0OAz3g8_0,text,0,[UNKNOWN],True
-wny0OAz3g8_0,text,1,[UNKNOWN],True
-wny0OAz3g8_0,text,2,[UNKNOWN],True
-wny0OAz3g8_0,text,3,[UNKNOWN],True
-wny0OAz3g8_0,text,4,[UNKNOWN],True
-wny0OAz3g8_0,text,5,[UNKNOWN],True
-wny0OAz3g8_0,text,6,[UNKNOWN],True
-wny0OAz3g8_0,text,7,[UNKNOWN],True
-wny0OAz3g8_0,text,8,[UNKNOWN],True
-wny0OAz3g8_0,text,9,[UNKNOWN],True
-wny0OAz3g8_0,text,10,[UNKNOWN],True
-wny0OAz3g8_0,text,11,[UNKNOWN],True
-wny0OAz3g8_0,text,12,[UNKNOWN],True
-wny0OAz3g8_0,text,13,[UNKNOWN],False
-wny0OAz3g8_0,text,14,[UNKNOWN],False
-wny0OAz3g8_0,text,15,[UNKNOWN],False
-wny0OAz3g8_0,text,16,[UNKNOWN],False
-wny0OAz3g8_0,text,17,[UNKNOWN],False
-wny0OAz3g8_0,text,18,[UNKNOWN],False
-wny0OAz3g8_0,text,19,[UNKNOWN],False
-wny0OAz3g8_0,text,20,[UNKNOWN],False
-wny0OAz3g8_0,text,21,[UNKNOWN],False
-wny0OAz3g8_0,text,22,[UNKNOWN],False
-wny0OAz3g8_0,text,23,[UNKNOWN],False
-wny0OAz3g8_0,text,24,[UNKNOWN],False
-wny0OAz3g8_0,text,25,[UNKNOWN],False
-wny0OAz3g8_0,text,26,[UNKNOWN],False
-wny0OAz3g8_0,text,27,[UNKNOWN],False
-wny0OAz3g8_0,text,28,[UNKNOWN],False
-wny0OAz3g8_0,text,29,[UNKNOWN],False
-wny0OAz3g8_0,text,30,[UNKNOWN],False
-wny0OAz3g8_0,text,31,[UNKNOWN],False
-wny0OAz3g8_0,text,32,[UNKNOWN],False
-wny0OAz3g8_0,text,33,[UNKNOWN],False
-wny0OAz3g8_0,text,34,[UNKNOWN],False
-wny0OAz3g8_0,text,35,[UNKNOWN],False
-wny0OAz3g8_0,text,36,[UNKNOWN],False
-wny0OAz3g8_0,text,37,[UNKNOWN],False
-wny0OAz3g8_0,text,38,[UNKNOWN],False
-wny0OAz3g8_0,text,39,[UNKNOWN],False
-wny0OAz3g8_0,text,40,[UNKNOWN],False
-wny0OAz3g8_0,text,41,[UNKNOWN],False
-wny0OAz3g8_0,text,42,[UNKNOWN],False
-wny0OAz3g8_0,text,43,[UNKNOWN],False
-wny0OAz3g8_0,text,44,[UNKNOWN],False
-wny0OAz3g8_0,text,45,[UNKNOWN],False
-wny0OAz3g8_0,text,46,[UNKNOWN],False
-wny0OAz3g8_0,text,47,[UNKNOWN],False
-wny0OAz3g8_0,text,48,[UNKNOWN],False
-wny0OAz3g8_0,text,49,[UNKNOWN],False
-wny0OAz3g8_1,text,0,[UNKNOWN],True
-wny0OAz3g8_1,text,1,[UNKNOWN],True
-wny0OAz3g8_1,text,2,[UNKNOWN],True
-wny0OAz3g8_1,text,3,[UNKNOWN],True
-wny0OAz3g8_1,text,4,[UNKNOWN],True
-wny0OAz3g8_1,text,5,[UNKNOWN],True
-wny0OAz3g8_1,text,6,[UNKNOWN],True
-wny0OAz3g8_1,text,7,[UNKNOWN],True
-wny0OAz3g8_1,text,8,[UNKNOWN],True
-wny0OAz3g8_1,text,9,[UNKNOWN],True
-wny0OAz3g8_1,text,10,[UNKNOWN],True
-wny0OAz3g8_1,text,11,[UNKNOWN],True
-wny0OAz3g8_1,text,12,[UNKNOWN],True
-wny0OAz3g8_1,text,13,[UNKNOWN],True
-wny0OAz3g8_1,text,14,[UNKNOWN],True
-wny0OAz3g8_1,text,15,[UNKNOWN],True
-wny0OAz3g8_1,text,16,[UNKNOWN],True
-wny0OAz3g8_1,text,17,[UNKNOWN],True
-wny0OAz3g8_1,text,18,[UNKNOWN],True
-wny0OAz3g8_1,text,19,[UNKNOWN],True
-wny0OAz3g8_1,text,20,[UNKNOWN],True
-wny0OAz3g8_1,text,21,[UNKNOWN],True
-wny0OAz3g8_1,text,22,[UNKNOWN],True
-wny0OAz3g8_1,text,23,[UNKNOWN],True
-wny0OAz3g8_1,text,24,[UNKNOWN],True
-wny0OAz3g8_1,text,25,[UNKNOWN],True
-wny0OAz3g8_1,text,26,[UNKNOWN],True
-wny0OAz3g8_1,text,27,[UNKNOWN],True
-wny0OAz3g8_1,text,28,[UNKNOWN],True
-wny0OAz3g8_1,text,29,[UNKNOWN],True
-wny0OAz3g8_1,text,30,[UNKNOWN],False
-wny0OAz3g8_1,text,31,[UNKNOWN],False
-wny0OAz3g8_1,text,32,[UNKNOWN],False
-wny0OAz3g8_1,text,33,[UNKNOWN],False
-wny0OAz3g8_1,text,34,[UNKNOWN],False
-wny0OAz3g8_1,text,35,[UNKNOWN],False
-wny0OAz3g8_1,text,36,[UNKNOWN],False
-wny0OAz3g8_1,text,37,[UNKNOWN],False
-wny0OAz3g8_1,text,38,[UNKNOWN],False
-wny0OAz3g8_1,text,39,[UNKNOWN],False
-wny0OAz3g8_1,text,40,[UNKNOWN],False
-wny0OAz3g8_1,text,41,[UNKNOWN],False
-wny0OAz3g8_1,text,42,[UNKNOWN],False
-wny0OAz3g8_1,text,43,[UNKNOWN],False
-wny0OAz3g8_1,text,44,[UNKNOWN],False
-wny0OAz3g8_1,text,45,[UNKNOWN],False
-wny0OAz3g8_1,text,46,[UNKNOWN],False
-wny0OAz3g8_1,text,47,[UNKNOWN],False
-wny0OAz3g8_1,text,48,[UNKNOWN],False
-wny0OAz3g8_1,text,49,[UNKNOWN],False
-wny0OAz3g8_2,text,0,[UNKNOWN],True
-wny0OAz3g8_2,text,1,[UNKNOWN],True
-wny0OAz3g8_2,text,2,[UNKNOWN],True
-wny0OAz3g8_2,text,3,[UNKNOWN],True
-wny0OAz3g8_2,text,4,[UNKNOWN],True
-wny0OAz3g8_2,text,5,[UNKNOWN],True
-wny0OAz3g8_2,text,6,[UNKNOWN],True
-wny0OAz3g8_2,text,7,[UNKNOWN],True
-wny0OAz3g8_2,text,8,[UNKNOWN],True
-wny0OAz3g8_2,text,9,[UNKNOWN],True
-wny0OAz3g8_2,text,10,[UNKNOWN],True
-wny0OAz3g8_2,text,11,[UNKNOWN],True
-wny0OAz3g8_2,text,12,[UNKNOWN],True
-wny0OAz3g8_2,text,13,[UNKNOWN],True
-wny0OAz3g8_2,text,14,[UNKNOWN],True
-wny0OAz3g8_2,text,15,[UNKNOWN],True
-wny0OAz3g8_2,text,16,[UNKNOWN],True
-wny0OAz3g8_2,text,17,[UNKNOWN],True
-wny0OAz3g8_2,text,18,[UNKNOWN],True
-wny0OAz3g8_2,text,19,[UNKNOWN],True
-wny0OAz3g8_2,text,20,[UNKNOWN],True
-wny0OAz3g8_2,text,21,[UNKNOWN],True
-wny0OAz3g8_2,text,22,[UNKNOWN],True
-wny0OAz3g8_2,text,23,[UNKNOWN],True
-wny0OAz3g8_2,text,24,[UNKNOWN],True
-wny0OAz3g8_2,text,25,[UNKNOWN],True
-wny0OAz3g8_2,text,26,[UNKNOWN],True
-wny0OAz3g8_2,text,27,[UNKNOWN],True
-wny0OAz3g8_2,text,28,[UNKNOWN],True
-wny0OAz3g8_2,text,29,[UNKNOWN],True
-wny0OAz3g8_2,text,30,[UNKNOWN],False
-wny0OAz3g8_2,text,31,[UNKNOWN],False
-wny0OAz3g8_2,text,32,[UNKNOWN],False
-wny0OAz3g8_2,text,33,[UNKNOWN],False
-wny0OAz3g8_2,text,34,[UNKNOWN],False
-wny0OAz3g8_2,text,35,[UNKNOWN],False
-wny0OAz3g8_2,text,36,[UNKNOWN],False
-wny0OAz3g8_2,text,37,[UNKNOWN],False
-wny0OAz3g8_2,text,38,[UNKNOWN],False
-wny0OAz3g8_2,text,39,[UNKNOWN],False
-wny0OAz3g8_2,text,40,[UNKNOWN],False
-wny0OAz3g8_2,text,41,[UNKNOWN],False
-wny0OAz3g8_2,text,42,[UNKNOWN],False
-wny0OAz3g8_2,text,43,[UNKNOWN],False
-wny0OAz3g8_2,text,44,[UNKNOWN],False
-wny0OAz3g8_2,text,45,[UNKNOWN],False
-wny0OAz3g8_2,text,46,[UNKNOWN],False
-wny0OAz3g8_2,text,47,[UNKNOWN],False
-wny0OAz3g8_2,text,48,[UNKNOWN],False
-wny0OAz3g8_2,text,49,[UNKNOWN],False
-wny0OAz3g8_3,text,0,[UNKNOWN],True
-wny0OAz3g8_3,text,1,[UNKNOWN],True
-wny0OAz3g8_3,text,2,[UNKNOWN],True
-wny0OAz3g8_3,text,3,[UNKNOWN],True
-wny0OAz3g8_3,text,4,[UNKNOWN],True
-wny0OAz3g8_3,text,5,[UNKNOWN],True
-wny0OAz3g8_3,text,6,[UNKNOWN],True
-wny0OAz3g8_3,text,7,[UNKNOWN],True
-wny0OAz3g8_3,text,8,[UNKNOWN],True
-wny0OAz3g8_3,text,9,[UNKNOWN],True
-wny0OAz3g8_3,text,10,[UNKNOWN],True
-wny0OAz3g8_3,text,11,[UNKNOWN],True
-wny0OAz3g8_3,text,12,[UNKNOWN],True
-wny0OAz3g8_3,text,13,[UNKNOWN],True
-wny0OAz3g8_3,text,14,[UNKNOWN],True
-wny0OAz3g8_3,text,15,[UNKNOWN],True
-wny0OAz3g8_3,text,16,[UNKNOWN],True
-wny0OAz3g8_3,text,17,[UNKNOWN],True
-wny0OAz3g8_3,text,18,[UNKNOWN],True
-wny0OAz3g8_3,text,19,[UNKNOWN],True
-wny0OAz3g8_3,text,20,[UNKNOWN],True
-wny0OAz3g8_3,text,21,[UNKNOWN],True
-wny0OAz3g8_3,text,22,[UNKNOWN],False
-wny0OAz3g8_3,text,23,[UNKNOWN],False
-wny0OAz3g8_3,text,24,[UNKNOWN],False
-wny0OAz3g8_3,text,25,[UNKNOWN],False
-wny0OAz3g8_3,text,26,[UNKNOWN],False
-wny0OAz3g8_3,text,27,[UNKNOWN],False
-wny0OAz3g8_3,text,28,[UNKNOWN],False
-wny0OAz3g8_3,text,29,[UNKNOWN],False
-wny0OAz3g8_3,text,30,[UNKNOWN],False
-wny0OAz3g8_3,text,31,[UNKNOWN],False
-wny0OAz3g8_3,text,32,[UNKNOWN],False
-wny0OAz3g8_3,text,33,[UNKNOWN],False
-wny0OAz3g8_3,text,34,[UNKNOWN],False
-wny0OAz3g8_3,text,35,[UNKNOWN],False
-wny0OAz3g8_3,text,36,[UNKNOWN],False
-wny0OAz3g8_3,text,37,[UNKNOWN],False
-wny0OAz3g8_3,text,38,[UNKNOWN],False
-wny0OAz3g8_3,text,39,[UNKNOWN],False
-wny0OAz3g8_3,text,40,[UNKNOWN],False
-wny0OAz3g8_3,text,41,[UNKNOWN],False
-wny0OAz3g8_3,text,42,[UNKNOWN],False
-wny0OAz3g8_3,text,43,[UNKNOWN],False
-wny0OAz3g8_3,text,44,[UNKNOWN],False
-wny0OAz3g8_3,text,45,[UNKNOWN],False
-wny0OAz3g8_3,text,46,[UNKNOWN],False
-wny0OAz3g8_3,text,47,[UNKNOWN],False
-wny0OAz3g8_3,text,48,[UNKNOWN],False
-wny0OAz3g8_3,text,49,[UNKNOWN],False
-wny0OAz3g8_5,text,0,[UNKNOWN],True
-wny0OAz3g8_5,text,1,[UNKNOWN],True
-wny0OAz3g8_5,text,2,[UNKNOWN],True
-wny0OAz3g8_5,text,3,[UNKNOWN],True
-wny0OAz3g8_5,text,4,[UNKNOWN],True
-wny0OAz3g8_5,text,5,[UNKNOWN],True
-wny0OAz3g8_5,text,6,[UNKNOWN],True
-wny0OAz3g8_5,text,7,[UNKNOWN],True
-wny0OAz3g8_5,text,8,[UNKNOWN],True
-wny0OAz3g8_5,text,9,[UNKNOWN],True
-wny0OAz3g8_5,text,10,[UNKNOWN],True
-wny0OAz3g8_5,text,11,[UNKNOWN],True
-wny0OAz3g8_5,text,12,[UNKNOWN],True
-wny0OAz3g8_5,text,13,[UNKNOWN],True
-wny0OAz3g8_5,text,14,[UNKNOWN],True
-wny0OAz3g8_5,text,15,[UNKNOWN],True
-wny0OAz3g8_5,text,16,[UNKNOWN],True
-wny0OAz3g8_5,text,17,[UNKNOWN],True
-wny0OAz3g8_5,text,18,[UNKNOWN],True
-wny0OAz3g8_5,text,19,[UNKNOWN],True
-wny0OAz3g8_5,text,20,[UNKNOWN],True
-wny0OAz3g8_5,text,21,[UNKNOWN],True
-wny0OAz3g8_5,text,22,[UNKNOWN],True
-wny0OAz3g8_5,text,23,[UNKNOWN],True
-wny0OAz3g8_5,text,24,[UNKNOWN],True
-wny0OAz3g8_5,text,25,[UNKNOWN],True
-wny0OAz3g8_5,text,26,[UNKNOWN],True
-wny0OAz3g8_5,text,27,[UNKNOWN],True
-wny0OAz3g8_5,text,28,[UNKNOWN],True
-wny0OAz3g8_5,text,29,[UNKNOWN],False
-wny0OAz3g8_5,text,30,[UNKNOWN],False
-wny0OAz3g8_5,text,31,[UNKNOWN],False
-wny0OAz3g8_5,text,32,[UNKNOWN],False
-wny0OAz3g8_5,text,33,[UNKNOWN],False
-wny0OAz3g8_5,text,34,[UNKNOWN],False
-wny0OAz3g8_5,text,35,[UNKNOWN],False
-wny0OAz3g8_5,text,36,[UNKNOWN],False
-wny0OAz3g8_5,text,37,[UNKNOWN],False
-wny0OAz3g8_5,text,38,[UNKNOWN],False
-wny0OAz3g8_5,text,39,[UNKNOWN],False
-wny0OAz3g8_5,text,40,[UNKNOWN],False
-wny0OAz3g8_5,text,41,[UNKNOWN],False
-wny0OAz3g8_5,text,42,[UNKNOWN],False
-wny0OAz3g8_5,text,43,[UNKNOWN],False
-wny0OAz3g8_5,text,44,[UNKNOWN],False
-wny0OAz3g8_5,text,45,[UNKNOWN],False
-wny0OAz3g8_5,text,46,[UNKNOWN],False
-wny0OAz3g8_5,text,47,[UNKNOWN],False
-wny0OAz3g8_5,text,48,[UNKNOWN],False
-wny0OAz3g8_5,text,49,[UNKNOWN],False
-wny0OAz3g8_7,text,0,[UNKNOWN],True
-wny0OAz3g8_7,text,1,[UNKNOWN],True
-wny0OAz3g8_7,text,2,[UNKNOWN],True
-wny0OAz3g8_7,text,3,[UNKNOWN],True
-wny0OAz3g8_7,text,4,[UNKNOWN],True
-wny0OAz3g8_7,text,5,[UNKNOWN],True
-wny0OAz3g8_7,text,6,[UNKNOWN],True
-wny0OAz3g8_7,text,7,[UNKNOWN],True
-wny0OAz3g8_7,text,8,[UNKNOWN],True
-wny0OAz3g8_7,text,9,[UNKNOWN],True
-wny0OAz3g8_7,text,10,[UNKNOWN],True
-wny0OAz3g8_7,text,11,[UNKNOWN],True
-wny0OAz3g8_7,text,12,[UNKNOWN],True
-wny0OAz3g8_7,text,13,[UNKNOWN],True
-wny0OAz3g8_7,text,14,[UNKNOWN],True
-wny0OAz3g8_7,text,15,[UNKNOWN],True
-wny0OAz3g8_7,text,16,[UNKNOWN],True
-wny0OAz3g8_7,text,17,[UNKNOWN],True
-wny0OAz3g8_7,text,18,[UNKNOWN],True
-wny0OAz3g8_7,text,19,[UNKNOWN],True
-wny0OAz3g8_7,text,20,[UNKNOWN],True
-wny0OAz3g8_7,text,21,[UNKNOWN],True
-wny0OAz3g8_7,text,22,[UNKNOWN],True
-wny0OAz3g8_7,text,23,[UNKNOWN],True
-wny0OAz3g8_7,text,24,[UNKNOWN],True
-wny0OAz3g8_7,text,25,[UNKNOWN],True
-wny0OAz3g8_7,text,26,[UNKNOWN],True
-wny0OAz3g8_7,text,27,[UNKNOWN],True
-wny0OAz3g8_7,text,28,[UNKNOWN],True
-wny0OAz3g8_7,text,29,[UNKNOWN],True
-wny0OAz3g8_7,text,30,[UNKNOWN],True
-wny0OAz3g8_7,text,31,[UNKNOWN],True
-wny0OAz3g8_7,text,32,[UNKNOWN],True
-wny0OAz3g8_7,text,33,[UNKNOWN],False
-wny0OAz3g8_7,text,34,[UNKNOWN],False
-wny0OAz3g8_7,text,35,[UNKNOWN],False
-wny0OAz3g8_7,text,36,[UNKNOWN],False
-wny0OAz3g8_7,text,37,[UNKNOWN],False
-wny0OAz3g8_7,text,38,[UNKNOWN],False
-wny0OAz3g8_7,text,39,[UNKNOWN],False
-wny0OAz3g8_7,text,40,[UNKNOWN],False
-wny0OAz3g8_7,text,41,[UNKNOWN],False
-wny0OAz3g8_7,text,42,[UNKNOWN],False
-wny0OAz3g8_7,text,43,[UNKNOWN],False
-wny0OAz3g8_7,text,44,[UNKNOWN],False
-wny0OAz3g8_7,text,45,[UNKNOWN],False
-wny0OAz3g8_7,text,46,[UNKNOWN],False
-wny0OAz3g8_7,text,47,[UNKNOWN],False
-wny0OAz3g8_7,text,48,[UNKNOWN],False
-wny0OAz3g8_7,text,49,[UNKNOWN],False
-wny0OAz3g8_9,text,0,[UNKNOWN],True
-wny0OAz3g8_9,text,1,[UNKNOWN],True
-wny0OAz3g8_9,text,2,[UNKNOWN],True
-wny0OAz3g8_9,text,3,[UNKNOWN],True
-wny0OAz3g8_9,text,4,[UNKNOWN],True
-wny0OAz3g8_9,text,5,[UNKNOWN],True
-wny0OAz3g8_9,text,6,[UNKNOWN],True
-wny0OAz3g8_9,text,7,[UNKNOWN],True
-wny0OAz3g8_9,text,8,[UNKNOWN],True
-wny0OAz3g8_9,text,9,[UNKNOWN],True
-wny0OAz3g8_9,text,10,[UNKNOWN],True
-wny0OAz3g8_9,text,11,[UNKNOWN],True
-wny0OAz3g8_9,text,12,[UNKNOWN],True
-wny0OAz3g8_9,text,13,[UNKNOWN],True
-wny0OAz3g8_9,text,14,[UNKNOWN],True
-wny0OAz3g8_9,text,15,[UNKNOWN],True
-wny0OAz3g8_9,text,16,[UNKNOWN],True
-wny0OAz3g8_9,text,17,[UNKNOWN],True
-wny0OAz3g8_9,text,18,[UNKNOWN],True
-wny0OAz3g8_9,text,19,[UNKNOWN],True
-wny0OAz3g8_9,text,20,[UNKNOWN],True
-wny0OAz3g8_9,text,21,[UNKNOWN],True
-wny0OAz3g8_9,text,22,[UNKNOWN],True
-wny0OAz3g8_9,text,23,[UNKNOWN],True
-wny0OAz3g8_9,text,24,[UNKNOWN],False
-wny0OAz3g8_9,text,25,[UNKNOWN],False
-wny0OAz3g8_9,text,26,[UNKNOWN],False
-wny0OAz3g8_9,text,27,[UNKNOWN],False
-wny0OAz3g8_9,text,28,[UNKNOWN],False
-wny0OAz3g8_9,text,29,[UNKNOWN],False
-wny0OAz3g8_9,text,30,[UNKNOWN],False
-wny0OAz3g8_9,text,31,[UNKNOWN],False
-wny0OAz3g8_9,text,32,[UNKNOWN],False
-wny0OAz3g8_9,text,33,[UNKNOWN],False
-wny0OAz3g8_9,text,34,[UNKNOWN],False
-wny0OAz3g8_9,text,35,[UNKNOWN],False
-wny0OAz3g8_9,text,36,[UNKNOWN],False
-wny0OAz3g8_9,text,37,[UNKNOWN],False
-wny0OAz3g8_9,text,38,[UNKNOWN],False
-wny0OAz3g8_9,text,39,[UNKNOWN],False
-wny0OAz3g8_9,text,40,[UNKNOWN],False
-wny0OAz3g8_9,text,41,[UNKNOWN],False
-wny0OAz3g8_9,text,42,[UNKNOWN],False
-wny0OAz3g8_9,text,43,[UNKNOWN],False
-wny0OAz3g8_9,text,44,[UNKNOWN],False
-wny0OAz3g8_9,text,45,[UNKNOWN],False
-wny0OAz3g8_9,text,46,[UNKNOWN],False
-wny0OAz3g8_9,text,47,[UNKNOWN],False
-wny0OAz3g8_9,text,48,[UNKNOWN],False
-wny0OAz3g8_9,text,49,[UNKNOWN],False
-yRb-Jum7EQ_1,text,0,[UNKNOWN],True
-yRb-Jum7EQ_1,text,1,[UNKNOWN],True
-yRb-Jum7EQ_1,text,2,[UNKNOWN],True
-yRb-Jum7EQ_1,text,3,[UNKNOWN],True
-yRb-Jum7EQ_1,text,4,[UNKNOWN],True
-yRb-Jum7EQ_1,text,5,[UNKNOWN],True
-yRb-Jum7EQ_1,text,6,[UNKNOWN],True
-yRb-Jum7EQ_1,text,7,[UNKNOWN],True
-yRb-Jum7EQ_1,text,8,[UNKNOWN],True
-yRb-Jum7EQ_1,text,9,[UNKNOWN],True
-yRb-Jum7EQ_1,text,10,[UNKNOWN],True
-yRb-Jum7EQ_1,text,11,[UNKNOWN],True
-yRb-Jum7EQ_1,text,12,[UNKNOWN],True
-yRb-Jum7EQ_1,text,13,[UNKNOWN],True
-yRb-Jum7EQ_1,text,14,[UNKNOWN],True
-yRb-Jum7EQ_1,text,15,[UNKNOWN],True
-yRb-Jum7EQ_1,text,16,[UNKNOWN],True
-yRb-Jum7EQ_1,text,17,[UNKNOWN],True
-yRb-Jum7EQ_1,text,18,[UNKNOWN],True
-yRb-Jum7EQ_1,text,19,[UNKNOWN],True
-yRb-Jum7EQ_1,text,20,[UNKNOWN],True
-yRb-Jum7EQ_1,text,21,[UNKNOWN],True
-yRb-Jum7EQ_1,text,22,[UNKNOWN],True
-yRb-Jum7EQ_1,text,23,[UNKNOWN],True
-yRb-Jum7EQ_1,text,24,[UNKNOWN],True
-yRb-Jum7EQ_1,text,25,[UNKNOWN],True
-yRb-Jum7EQ_1,text,26,[UNKNOWN],True
-yRb-Jum7EQ_1,text,27,[UNKNOWN],True
-yRb-Jum7EQ_1,text,28,[UNKNOWN],True
-yRb-Jum7EQ_1,text,29,[UNKNOWN],True
-yRb-Jum7EQ_1,text,30,[UNKNOWN],True
-yRb-Jum7EQ_1,text,31,[UNKNOWN],True
-yRb-Jum7EQ_1,text,32,[UNKNOWN],True
-yRb-Jum7EQ_1,text,33,[UNKNOWN],True
-yRb-Jum7EQ_1,text,34,[UNKNOWN],True
-yRb-Jum7EQ_1,text,35,[UNKNOWN],True
-yRb-Jum7EQ_1,text,36,[UNKNOWN],True
-yRb-Jum7EQ_1,text,37,[UNKNOWN],True
-yRb-Jum7EQ_1,text,38,[UNKNOWN],True
-yRb-Jum7EQ_1,text,39,[UNKNOWN],True
-yRb-Jum7EQ_1,text,40,[UNKNOWN],True
-yRb-Jum7EQ_1,text,41,[UNKNOWN],True
-yRb-Jum7EQ_1,text,42,[UNKNOWN],True
-yRb-Jum7EQ_1,text,43,[UNKNOWN],True
-yRb-Jum7EQ_1,text,44,[UNKNOWN],True
-yRb-Jum7EQ_1,text,45,[UNKNOWN],True
-yRb-Jum7EQ_1,text,46,[UNKNOWN],True
-yRb-Jum7EQ_1,text,47,[UNKNOWN],True
-yRb-Jum7EQ_1,text,48,[UNKNOWN],True
-yRb-Jum7EQ_1,text,49,[UNKNOWN],True
-yRb-Jum7EQ_5,text,0,[UNKNOWN],True
-yRb-Jum7EQ_5,text,1,[UNKNOWN],True
-yRb-Jum7EQ_5,text,2,[UNKNOWN],True
-yRb-Jum7EQ_5,text,3,[UNKNOWN],True
-yRb-Jum7EQ_5,text,4,[UNKNOWN],True
-yRb-Jum7EQ_5,text,5,[UNKNOWN],True
-yRb-Jum7EQ_5,text,6,[UNKNOWN],True
-yRb-Jum7EQ_5,text,7,[UNKNOWN],True
-yRb-Jum7EQ_5,text,8,[UNKNOWN],True
-yRb-Jum7EQ_5,text,9,[UNKNOWN],True
-yRb-Jum7EQ_5,text,10,[UNKNOWN],True
-yRb-Jum7EQ_5,text,11,[UNKNOWN],True
-yRb-Jum7EQ_5,text,12,[UNKNOWN],True
-yRb-Jum7EQ_5,text,13,[UNKNOWN],True
-yRb-Jum7EQ_5,text,14,[UNKNOWN],True
-yRb-Jum7EQ_5,text,15,[UNKNOWN],True
-yRb-Jum7EQ_5,text,16,[UNKNOWN],True
-yRb-Jum7EQ_5,text,17,[UNKNOWN],True
-yRb-Jum7EQ_5,text,18,[UNKNOWN],True
-yRb-Jum7EQ_5,text,19,[UNKNOWN],True
-yRb-Jum7EQ_5,text,20,[UNKNOWN],True
-yRb-Jum7EQ_5,text,21,[UNKNOWN],True
-yRb-Jum7EQ_5,text,22,[UNKNOWN],True
-yRb-Jum7EQ_5,text,23,[UNKNOWN],True
-yRb-Jum7EQ_5,text,24,[UNKNOWN],True
-yRb-Jum7EQ_5,text,25,[UNKNOWN],True
-yRb-Jum7EQ_5,text,26,[UNKNOWN],True
-yRb-Jum7EQ_5,text,27,[UNKNOWN],True
-yRb-Jum7EQ_5,text,28,[UNKNOWN],True
-yRb-Jum7EQ_5,text,29,[UNKNOWN],True
-yRb-Jum7EQ_5,text,30,[UNKNOWN],True
-yRb-Jum7EQ_5,text,31,[UNKNOWN],True
-yRb-Jum7EQ_5,text,32,[UNKNOWN],True
-yRb-Jum7EQ_5,text,33,[UNKNOWN],False
-yRb-Jum7EQ_5,text,34,[UNKNOWN],False
-yRb-Jum7EQ_5,text,35,[UNKNOWN],False
-yRb-Jum7EQ_5,text,36,[UNKNOWN],False
-yRb-Jum7EQ_5,text,37,[UNKNOWN],False
-yRb-Jum7EQ_5,text,38,[UNKNOWN],False
-yRb-Jum7EQ_5,text,39,[UNKNOWN],False
-yRb-Jum7EQ_5,text,40,[UNKNOWN],False
-yRb-Jum7EQ_5,text,41,[UNKNOWN],False
-yRb-Jum7EQ_5,text,42,[UNKNOWN],False
-yRb-Jum7EQ_5,text,43,[UNKNOWN],False
-yRb-Jum7EQ_5,text,44,[UNKNOWN],False
-yRb-Jum7EQ_5,text,45,[UNKNOWN],False
-yRb-Jum7EQ_5,text,46,[UNKNOWN],False
-yRb-Jum7EQ_5,text,47,[UNKNOWN],False
-yRb-Jum7EQ_5,text,48,[UNKNOWN],False
-yRb-Jum7EQ_5,text,49,[UNKNOWN],False
-yRb-Jum7EQ_6,text,0,[UNKNOWN],True
-yRb-Jum7EQ_6,text,1,[UNKNOWN],True
-yRb-Jum7EQ_6,text,2,[UNKNOWN],True
-yRb-Jum7EQ_6,text,3,[UNKNOWN],True
-yRb-Jum7EQ_6,text,4,[UNKNOWN],True
-yRb-Jum7EQ_6,text,5,[UNKNOWN],True
-yRb-Jum7EQ_6,text,6,[UNKNOWN],True
-yRb-Jum7EQ_6,text,7,[UNKNOWN],True
-yRb-Jum7EQ_6,text,8,[UNKNOWN],True
-yRb-Jum7EQ_6,text,9,[UNKNOWN],True
-yRb-Jum7EQ_6,text,10,[UNKNOWN],True
-yRb-Jum7EQ_6,text,11,[UNKNOWN],True
-yRb-Jum7EQ_6,text,12,[UNKNOWN],True
-yRb-Jum7EQ_6,text,13,[UNKNOWN],True
-yRb-Jum7EQ_6,text,14,[UNKNOWN],True
-yRb-Jum7EQ_6,text,15,[UNKNOWN],True
-yRb-Jum7EQ_6,text,16,[UNKNOWN],True
-yRb-Jum7EQ_6,text,17,[UNKNOWN],True
-yRb-Jum7EQ_6,text,18,[UNKNOWN],True
-yRb-Jum7EQ_6,text,19,[UNKNOWN],True
-yRb-Jum7EQ_6,text,20,[UNKNOWN],True
-yRb-Jum7EQ_6,text,21,[UNKNOWN],True
-yRb-Jum7EQ_6,text,22,[UNKNOWN],True
-yRb-Jum7EQ_6,text,23,[UNKNOWN],True
-yRb-Jum7EQ_6,text,24,[UNKNOWN],True
-yRb-Jum7EQ_6,text,25,[UNKNOWN],True
-yRb-Jum7EQ_6,text,26,[UNKNOWN],False
-yRb-Jum7EQ_6,text,27,[UNKNOWN],False
-yRb-Jum7EQ_6,text,28,[UNKNOWN],False
-yRb-Jum7EQ_6,text,29,[UNKNOWN],False
-yRb-Jum7EQ_6,text,30,[UNKNOWN],False
-yRb-Jum7EQ_6,text,31,[UNKNOWN],False
-yRb-Jum7EQ_6,text,32,[UNKNOWN],False
-yRb-Jum7EQ_6,text,33,[UNKNOWN],False
-yRb-Jum7EQ_6,text,34,[UNKNOWN],False
-yRb-Jum7EQ_6,text,35,[UNKNOWN],False
-yRb-Jum7EQ_6,text,36,[UNKNOWN],False
-yRb-Jum7EQ_6,text,37,[UNKNOWN],False
-yRb-Jum7EQ_6,text,38,[UNKNOWN],False
-yRb-Jum7EQ_6,text,39,[UNKNOWN],False
-yRb-Jum7EQ_6,text,40,[UNKNOWN],False
-yRb-Jum7EQ_6,text,41,[UNKNOWN],False
-yRb-Jum7EQ_6,text,42,[UNKNOWN],False
-yRb-Jum7EQ_6,text,43,[UNKNOWN],False
-yRb-Jum7EQ_6,text,44,[UNKNOWN],False
-yRb-Jum7EQ_6,text,45,[UNKNOWN],False
-yRb-Jum7EQ_6,text,46,[UNKNOWN],False
-yRb-Jum7EQ_6,text,47,[UNKNOWN],False
-yRb-Jum7EQ_6,text,48,[UNKNOWN],False
-yRb-Jum7EQ_6,text,49,[UNKNOWN],False
