sample_id,modality,position,start_sec,end_sec,is_valid
-3g5yACwYnA_13,audio,0,0.0,0.5,True
-3g5yACwYnA_13,audio,1,0.5,1.0,True
-3g5yACwYnA_13,audio,2,1.0,1.5,True
-3g5yACwYnA_13,audio,3,1.5,2.0,True
-3g5yACwYnA_13,audio,4,2.0,2.5,True
-3g5yACwYnA_13,audio,5,2.5,3.0,True
-3g5yACwYnA_13,audio,6,3.0,3.5,True
-3g5yACwYnA_13,audio,7,3.5,4.0,True
-3g5yACwYnA_13,audio,8,4.0,4.5,True
-3g5yACwYnA_13,audio,9,4.5,5.0,True
-3g5yACwYnA_13,audio,10,5.0,5.5,True
-3g5yACwYnA_13,audio,11,5.5,6.0,False
-3g5yACwYnA_13,audio,12,6.0,6.5,False
-3g5yACwYnA_13,audio,13,6.5,7.0,False
-3g5yACwYnA_13,audio,14,7.0,7.5,False
-3g5yACwYnA_13,audio,15,7.5,8.0,False
-3g5yACwYnA_13,audio,16,8.0,8.5,False
-3g5yACwYnA_13,audio,17,8.5,9.0,False
-3g5yACwYnA_13,audio,18,9.0,9.5,False
-3g5yACwYnA_13,audio,19,9.5,10.0,False
-3g5yACwYnA_13,audio,20,10.0,10.5,False
-3g5yACwYnA_13,audio,21,10.5,11.0,False
-3g5yACwYnA_13,audio,22,11.0,11.5,False
-3g5yACwYnA_13,audio,23,11.5,12.0,False
-3g5yACwYnA_13,audio,24,12.0,12.5,False
-3g5yACwYnA_13,audio,25,12.5,13.0,False
-3g5yACwYnA_13,audio,26,13.0,13.5,False
-3g5yACwYnA_13,audio,27,13.5,14.0,False
-3g5yACwYnA_13,audio,28,14.0,14.5,False
-3g5yACwYnA_13,audio,29,14.5,15.0,False
-3g5yACwYnA_13,audio,30,15.0,15.5,False
-3g5yACwYnA_13,audio,31,15.5,16.0,False
-3g5yACwYnA_13,audio,32,16.0,16.5,False
-3g5yACwYnA_13,audio,33,16.5,17.0,False
-3g5yACwYnA_13,audio,34,17.0,17.5,False
-3g5yACwYnA_13,audio,35,17.5,18.0,False
-3g5yACwYnA_13,audio,36,18.0,18.5,False
-3g5yACwYnA_13,audio,37,18.5,19.0,False
-3g5yACwYnA_13,audio,38,19.0,19.5,False
-3g5yACwYnA_13,audio,39,19.5,20.0,False
-3g5yACwYnA_13,audio,40,20.0,20.5,False
-3g5yACwYnA_13,audio,41,20.5,21.0,False
-3g5yACwYnA_13,audio,42,21.0,21.5,False
-3g5yACwYnA_13,audio,43,21.5,22.0,False
-3g5yACwYnA_13,audio,44,22.0,22.5,False
-3g5yACwYnA_13,audio,45,22.5,23.0,False
-3g5yACwYnA_13,audio,46,23.0,23.5,False
-3g5yACwYnA_13,audio,47,23.5,24.0,False
-3g5yACwYnA_13,audio,48,24.0,24.5,False
-3g5yACwYnA_13,audio,49,24.5,25.0,False
-3g5yACwYnA_13,vision,0,0.0,0.5,True
-3g5yACwYnA_13,vision,1,0.5,1.0,True
-3g5yACwYnA_13,vision,2,1.0,1.5,True
-3g5yACwYnA_13,vision,3,1.5,2.0,True
-3g5yACwYnA_13,vision,4,2.0,2.5,True
-3g5yACwYnA_13,vision,5,2.5,3.0,True
-3g5yACwYnA_13,vision,6,3.0,3.5,True
-3g5yACwYnA_13,vision,7,3.5,4.0,True
-3g5yACwYnA_13,vision,8,4.0,4.5,True
-3g5yACwYnA_13,vision,9,4.5,5.0,True
-3g5yACwYnA_13,vision,10,5.0,5.5,True
-3g5yACwYnA_13,vision,11,5.5,6.0,False
-3g5yACwYnA_13,vision,12,6.0,6.5,False
-3g5yACwYnA_13,vision,13,6.5,7.0,False
-3g5yACwYnA_13,vision,14,7.0,7.5,False
-3g5yACwYnA_13,vision,15,7.5,8.0,False
-3g5yACwYnA_13,vision,16,8.0,8.5,False
-3g5yACwYnA_13,vision,17,8.5,9.0,False
-3g5yACwYnA_13,vision,18,9.0,9.5,False
-3g5yACwYnA_13,vision,19,9.5,10.0,False
-3g5yACwYnA_13,vision,20,10.0,10.5,False
-3g5yACwYnA_13,vision,21,10.5,11.0,False
-3g5yACwYnA_13,vision,22,11.0,11.5,False
-3g5yACwYnA_13,vision,23,11.5,12.0,False
-3g5yACwYnA_13,vision,24,12.0,12.5,False
-3g5yACwYnA_13,vision,25,12.5,13.0,False
-3g5yACwYnA_13,vision,26,13.0,13.5,False
-3g5yACwYnA_13,vision,27,13.5,14.0,False
-3g5yACwYnA_13,vision,28,14.0,14.5,False
-3g5yACwYnA_13,vision,29,14.5,15.0,False
-3g5yACwYnA_13,vision,30,15.0,15.5,False
-3g5yACwYnA_13,vision,31,15.5,16.0,False
-3g5yACwYnA_13,vision,32,16.0,16.5,False
-3g5yACwYnA_13,vision,33,16.5,17.0,False
-3g5yACwYnA_13,vision,34,17.0,17.5,False
-3g5yACwYnA_13,vision,35,17.5,18.0,False
-3g5yACwYnA_13,vision,36,18.0,18.5,False
-3g5yACwYnA_13,vision,37,18.5,19.0,False
-3g5yACwYnA_13,vision,38,19.0,19.5,False
-3g5yACwYnA_13,vision,39,19.5,20.0,False
-3g5yACwYnA_13,vision,40,20.0,20.5,False
-3g5yACwYnA_13,vision,41,20.5,21.0,False
-3g5yACwYnA_13,vision,42,21.0,21.5,False
-3g5yACwYnA_13,vision,43,21.5,22.0,False
-3g5yACwYnA_13,vision,44,22.0,22.5,False
-3g5yACwYnA_13,vision,45,22.5,23.0,False
-3g5yACwYnA_13,vision,46,23.0,23.5,False
-3g5yACwYnA_13,vision,47,23.5,24.0,False
-3g5yACwYnA_13,vision,48,24.0,24.5,False
-3g5yACwYnA_13,vision,49,24.5,25.0,False
-3g5yACwYnA_2,audio,0,0.0,0.5,True
-3g5yACwYnA_2,audio,1,0.5,1.0,True
-3g5yACwYnA_2,audio,2,1.0,1.5,True
-3g5yACwYnA_2,audio,3,1.5,2.0,True
-3g5yACwYnA_2,audio,4,2.0,2.5,True
-3g5yACwYnA_2,audio,5,2.5,3.0,True
-3g5yACwYnA_2,audio,6,3.0,3.5,True
-3g5yACwYnA_2,audio,7,3.5,4.0,True
-3g5yACwYnA_2,audio,8,4.0,4.5,True
-3g5yACwYnA_2,audio,9,4.5,5.0,True
-3g5yACwYnA_2,audio,10,5.0,5.5,True
-3g5yACwYnA_2,audio,11,5.5,6.0,True
-3g5yACwYnA_2,audio,12,6.0,6.5,True
-3g5yACwYnA_2,audio,13,6.5,7.0,True
-3g5yACwYnA_2,audio,14,7.0,7.5,True
-3g5yACwYnA_2,audio,15,7.5,8.0,True
-3g5yACwYnA_2,audio,16,8.0,8.5,True
-3g5yACwYnA_2,audio,17,8.5,9.0,True
-3g5yACwYnA_2,audio,18,9.0,9.5,True
-3g5yACwYnA_2,audio,19,9.5,10.0,False
-3g5yACwYnA_2,audio,20,10.0,10.5,False
-3g5yACwYnA_2,audio,21,10.5,11.0,False
-3g5yACwYnA_2,audio,22,11.0,11.5,False
-3g5yACwYnA_2,audio,23,11.5,12.0,False
-3g5yACwYnA_2,audio,24,12.0,12.5,False
-3g5yACwYnA_2,audio,25,12.5,13.0,False
-3g5yACwYnA_2,audio,26,13.0,13.5,False
-3g5yACwYnA_2,audio,27,13.5,14.0,False
-3g5yACwYnA_2,audio,28,14.0,14.5,False
-3g5yACwYnA_2,audio,29,14.5,15.0,False
-3g5yACwYnA_2,audio,30,15.0,15.5,False
-3g5yACwYnA_2,audio,31,15.5,16.0,False
-3g5yACwYnA_2,audio,32,16.0,16.5,False
-3g5yACwYnA_2,audio,33,16.5,17.0,False
-3g5yACwYnA_2,audio,34,17.0,17.5,False
-3g5yACwYnA_2,audio,35,17.5,18.0,False
-3g5yACwYnA_2,audio,36,18.0,18.5,False
-3g5yACwYnA_2,audio,37,18.5,19.0,False
-3g5yACwYnA_2,audio,38,19.0,19.5,False
-3g5yACwYnA_2,audio,39,19.5,20.0,False
-3g5yACwYnA_2,audio,40,20.0,20.5,False
-3g5yACwYnA_2,audio,41,20.5,21.0,False
-3g5yACwYnA_2,audio,42,21.0,21.5,False
-3g5yACwYnA_2,audio,43,21.5,22.0,False
-3g5yACwYnA_2,audio,44,22.0,22.5,False
-3g5yACwYnA_2,audio,45,22.5,23.0,False
-3g5yACwYnA_2,audio,46,23.0,23.5,False
-3g5yACwYnA_2,audio,47,23.5,24.0,False
-3g5yACwYnA_2,audio,48,24.0,24.5,False
-3g5yACwYnA_2,audio,49,24.5,25.0,False
-3g5yACwYnA_2,vision,0,0.0,0.5,True
-3g5yACwYnA_2,vision,1,0.5,1.0,True
-3g5yACwYnA_2,vision,2,1.0,1.5,True
-3g5yACwYnA_2,vision,3,1.5,2.0,True
-3g5yACwYnA_2,vision,4,2.0,2.5,True
-3g5yACwYnA_2,vision,5,2.5,3.0,True
-3g5yACwYnA_2,vision,6,3.0,3.5,True
-3g5yACwYnA_2,vision,7,3.5,4.0,True
-3g5yACwYnA_2,vision,8,4.0,4.5,True
-3g5yACwYnA_2,vision,9,4.5,5.0,True
-3g5yACwYnA_2,vision,10,5.0,5.5,True
-3g5yACwYnA_2,vision,11,5.5,6.0,True
-3g5yACwYnA_2,vision,12,6.0,6.5,True
-3g5yACwYnA_2,vision,13,6.5,7.0,True
-3g5yACwYnA_2,vision,14,7.0,7.5,True
-3g5yACwYnA_2,vision,15,7.5,8.0,True
-3g5yACwYnA_2,vision,16,8.0,8.5,True
-3g5yACwYnA_2,vision,17,8.5,9.0,True
-3g5yACwYnA_2,vision,18,9.0,9.5,True
-3g5yACwYnA_2,vision,19,9.5,10.0,False
-3g5yACwYnA_2,vision,20,10.0,10.5,False
-3g5yACwYnA_2,vision,21,10.5,11.0,False
-3g5yACwYnA_2,vision,22,11.0,11.5,False
-3g5yACwYnA_2,vision,23,11.5,12.0,False
-3g5yACwYnA_2,vision,24,12.0,12.5,False
-3g5yACwYnA_2,vision,25,12.5,13.0,False
-3g5yACwYnA_2,vision,26,13.0,13.5,False
-3g5yACwYnA_2,vision,27,13.5,14.0,False
-3g5yACwYnA_2,vision,28,14.0,14.5,False
-3g5yACwYnA_2,vision,29,14.5,15.0,False
-3g5yACwYnA_2,vision,30,15.0,15.5,False
-3g5yACwYnA_2,vision,31,15.5,16.0,False
-3g5yACwYnA_2,vision,32,16.0,16.5,False
-3g5yACwYnA_2,vision,33,16.5,17.0,False
-3g5yACwYnA_2,vision,34,17.0,17.5,False
-3g5yACwYnA_2,vision,35,17.5,18.0,False
-3g5yACwYnA_2,vision,36,18.0,18.5,False
-3g5yACwYnA_2,vision,37,18.5,19.0,False
-3g5yACwYnA_2,vision,38,19.0,19.5,False
-3g5yACwYnA_2,vision,39,19.5,20.0,False
-3g5yACwYnA_2,vision,40,20.0,20.5,False
-3g5yACwYnA_2,vision,41,20.5,21.0,False
-3g5yACwYnA_2,vision,42,21.0,21.5,False
-3g5yACwYnA_2,vision,43,21.5,22.0,False
-3g5yACwYnA_2,vision,44,22.0,22.5,False
-3g5yACwYnA_2,vision,45,22.5,23.0,False
-3g5yACwYnA_2,vision,46,23.0,23.5,False
-3g5yACwYnA_2,vision,47,23.5,24.0,False
-3g5yACwYnA_2,vision,48,24.0,24.5,False
-3g5yACwYnA_2,vision,49,24.5,25.0,False
-3g5yACwYnA_3,audio,0,0.0,0.5,True
-3g5yACwYnA_3,audio,1,0.5,1.0,True
-3g5yACwYnA_3,audio,2,1.0,1.5,True
-3g5yACwYnA_3,audio,3,1.5,2.0,True
-3g5yACwYnA_3,audio,4,2.0,2.5,True
-3g5yACwYnA_3,audio,5,2.5,3.0,True
-3g5yACwYnA_3,audio,6,3.0,3.5,True
-3g5yACwYnA_3,audio,7,3.5,4.0,True
-3g5yACwYnA_3,audio,8,4.0,4.5,True
-3g5yACwYnA_3,audio,9,4.5,5.0,True
-3g5yACwYnA_3,audio,10,5.0,5.5,True
-3g5yACwYnA_3,audio,11,5.5,6.0,True
-3g5yACwYnA_3,audio,12,6.0,6.5,True
-3g5yACwYnA_3,audio,13,6.5,7.0,True
-3g5yACwYnA_3,audio,14,7.0,7.5,True
-3g5yACwYnA_3,audio,15,7.5,8.0,True
-3g5yACwYnA_3,audio,16,8.0,8.5,True
-3g5yACwYnA_3,audio,17,8.5,9.0,True
-3g5yACwYnA_3,audio,18,9.0,9.5,True
-3g5yACwYnA_3,audio,19,9.5,10.0,True
-3g5yACwYnA_3,audio,20,10.0,10.5,True
-3g5yACwYnA_3,audio,21,10.5,11.0,True
-3g5yACwYnA_3,audio,22,11.0,11.5,True
-3g5yACwYnA_3,audio,23,11.5,12.0,True
-3g5yACwYnA_3,audio,24,12.0,12.5,True
-3g5yACwYnA_3,audio,25,12.5,13.0,True
-3g5yACwYnA_3,audio,26,13.0,13.5,True
-3g5yACwYnA_3,audio,27,13.5,14.0,True
-3g5yACwYnA_3,audio,28,14.0,14.5,True
-3g5yACwYnA_3,audio,29,14.5,15.0,False
-3g5yACwYnA_3,audio,30,15.0,15.5,False
-3g5yACwYnA_3,audio,31,15.5,16.0,False
-3g5yACwYnA_3,audio,32,16.0,16.5,False
-3g5yACwYnA_3,audio,33,16.5,17.0,False
-3g5yACwYnA_3,audio,34,17.0,17.5,False
-3g5yACwYnA_3,audio,35,17.5,18.0,False
-3g5yACwYnA_3,audio,36,18.0,18.5,False
-3g5yACwYnA_3,audio,37,18.5,19.0,False
-3g5yACwYnA_3,audio,38,19.0,19.5,False
-3g5yACwYnA_3,audio,39,19.5,20.0,False
-3g5yACwYnA_3,audio,40,20.0,20.5,False
-3g5yACwYnA_3,audio,41,20.5,21.0,False
-3g5yACwYnA_3,audio,42,21.0,21.5,False
-3g5yACwYnA_3,audio,43,21.5,22.0,False
-3g5yACwYnA_3,audio,44,22.0,22.5,False
-3g5yACwYnA_3,audio,45,22.5,23.0,False
-3g5yACwYnA_3,audio,46,23.0,23.5,False
-3g5yACwYnA_3,audio,47,23.5,24.0,False
-3g5yACwYnA_3,audio,48,24.0,24.5,False
-3g5yACwYnA_3,audio,49,24.5,25.0,False
-3g5yACwYnA_3,vision,0,0.0,0.5,True
-3g5yACwYnA_3,vision,1,0.5,1.0,True
-3g5yACwYnA_3,vision,2,1.0,1.5,True
-3g5yACwYnA_3,vision,3,1.5,2.0,True
-3g5yACwYnA_3,vision,4,2.0,2.5,True
-3g5yACwYnA_3,vision,5,2.5,3.0,True
-3g5yACwYnA_3,vision,6,3.0,3.5,True
-3g5yACwYnA_3,vision,7,3.5,4.0,True
-3g5yACwYnA_3,vision,8,4.0,4.5,True
-3g5yACwYnA_3,vision,9,4.5,5.0,True
-3g5yACwYnA_3,vision,10,5.0,5.5,True
-3g5yACwYnA_3,vision,11,5.5,6.0,True
-3g5yACwYnA_3,vision,12,6.0,6.5,True
-3g5yACwYnA_3,vision,13,6.5,7.0,True
-3g5yACwYnA_3,vision,14,7.0,7.5,True
-3g5yACwYnA_3,vision,15,7.5,8.0,True
-3g5yACwYnA_3,vision,16,8.0,8.5,True
-3g5yACwYnA_3,vision,17,8.5,9.0,True
-3g5yACwYnA_3,vision,18,9.0,9.5,True
-3g5yACwYnA_3,vision,19,9.5,10.0,True
-3g5yACwYnA_3,vision,20,10.0,10.5,True
-3g5yACwYnA_3,vision,21,10.5,11.0,True
-3g5yACwYnA_3,vision,22,11.0,11.5,True
-3g5yACwYnA_3,vision,23,11.5,12.0,True
-3g5yACwYnA_3,vision,24,12.0,12.5,True
-3g5yACwYnA_3,vision,25,12.5,13.0,True
-3g5yACwYnA_3,vision,26,13.0,13.5,True
-3g5yACwYnA_3,vision,27,13.5,14.0,True
-3g5yACwYnA_3,vision,28,14.0,14.5,True
-3g5yACwYnA_3,vision,29,14.5,15.0,False
-3g5yACwYnA_3,vision,30,15.0,15.5,False
-3g5yACwYnA_3,vision,31,15.5,16.0,False
-3g5yACwYnA_3,vision,32,16.0,16.5,False
-3g5yACwYnA_3,vision,33,16.5,17.0,False
-3g5yACwYnA_3,vision,34,17.0,17.5,False
-3g5yACwYnA_3,vision,35,17.5,18.0,False
-3g5yACwYnA_3,vision,36,18.0,18.5,False
-3g5yACwYnA_3,vision,37,18.5,19.0,False
-3g5yACwYnA_3,vision,38,19.0,19.5,False
-3g5yACwYnA_3,vision,39,19.5,20.0,False
-3g5yACwYnA_3,vision,40,20.0,20.5,False
-3g5yACwYnA_3,vision,41,20.5,21.0,False
-3g5yACwYnA_3,vision,42,21.0,21.5,False
-3g5yACwYnA_3,vision,43,21.5,22.0,False
-3g5yACwYnA_3,vision,44,22.0,22.5,False
-3g5yACwYnA_3,vision,45,22.5,23.0,False
-3g5yACwYnA_3,vision,46,23.0,23.5,False
-3g5yACwYnA_3,vision,47,23.5,24.0,False
-3g5yACwYnA_3,vision,48,24.0,24.5,False
-3g5yACwYnA_3,vision,49,24.5,25.0,False
-3g5yACwYnA_9,audio,0,0.0,0.5,True
-3g5yACwYnA_9,audio,1,0.5,1.0,True
-3g5yACwYnA_9,audio,2,1.0,1.5,True
-3g5yACwYnA_9,audio,3,1.5,2.0,True
-3g5yACwYnA_9,audio,4,2.0,2.5,True
-3g5yACwYnA_9,audio,5,2.5,3.0,True
-3g5yACwYnA_9,audio,6,3.0,3.5,True
-3g5yACwYnA_9,audio,7,3.5,4.0,True
-3g5yACwYnA_9,audio,8,4.0,4.5,True
-3g5yACwYnA_9,audio,9,4.5,5.0,True
-3g5yACwYnA_9,audio,10,5.0,5.5,True
-3g5yACwYnA_9,audio,11,5.5,6.0,True
-3g5yACwYnA_9,audio,12,6.0,6.5,True
-3g5yACwYnA_9,audio,13,6.5,7.0,True
-3g5yACwYnA_9,audio,14,7.0,7.5,True
-3g5yACwYnA_9,audio,15,7.5,8.0,True
-3g5yACwYnA_9,audio,16,8.0,8.5,True
-3g5yACwYnA_9,audio,17,8.5,9.0,True
-3g5yACwYnA_9,audio,18,9.0,9.5,False
-3g5yACwYnA_9,audio,19,9.5,10.0,False
-3g5yACwYnA_9,audio,20,10.0,10.5,False
-3g5yACwYnA_9,audio,21,10.5,11.0,False
-3g5yACwYnA_9,audio,22,11.0,11.5,False
-3g5yACwYnA_9,audio,23,11.5,12.0,False
-3g5yACwYnA_9,audio,24,12.0,12.5,False
-3g5yACwYnA_9,audio,25,12.5,13.0,False
-3g5yACwYnA_9,audio,26,13.0,13.5,False
-3g5yACwYnA_9,audio,27,13.5,14.0,False
-3g5yACwYnA_9,audio,28,14.0,14.5,False
-3g5yACwYnA_9,audio,29,14.5,15.0,False
-3g5yACwYnA_9,audio,30,15.0,15.5,False
-3g5yACwYnA_9,audio,31,15.5,16.0,False
-3g5yACwYnA_9,audio,32,16.0,16.5,False
-3g5yACwYnA_9,audio,33,16.5,17.0,False
-3g5yACwYnA_9,audio,34,17.0,17.5,False
-3g5yACwYnA_9,audio,35,17.5,18.0,False
-3g5yACwYnA_9,audio,36,18.0,18.5,False
-3g5yACwYnA_9,audio,37,18.5,19.0,False
-3g5yACwYnA_9,audio,38,19.0,19.5,False
-3g5yACwYnA_9,audio,39,19.5,20.0,False
-3g5yACwYnA_9,audio,40,20.0,20.5,False
-3g5yACwYnA_9,audio,41,20.5,21.0,False
-3g5yACwYnA_9,audio,42,21.0,21.5,False
-3g5yACwYnA_9,audio,43,21.5,22.0,False
-3g5yACwYnA_9,audio,44,22.0,22.5,False
-3g5yACwYnA_9,audio,45,22.5,23.0,False
-3g5yACwYnA_9,audio,46,23.0,23.5,False
-3g5yACwYnA_9,audio,47,23.5,24.0,False
-3g5yACwYnA_9,audio,48,24.0,24.5,False
-3g5yACwYnA_9,audio,49,24.5,25.0,False
-3g5yACwYnA_9,vision,0,0.0,0.5,True
-3g5yACwYnA_9,vision,1,0.5,1.0,True
-3g5yACwYnA_9,vision,2,1.0,1.5,True
-3g5yACwYnA_9,vision,3,1.5,2.0,True
-3g5yACwYnA_9,vision,4,2.0,2.5,True
-3g5yACwYnA_9,vision,5,2.5,3.0,True
-3g5yACwYnA_9,vision,6,3.0,3.5,True
-3g5yACwYnA_9,vision,7,3.5,4.0,True
-3g5yACwYnA_9,vision,8,4.0,4.5,True
-3g5yACwYnA_9,vision,9,4.5,5.0,True
-3g5yACwYnA_9,vision,10,5.0,5.5,True
-3g5yACwYnA_9,vision,11,5.5,6.0,True
-3g5yACwYnA_9,vision,12,6.0,6.5,True
-3g5yACwYnA_9,vision,13,6.5,7.0,True
-3g5yACwYnA_9,vision,14,7.0,7.5,True
-3g5yACwYnA_9,vision,15,7.5,8.0,True
-3g5yACwYnA_9,vision,16,8.0,8.5,True
-3g5yACwYnA_9,vision,17,8.5,9.0,True
-3g5yACwYnA_9,vision,18,9.0,9.5,False
-3g5yACwYnA_9,vision,19,9.5,10.0,False
-3g5yACwYnA_9,vision,20,10.0,10.5,False
-3g5yACwYnA_9,vision,21,10.5,11.0,False
-3g5yACwYnA_9,vision,22,11.0,11.5,False
-3g5yACwYnA_9,vision,23,11.5,12.0,False
-3g5yACwYnA_9,vision,24,12.0,12.5,False
-3g5yACwYnA_9,vision,25,12.5,13.0,False
-3g5yACwYnA_9,vision,26,13.0,13.5,False
-3g5yACwYnA_9,vision,27,13.5,14.0,False
-3g5yACwYnA_9,vision,28,14.0,14.5,False
-3g5yACwYnA_9,vision,29,14.5,15.0,False
-3g5yACwYnA_9,vision,30,15.0,15.5,False
-3g5yACwYnA_9,vision,31,15.5,16.0,False
-3g5yACwYnA_9,vision,32,16.0,16.5,False
-3g5yACwYnA_9,vision,33,16.5,17.0,False
-3g5yACwYnA_9,vision,34,17.0,17.5,False
-3g5yACwYnA_9,vision,35,17.5,18.0,False
-3g5yACwYnA_9,vision,36,18.0,18.5,False
-3g5yACwYnA_9,vision,37,18.5,19.0,False
-3g5yACwYnA_9,vision,38,19.0,19.5,False
-3g5yACwYnA_9,vision,39,19.5,20.0,False
-3g5yACwYnA_9,vision,40,20.0,20.5,False
-3g5yACwYnA_9,vision,41,20.5,21.0,False
-3g5yACwYnA_9,vision,42,21.0,21.5,False
-3g5yACwYnA_9,vision,43,21.5,22.0,False
-3g5yACwYnA_9,vision,44,22.0,22.5,False
-3g5yACwYnA_9,vision,45,22.5,23.0,False
-3g5yACwYnA_9,vision,46,23.0,23.5,False
-3g5yACwYnA_9,vision,47,23.5,24.0,False
-3g5yACwYnA_9,vision,48,24.0,24.5,False
-3g5yACwYnA_9,vision,49,24.5,25.0,False
-3nNcZdcdvU_5,audio,0,0.0,0.5,True
-3nNcZdcdvU_5,audio,1,0.5,1.0,True
-3nNcZdcdvU_5,audio,2,1.0,1.5,True
-3nNcZdcdvU_5,audio,3,1.5,2.0,True
-3nNcZdcdvU_5,audio,4,2.0,2.5,True
-3nNcZdcdvU_5,audio,5,2.5,3.0,True
-3nNcZdcdvU_5,audio,6,3.0,3.5,True
-3nNcZdcdvU_5,audio,7,3.5,4.0,True
-3nNcZdcdvU_5,audio,8,4.0,4.5,True
-3nNcZdcdvU_5,audio,9,4.5,5.0,True
-3nNcZdcdvU_5,audio,10,5.0,5.5,True
-3nNcZdcdvU_5,audio,11,5.5,6.0,True
-3nNcZdcdvU_5,audio,12,6.0,6.5,True
-3nNcZdcdvU_5,audio,13,6.5,7.0,True
-3nNcZdcdvU_5,audio,14,7.0,7.5,True
-3nNcZdcdvU_5,audio,15,7.5,8.0,True
-3nNcZdcdvU_5,audio,16,8.0,8.5,False
-3nNcZdcdvU_5,audio,17,8.5,9.0,False
-3nNcZdcdvU_5,audio,18,9.0,9.5,False
-3nNcZdcdvU_5,audio,19,9.5,10.0,False
-3nNcZdcdvU_5,audio,20,10.0,10.5,False
-3nNcZdcdvU_5,audio,21,10.5,11.0,False
-3nNcZdcdvU_5,audio,22,11.0,11.5,False
-3nNcZdcdvU_5,audio,23,11.5,12.0,False
-3nNcZdcdvU_5,audio,24,12.0,12.5,False
-3nNcZdcdvU_5,audio,25,12.5,13.0,False
-3nNcZdcdvU_5,audio,26,13.0,13.5,False
-3nNcZdcdvU_5,audio,27,13.5,14.0,False
-3nNcZdcdvU_5,audio,28,14.0,14.5,False
-3nNcZdcdvU_5,audio,29,14.5,15.0,False
-3nNcZdcdvU_5,audio,30,15.0,15.5,False
-3nNcZdcdvU_5,audio,31,15.5,16.0,False
-3nNcZdcdvU_5,audio,32,16.0,16.5,False
-3nNcZdcdvU_5,audio,33,16.5,17.0,False
-3nNcZdcdvU_5,audio,34,17.0,17.5,False
-3nNcZdcdvU_5,audio,35,17.5,18.0,False
-3nNcZdcdvU_5,audio,36,18.0,18.5,False
-3nNcZdcdvU_5,audio,37,18.5,19.0,False
-3nNcZdcdvU_5,audio,38,19.0,19.5,False
-3nNcZdcdvU_5,audio,39,19.5,20.0,False
-3nNcZdcdvU_5,audio,40,20.0,20.5,False
-3nNcZdcdvU_5,audio,41,20.5,21.0,False
-3nNcZdcdvU_5,audio,42,21.0,21.5,False
-3nNcZdcdvU_5,audio,43,21.5,22.0,False
-3nNcZdcdvU_5,audio,44,22.0,22.5,False
-3nNcZdcdvU_5,audio,45,22.5,23.0,False
-3nNcZdcdvU_5,audio,46,23.0,23.5,False
-3nNcZdcdvU_5,audio,47,23.5,24.0,False
-3nNcZdcdvU_5,audio,48,24.0,24.5,False
-3nNcZdcdvU_5,audio,49,24.5,25.0,False
-3nNcZdcdvU_5,vision,0,0.0,0.5,True
-3nNcZdcdvU_5,vision,1,0.5,1.0,True
-3nNcZdcdvU_5,vision,2,1.0,1.5,True
-3nNcZdcdvU_5,vision,3,1.5,2.0,True
-3nNcZdcdvU_5,vision,4,2.0,2.5,True
-3nNcZdcdvU_5,vision,5,2.5,3.0,True
-3nNcZdcdvU_5,vision,6,3.0,3.5,True
-3nNcZdcdvU_5,vision,7,3.5,4.0,True
-3nNcZdcdvU_5,vision,8,4.0,4.5,True
-3nNcZdcdvU_5,vision,9,4.5,5.0,True
-3nNcZdcdvU_5,vision,10,5.0,5.5,True
-3nNcZdcdvU_5,vision,11,5.5,6.0,True
-3nNcZdcdvU_5,vision,12,6.0,6.5,True
-3nNcZdcdvU_5,vision,13,6.5,7.0,True
-3nNcZdcdvU_5,vision,14,7.0,7.5,True
-3nNcZdcdvU_5,vision,15,7.5,8.0,True
-3nNcZdcdvU_5,vision,16,8.0,8.5,False
-3nNcZdcdvU_5,vision,17,8.5,9.0,False
-3nNcZdcdvU_5,vision,18,9.0,9.5,False
-3nNcZdcdvU_5,vision,19,9.5,10.0,False
-3nNcZdcdvU_5,vision,20,10.0,10.5,False
-3nNcZdcdvU_5,vision,21,10.5,11.0,False
-3nNcZdcdvU_5,vision,22,11.0,11.5,False
-3nNcZdcdvU_5,vision,23,11.5,12.0,False
-3nNcZdcdvU_5,vision,24,12.0,12.5,False
-3nNcZdcdvU_5,vision,25,12.5,13.0,False
-3nNcZdcdvU_5,vision,26,13.0,13.5,False
-3nNcZdcdvU_5,vision,27,13.5,14.0,False
-3nNcZdcdvU_5,vision,28,14.0,14.5,False
-3nNcZdcdvU_5,vision,29,14.5,15.0,False
-3nNcZdcdvU_5,vision,30,15.0,15.5,False
-3nNcZdcdvU_5,vision,31,15.5,16.0,False
-3nNcZdcdvU_5,vision,32,16.0,16.5,False
-3nNcZdcdvU_5,vision,33,16.5,17.0,False
-3nNcZdcdvU_5,vision,34,17.0,17.5,False
-3nNcZdcdvU_5,vision,35,17.5,18.0,False
-3nNcZdcdvU_5,vision,36,18.0,18.5,False
-3nNcZdcdvU_5,vision,37,18.5,19.0,False
-3nNcZdcdvU_5,vision,38,19.0,19.5,False
-3nNcZdcdvU_5,vision,39,19.5,20.0,False
-3nNcZdcdvU_5,vision,40,20.0,20.5,False
-3nNcZdcdvU_5,vision,41,20.5,21.0,False
-3nNcZdcdvU_5,vision,42,21.0,21.5,False
-3nNcZdcdvU_5,vision,43,21.5,22.0,False
-3nNcZdcdvU_5,vision,44,22.0,22.5,False
-3nNcZdcdvU_5,vision,45,22.5,23.0,False
-3nNcZdcdvU_5,vision,46,23.0,23.5,False
-3nNcZdcdvU_5,vision,47,23.5,24.0,False
-3nNcZdcdvU_5,vision,48,24.0,24.5,False
-3nNcZdcdvU_5,vision,49,24.5,25.0,False
-571d8cVauQ_0,audio,0,0.0,0.5,True
-571d8cVauQ_0,audio,1,0.5,1.0,True
-571d8cVauQ_0,audio,2,1.0,1.5,True
-571d8cVauQ_0,audio,3,1.5,2.0,True
-571d8cVauQ_0,audio,4,2.0,2.5,True
-571d8cVauQ_0,audio,5,2.5,3.0,True
-571d8cVauQ_0,audio,6,3.0,3.5,True
-571d8cVauQ_0,audio,7,3.5,4.0,True
-571d8cVauQ_0,audio,8,4.0,4.5,True
-571d8cVauQ_0,audio,9,4.5,5.0,True
-571d8cVauQ_0,audio,10,5.0,5.5,False
-571d8cVauQ_0,audio,11,5.5,6.0,False
-571d8cVauQ_0,audio,12,6.0,6.5,False
-571d8cVauQ_0,audio,13,6.5,7.0,False
-571d8cVauQ_0,audio,14,7.0,7.5,False
-571d8cVauQ_0,audio,15,7.5,8.0,False
-571d8cVauQ_0,audio,16,8.0,8.5,False
-571d8cVauQ_0,audio,17,8.5,9.0,False
-571d8cVauQ_0,audio,18,9.0,9.5,False
-571d8cVauQ_0,audio,19,9.5,10.0,False
-571d8cVauQ_0,audio,20,10.0,10.5,False
-571d8cVauQ_0,audio,21,10.5,11.0,False
-571d8cVauQ_0,audio,22,11.0,11.5,False
-571d8cVauQ_0,audio,23,11.5,12.0,False
-571d8cVauQ_0,audio,24,12.0,12.5,False
-571d8cVauQ_0,audio,25,12.5,13.0,False
-571d8cVauQ_0,audio,26,13.0,13.5,False
-571d8cVauQ_0,audio,27,13.5,14.0,False
-571d8cVauQ_0,audio,28,14.0,14.5,False
-571d8cVauQ_0,audio,29,14.5,15.0,False
-571d8cVauQ_0,audio,30,15.0,15.5,False
-571d8cVauQ_0,audio,31,15.5,16.0,False
-571d8cVauQ_0,audio,32,16.0,16.5,False
-571d8cVauQ_0,audio,33,16.5,17.0,False
-571d8cVauQ_0,audio,34,17.0,17.5,False
-571d8cVauQ_0,audio,35,17.5,18.0,False
-571d8cVauQ_0,audio,36,18.0,18.5,False
-571d8cVauQ_0,audio,37,18.5,19.0,False
-571d8cVauQ_0,audio,38,19.0,19.5,False
-571d8cVauQ_0,audio,39,19.5,20.0,False
-571d8cVauQ_0,audio,40,20.0,20.5,False
-571d8cVauQ_0,audio,41,20.5,21.0,False
-571d8cVauQ_0,audio,42,21.0,21.5,False
-571d8cVauQ_0,audio,43,21.5,22.0,False
-571d8cVauQ_0,audio,44,22.0,22.5,False
-571d8cVauQ_0,audio,45,22.5,23.0,False
-571d8cVauQ_0,audio,46,23.0,23.5,False
-571d8cVauQ_0,audio,47,23.5,24.0,False
-571d8cVauQ_0,audio,48,24.0,24.5,False
-571d8cVauQ_0,audio,49,24.5,25.0,False
-571d8cVauQ_0,vision,0,0.0,0.5,True
-571d8cVauQ_0,vision,1,0.5,1.0,True
-571d8cVauQ_0,vision,2,1.0,1.5,True
-571d8cVauQ_0,vision,3,1.5,2.0,True
-571d8cVauQ_0,vision,4,2.0,2.5,True
-571d8cVauQ_0,vision,5,2.5,3.0,True
-571d8cVauQ_0,vision,6,3.0,3.5,True
-571d8cVauQ_0,vision,7,3.5,4.0,True
-571d8cVauQ_0,vision,8,4.0,4.5,True
-571d8cVauQ_0,vision,9,4.5,5.0,True
-571d8cVauQ_0,vision,10,5.0,5.5,True
-571d8cVauQ_0,vision,11,5.5,6.0,False
-571d8cVauQ_0,vision,12,6.0,6.5,False
-571d8cVauQ_0,vision,13,6.5,7.0,False
-571d8cVauQ_0,vision,14,7.0,7.5,False
-571d8cVauQ_0,vision,15,7.5,8.0,False
-571d8cVauQ_0,vision,16,8.0,8.5,False
-571d8cVauQ_0,vision,17,8.5,9.0,False
-571d8cVauQ_0,vision,18,9.0,9.5,False
-571d8cVauQ_0,vision,19,9.5,10.0,False
-571d8cVauQ_0,vision,20,10.0,10.5,False
-571d8cVauQ_0,vision,21,10.5,11.0,False
-571d8cVauQ_0,vision,22,11.0,11.5,False
-571d8cVauQ_0,vision,23,11.5,12.0,False
-571d8cVauQ_0,vision,24,12.0,12.5,False
-571d8cVauQ_0,vision,25,12.5,13.0,False
-571d8cVauQ_0,vision,26,13.0,13.5,False
-571d8cVauQ_0,vision,27,13.5,14.0,False
-571d8cVauQ_0,vision,28,14.0,14.5,False
-571d8cVauQ_0,vision,29,14.5,15.0,False
-571d8cVauQ_0,vision,30,15.0,15.5,False
-571d8cVauQ_0,vision,31,15.5,16.0,False
-571d8cVauQ_0,vision,32,16.0,16.5,False
-571d8cVauQ_0,vision,33,16.5,17.0,False
-571d8cVauQ_0,vision,34,17.0,17.5,False
-571d8cVauQ_0,vision,35,17.5,18.0,False
-571d8cVauQ_0,vision,36,18.0,18.5,False
-571d8cVauQ_0,vision,37,18.5,19.0,False
-571d8cVauQ_0,vision,38,19.0,19.5,False
-571d8cVauQ_0,vision,39,19.5,20.0,False
-571d8cVauQ_0,vision,40,20.0,20.5,False
-571d8cVauQ_0,vision,41,20.5,21.0,False
-571d8cVauQ_0,vision,42,21.0,21.5,False
-571d8cVauQ_0,vision,43,21.5,22.0,False
-571d8cVauQ_0,vision,44,22.0,22.5,False
-571d8cVauQ_0,vision,45,22.5,23.0,False
-571d8cVauQ_0,vision,46,23.0,23.5,False
-571d8cVauQ_0,vision,47,23.5,24.0,False
-571d8cVauQ_0,vision,48,24.0,24.5,False
-571d8cVauQ_0,vision,49,24.5,25.0,False
-571d8cVauQ_5,audio,0,0.0,0.5,True
-571d8cVauQ_5,audio,1,0.5,1.0,True
-571d8cVauQ_5,audio,2,1.0,1.5,True
-571d8cVauQ_5,audio,3,1.5,2.0,True
-571d8cVauQ_5,audio,4,2.0,2.5,True
-571d8cVauQ_5,audio,5,2.5,3.0,True
-571d8cVauQ_5,audio,6,3.0,3.5,True
-571d8cVauQ_5,audio,7,3.5,4.0,True
-571d8cVauQ_5,audio,8,4.0,4.5,True
-571d8cVauQ_5,audio,9,4.5,5.0,True
-571d8cVauQ_5,audio,10,5.0,5.5,True
-571d8cVauQ_5,audio,11,5.5,6.0,True
-571d8cVauQ_5,audio,12,6.0,6.5,True
-571d8cVauQ_5,audio,13,6.5,7.0,True
-571d8cVauQ_5,audio,14,7.0,7.5,True
-571d8cVauQ_5,audio,15,7.5,8.0,True
-571d8cVauQ_5,audio,16,8.0,8.5,True
-571d8cVauQ_5,audio,17,8.5,9.0,True
-571d8cVauQ_5,audio,18,9.0,9.5,True
-571d8cVauQ_5,audio,19,9.5,10.0,True
-571d8cVauQ_5,audio,20,10.0,10.5,True
-571d8cVauQ_5,audio,21,10.5,11.0,True
-571d8cVauQ_5,audio,22,11.0,11.5,True
-571d8cVauQ_5,audio,23,11.5,12.0,True
-571d8cVauQ_5,audio,24,12.0,12.5,True
-571d8cVauQ_5,audio,25,12.5,13.0,True
-571d8cVauQ_5,audio,26,13.0,13.5,True
-571d8cVauQ_5,audio,27,13.5,14.0,True
-571d8cVauQ_5,audio,28,14.0,14.5,True
-571d8cVauQ_5,audio,29,14.5,15.0,True
-571d8cVauQ_5,audio,30,15.0,15.5,True
-571d8cVauQ_5,audio,31,15.5,16.0,False
-571d8cVauQ_5,audio,32,16.0,16.5,False
-571d8cVauQ_5,audio,33,16.5,17.0,False
-571d8cVauQ_5,audio,34,17.0,17.5,False
-571d8cVauQ_5,audio,35,17.5,18.0,False
-571d8cVauQ_5,audio,36,18.0,18.5,False
-571d8cVauQ_5,audio,37,18.5,19.0,False
-571d8cVauQ_5,audio,38,19.0,19.5,False
-571d8cVauQ_5,audio,39,19.5,20.0,False
-571d8cVauQ_5,audio,40,20.0,20.5,False
-571d8cVauQ_5,audio,41,20.5,21.0,False
-571d8cVauQ_5,audio,42,21.0,21.5,False
-571d8cVauQ_5,audio,43,21.5,22.0,False
-571d8cVauQ_5,audio,44,22.0,22.5,False
-571d8cVauQ_5,audio,45,22.5,23.0,False
-571d8cVauQ_5,audio,46,23.0,23.5,False
-571d8cVauQ_5,audio,47,23.5,24.0,False
-571d8cVauQ_5,audio,48,24.0,24.5,False
-571d8cVauQ_5,audio,49,24.5,25.0,False
-571d8cVauQ_5,vision,0,0.0,0.5,True
-571d8cVauQ_5,vision,1,0.5,1.0,True
-571d8cVauQ_5,vision,2,1.0,1.5,True
-571d8cVauQ_5,vision,3,1.5,2.0,True
-571d8cVauQ_5,vision,4,2.0,2.5,True
-571d8cVauQ_5,vision,5,2.5,3.0,True
-571d8cVauQ_5,vision,6,3.0,3.5,True
-571d8cVauQ_5,vision,7,3.5,4.0,True
-571d8cVauQ_5,vision,8,4.0,4.5,True
-571d8cVauQ_5,vision,9,4.5,5.0,True
-571d8cVauQ_5,vision,10,5.0,5.5,True
-571d8cVauQ_5,vision,11,5.5,6.0,True
-571d8cVauQ_5,vision,12,6.0,6.5,True
-571d8cVauQ_5,vision,13,6.5,7.0,True
-571d8cVauQ_5,vision,14,7.0,7.5,True
-571d8cVauQ_5,vision,15,7.5,8.0,True
-571d8cVauQ_5,vision,16,8.0,8.5,True
-571d8cVauQ_5,vision,17,8.5,9.0,True
-571d8cVauQ_5,vision,18,9.0,9.5,True
-571d8cVauQ_5,vision,19,9.5,10.0,True
-571d8cVauQ_5,vision,20,10.0,10.5,True
-571d8cVauQ_5,vision,21,10.5,11.0,True
-571d8cVauQ_5,vision,22,11.0,11.5,True
-571d8cVauQ_5,vision,23,11.5,12.0,True
-571d8cVauQ_5,vision,24,12.0,12.5,True
-571d8cVauQ_5,vision,25,12.5,13.0,True
-571d8cVauQ_5,vision,26,13.0,13.5,True
-571d8cVauQ_5,vision,27,13.5,14.0,True
-571d8cVauQ_5,vision,28,14.0,14.5,True
-571d8cVauQ_5,vision,29,14.5,15.0,True
-571d8cVauQ_5,vision,30,15.0,15.5,True
-571d8cVauQ_5,vision,31,15.5,16.0,False
-571d8cVauQ_5,vision,32,16.0,16.5,False
-571d8cVauQ_5,vision,33,16.5,17.0,False
-571d8cVauQ_5,vision,34,17.0,17.5,False
-571d8cVauQ_5,vision,35,17.5,18.0,False
-571d8cVauQ_5,vision,36,18.0,18.5,False
-571d8cVauQ_5,vision,37,18.5,19.0,False
-571d8cVauQ_5,vision,38,19.0,19.5,False
-571d8cVauQ_5,vision,39,19.5,20.0,False
-571d8cVauQ_5,vision,40,20.0,20.5,False
-571d8cVauQ_5,vision,41,20.5,21.0,False
-571d8cVauQ_5,vision,42,21.0,21.5,False
-571d8cVauQ_5,vision,43,21.5,22.0,False
-571d8cVauQ_5,vision,44,22.0,22.5,False
-571d8cVauQ_5,vision,45,22.5,23.0,False
-571d8cVauQ_5,vision,46,23.0,23.5,False
-571d8cVauQ_5,vision,47,23.5,24.0,False
-571d8cVauQ_5,vision,48,24.0,24.5,False
-571d8cVauQ_5,vision,49,24.5,25.0,False
-6rXp3zJ3kc_8,audio,0,0.0,0.5,True
-6rXp3zJ3kc_8,audio,1,0.5,1.0,True
-6rXp3zJ3kc_8,audio,2,1.0,1.5,True
-6rXp3zJ3kc_8,audio,3,1.5,2.0,True
-6rXp3zJ3kc_8,audio,4,2.0,2.5,True
-6rXp3zJ3kc_8,audio,5,2.5,3.0,True
-6rXp3zJ3kc_8,audio,6,3.0,3.5,True
-6rXp3zJ3kc_8,audio,7,3.5,4.0,True
-6rXp3zJ3kc_8,audio,8,4.0,4.5,True
-6rXp3zJ3kc_8,audio,9,4.5,5.0,True
-6rXp3zJ3kc_8,audio,10,5.0,5.5,True
-6rXp3zJ3kc_8,audio,11,5.5,6.0,True
-6rXp3zJ3kc_8,audio,12,6.0,6.5,True
-6rXp3zJ3kc_8,audio,13,6.5,7.0,True
-6rXp3zJ3kc_8,audio,14,7.0,7.5,True
-6rXp3zJ3kc_8,audio,15,7.5,8.0,True
-6rXp3zJ3kc_8,audio,16,8.0,8.5,True
-6rXp3zJ3kc_8,audio,17,8.5,9.0,True
-6rXp3zJ3kc_8,audio,18,9.0,9.5,True
-6rXp3zJ3kc_8,audio,19,9.5,10.0,True
-6rXp3zJ3kc_8,audio,20,10.0,10.5,True
-6rXp3zJ3kc_8,audio,21,10.5,11.0,True
-6rXp3zJ3kc_8,audio,22,11.0,11.5,True
-6rXp3zJ3kc_8,audio,23,11.5,12.0,True
-6rXp3zJ3kc_8,audio,24,12.0,12.5,True
-6rXp3zJ3kc_8,audio,25,12.5,13.0,True
-6rXp3zJ3kc_8,audio,26,13.0,13.5,False
-6rXp3zJ3kc_8,audio,27,13.5,14.0,False
-6rXp3zJ3kc_8,audio,28,14.0,14.5,False
-6rXp3zJ3kc_8,audio,29,14.5,15.0,False
-6rXp3zJ3kc_8,audio,30,15.0,15.5,False
-6rXp3zJ3kc_8,audio,31,15.5,16.0,False
-6rXp3zJ3kc_8,audio,32,16.0,16.5,False
-6rXp3zJ3kc_8,audio,33,16.5,17.0,False
-6rXp3zJ3kc_8,audio,34,17.0,17.5,False
-6rXp3zJ3kc_8,audio,35,17.5,18.0,False
-6rXp3zJ3kc_8,audio,36,18.0,18.5,False
-6rXp3zJ3kc_8,audio,37,18.5,19.0,False
-6rXp3zJ3kc_8,audio,38,19.0,19.5,False
-6rXp3zJ3kc_8,audio,39,19.5,20.0,False
-6rXp3zJ3kc_8,audio,40,20.0,20.5,False
-6rXp3zJ3kc_8,audio,41,20.5,21.0,False
-6rXp3zJ3kc_8,audio,42,21.0,21.5,False
-6rXp3zJ3kc_8,audio,43,21.5,22.0,False
-6rXp3zJ3kc_8,audio,44,22.0,22.5,False
-6rXp3zJ3kc_8,audio,45,22.5,23.0,False
-6rXp3zJ3kc_8,audio,46,23.0,23.5,False
-6rXp3zJ3kc_8,audio,47,23.5,24.0,False
-6rXp3zJ3kc_8,audio,48,24.0,24.5,False
-6rXp3zJ3kc_8,audio,49,24.5,25.0,False
-6rXp3zJ3kc_8,vision,0,0.0,0.5,True
-6rXp3zJ3kc_8,vision,1,0.5,1.0,True
-6rXp3zJ3kc_8,vision,2,1.0,1.5,True
-6rXp3zJ3kc_8,vision,3,1.5,2.0,True
-6rXp3zJ3kc_8,vision,4,2.0,2.5,True
-6rXp3zJ3kc_8,vision,5,2.5,3.0,True
-6rXp3zJ3kc_8,vision,6,3.0,3.5,True
-6rXp3zJ3kc_8,vision,7,3.5,4.0,True
-6rXp3zJ3kc_8,vision,8,4.0,4.5,True
-6rXp3zJ3kc_8,vision,9,4.5,5.0,True
-6rXp3zJ3kc_8,vision,10,5.0,5.5,True
-6rXp3zJ3kc_8,vision,11,5.5,6.0,True
-6rXp3zJ3kc_8,vision,12,6.0,6.5,True
-6rXp3zJ3kc_8,vision,13,6.5,7.0,True
-6rXp3zJ3kc_8,vision,14,7.0,7.5,True
-6rXp3zJ3kc_8,vision,15,7.5,8.0,True
-6rXp3zJ3kc_8,vision,16,8.0,8.5,True
-6rXp3zJ3kc_8,vision,17,8.5,9.0,True
-6rXp3zJ3kc_8,vision,18,9.0,9.5,True
-6rXp3zJ3kc_8,vision,19,9.5,10.0,True
-6rXp3zJ3kc_8,vision,20,10.0,10.5,True
-6rXp3zJ3kc_8,vision,21,10.5,11.0,True
-6rXp3zJ3kc_8,vision,22,11.0,11.5,True
-6rXp3zJ3kc_8,vision,23,11.5,12.0,True
-6rXp3zJ3kc_8,vision,24,12.0,12.5,True
-6rXp3zJ3kc_8,vision,25,12.5,13.0,True
-6rXp3zJ3kc_8,vision,26,13.0,13.5,False
-6rXp3zJ3kc_8,vision,27,13.5,14.0,False
-6rXp3zJ3kc_8,vision,28,14.0,14.5,False
-6rXp3zJ3kc_8,vision,29,14.5,15.0,False
-6rXp3zJ3kc_8,vision,30,15.0,15.5,False
-6rXp3zJ3kc_8,vision,31,15.5,16.0,False
-6rXp3zJ3kc_8,vision,32,16.0,16.5,False
-6rXp3zJ3kc_8,vision,33,16.5,17.0,False
-6rXp3zJ3kc_8,vision,34,17.0,17.5,False
-6rXp3zJ3kc_8,vision,35,17.5,18.0,False
-6rXp3zJ3kc_8,vision,36,18.0,18.5,False
-6rXp3zJ3kc_8,vision,37,18.5,19.0,False
-6rXp3zJ3kc_8,vision,38,19.0,19.5,False
-6rXp3zJ3kc_8,vision,39,19.5,20.0,False
-6rXp3zJ3kc_8,vision,40,20.0,20.5,False
-6rXp3zJ3kc_8,vision,41,20.5,21.0,False
-6rXp3zJ3kc_8,vision,42,21.0,21.5,False
-6rXp3zJ3kc_8,vision,43,21.5,22.0,False
-6rXp3zJ3kc_8,vision,44,22.0,22.5,False
-6rXp3zJ3kc_8,vision,45,22.5,23.0,False
-6rXp3zJ3kc_8,vision,46,23.0,23.5,False
-6rXp3zJ3kc_8,vision,47,23.5,24.0,False
-6rXp3zJ3kc_8,vision,48,24.0,24.5,False
-6rXp3zJ3kc_8,vision,49,24.5,25.0,False
-9y-fZ3swSY_0,audio,0,0.0,0.5,True
-9y-fZ3swSY_0,audio,1,0.5,1.0,True
-9y-fZ3swSY_0,audio,2,1.0,1.5,True
-9y-fZ3swSY_0,audio,3,1.5,2.0,True
-9y-fZ3swSY_0,audio,4,2.0,2.5,True
-9y-fZ3swSY_0,audio,5,2.5,3.0,True
-9y-fZ3swSY_0,audio,6,3.0,3.5,True
-9y-fZ3swSY_0,audio,7,3.5,4.0,True
-9y-fZ3swSY_0,audio,8,4.0,4.5,True
-9y-fZ3swSY_0,audio,9,4.5,5.0,True
-9y-fZ3swSY_0,audio,10,5.0,5.5,True
-9y-fZ3swSY_0,audio,11,5.5,6.0,True
-9y-fZ3swSY_0,audio,12,6.0,6.5,True
-9y-fZ3swSY_0,audio,13,6.5,7.0,True
-9y-fZ3swSY_0,audio,14,7.0,7.5,False
-9y-fZ3swSY_0,audio,15,7.5,8.0,False
-9y-fZ3swSY_0,audio,16,8.0,8.5,False
-9y-fZ3swSY_0,audio,17,8.5,9.0,False
-9y-fZ3swSY_0,audio,18,9.0,9.5,False
-9y-fZ3swSY_0,audio,19,9.5,10.0,False
-9y-fZ3swSY_0,audio,20,10.0,10.5,False
-9y-fZ3swSY_0,audio,21,10.5,11.0,False
-9y-fZ3swSY_0,audio,22,11.0,11.5,False
-9y-fZ3swSY_0,audio,23,11.5,12.0,False
-9y-fZ3swSY_0,audio,24,12.0,12.5,False
-9y-fZ3swSY_0,audio,25,12.5,13.0,False
-9y-fZ3swSY_0,audio,26,13.0,13.5,False
-9y-fZ3swSY_0,audio,27,13.5,14.0,False
-9y-fZ3swSY_0,audio,28,14.0,14.5,False
-9y-fZ3swSY_0,audio,29,14.5,15.0,False
-9y-fZ3swSY_0,audio,30,15.0,15.5,False
-9y-fZ3swSY_0,audio,31,15.5,16.0,False
-9y-fZ3swSY_0,audio,32,16.0,16.5,False
-9y-fZ3swSY_0,audio,33,16.5,17.0,False
-9y-fZ3swSY_0,audio,34,17.0,17.5,False
-9y-fZ3swSY_0,audio,35,17.5,18.0,False
-9y-fZ3swSY_0,audio,36,18.0,18.5,False
-9y-fZ3swSY_0,audio,37,18.5,19.0,False
-9y-fZ3swSY_0,audio,38,19.0,19.5,False
-9y-fZ3swSY_0,audio,39,19.5,20.0,False
-9y-fZ3swSY_0,audio,40,20.0,20.5,False
-9y-fZ3swSY_0,audio,41,20.5,21.0,False
-9y-fZ3swSY_0,audio,42,21.0,21.5,False
-9y-fZ3swSY_0,audio,43,21.5,22.0,False
-9y-fZ3swSY_0,audio,44,22.0,22.5,False
-9y-fZ3swSY_0,audio,45,22.5,23.0,False
-9y-fZ3swSY_0,audio,46,23.0,23.5,False
-9y-fZ3swSY_0,audio,47,23.5,24.0,False
-9y-fZ3swSY_0,audio,48,24.0,24.5,False
-9y-fZ3swSY_0,audio,49,24.5,25.0,False
-9y-fZ3swSY_0,vision,0,0.0,0.5,True
-9y-fZ3swSY_0,vision,1,0.5,1.0,True
-9y-fZ3swSY_0,vision,2,1.0,1.5,True
-9y-fZ3swSY_0,vision,3,1.5,2.0,True
-9y-fZ3swSY_0,vision,4,2.0,2.5,True
-9y-fZ3swSY_0,vision,5,2.5,3.0,True
-9y-fZ3swSY_0,vision,6,3.0,3.5,True
-9y-fZ3swSY_0,vision,7,3.5,4.0,True
-9y-fZ3swSY_0,vision,8,4.0,4.5,True
-9y-fZ3swSY_0,vision,9,4.5,5.0,True
-9y-fZ3swSY_0,vision,10,5.0,5.5,True
-9y-fZ3swSY_0,vision,11,5.5,6.0,True
-9y-fZ3swSY_0,vision,12,6.0,6.5,True
-9y-fZ3swSY_0,vision,13,6.5,7.0,True
-9y-fZ3swSY_0,vision,14,7.0,7.5,False
-9y-fZ3swSY_0,vision,15,7.5,8.0,False
-9y-fZ3swSY_0,vision,16,8.0,8.5,False
-9y-fZ3swSY_0,vision,17,8.5,9.0,False
-9y-fZ3swSY_0,vision,18,9.0,9.5,False
-9y-fZ3swSY_0,vision,19,9.5,10.0,False
-9y-fZ3swSY_0,vision,20,10.0,10.5,False
-9y-fZ3swSY_0,vision,21,10.5,11.0,False
-9y-fZ3swSY_0,vision,22,11.0,11.5,False
-9y-fZ3swSY_0,vision,23,11.5,12.0,False
-9y-fZ3swSY_0,vision,24,12.0,12.5,False
-9y-fZ3swSY_0,vision,25,12.5,13.0,False
-9y-fZ3swSY_0,vision,26,13.0,13.5,False
-9y-fZ3swSY_0,vision,27,13.5,14.0,False
-9y-fZ3swSY_0,vision,28,14.0,14.5,False
-9y-fZ3swSY_0,vision,29,14.5,15.0,False
-9y-fZ3swSY_0,vision,30,15.0,15.5,False
-9y-fZ3swSY_0,vision,31,15.5,16.0,False
-9y-fZ3swSY_0,vision,32,16.0,16.5,False
-9y-fZ3swSY_0,vision,33,16.5,17.0,False
-9y-fZ3swSY_0,vision,34,17.0,17.5,False
-9y-fZ3swSY_0,vision,35,17.5,18.0,False
-9y-fZ3swSY_0,vision,36,18.0,18.5,False
-9y-fZ3swSY_0,vision,37,18.5,19.0,False
-9y-fZ3swSY_0,vision,38,19.0,19.5,False
-9y-fZ3swSY_0,vision,39,19.5,20.0,False
-9y-fZ3swSY_0,vision,40,20.0,20.5,False
-9y-fZ3swSY_0,vision,41,20.5,21.0,False
-9y-fZ3swSY_0,vision,42,21.0,21.5,False
-9y-fZ3swSY_0,vision,43,21.5,22.0,False
-9y-fZ3swSY_0,vision,44,22.0,22.5,False
-9y-fZ3swSY_0,vision,45,22.5,23.0,False
-9y-fZ3swSY_0,vision,46,23.0,23.5,False
-9y-fZ3swSY_0,vision,47,23.5,24.0,False
-9y-fZ3swSY_0,vision,48,24.0,24.5,False
-9y-fZ3swSY_0,vision,49,24.5,25.0,False
-9y-fZ3swSY_4,audio,0,0.0,0.5,True
-9y-fZ3swSY_4,audio,1,0.5,1.0,True
-9y-fZ3swSY_4,audio,2,1.0,1.5,True
-9y-fZ3swSY_4,audio,3,1.5,2.0,True
-9y-fZ3swSY_4,audio,4,2.0,2.5,True
-9y-fZ3swSY_4,audio,5,2.5,3.0,True
-9y-fZ3swSY_4,audio,6,3.0,3.5,False
-9y-fZ3swSY_4,audio,7,3.5,4.0,False
-9y-fZ3swSY_4,audio,8,4.0,4.5,False
-9y-fZ3swSY_4,audio,9,4.5,5.0,False
-9y-fZ3swSY_4,audio,10,5.0,5.5,False
-9y-fZ3swSY_4,audio,11,5.5,6.0,False
-9y-fZ3swSY_4,audio,12,6.0,6.5,False
-9y-fZ3swSY_4,audio,13,6.5,7.0,False
-9y-fZ3swSY_4,audio,14,7.0,7.5,False
-9y-fZ3swSY_4,audio,15,7.5,8.0,False
-9y-fZ3swSY_4,audio,16,8.0,8.5,False
-9y-fZ3swSY_4,audio,17,8.5,9.0,False
-9y-fZ3swSY_4,audio,18,9.0,9.5,False
-9y-fZ3swSY_4,audio,19,9.5,10.0,False
-9y-fZ3swSY_4,audio,20,10.0,10.5,False
-9y-fZ3swSY_4,audio,21,10.5,11.0,False
-9y-fZ3swSY_4,audio,22,11.0,11.5,False
-9y-fZ3swSY_4,audio,23,11.5,12.0,False
-9y-fZ3swSY_4,audio,24,12.0,12.5,False
-9y-fZ3swSY_4,audio,25,12.5,13.0,False
-9y-fZ3swSY_4,audio,26,13.0,13.5,False
-9y-fZ3swSY_4,audio,27,13.5,14.0,False
-9y-fZ3swSY_4,audio,28,14.0,14.5,False
-9y-fZ3swSY_4,audio,29,14.5,15.0,False
-9y-fZ3swSY_4,audio,30,15.0,15.5,False
-9y-fZ3swSY_4,audio,31,15.5,16.0,False
-9y-fZ3swSY_4,audio,32,16.0,16.5,False
-9y-fZ3swSY_4,audio,33,16.5,17.0,False
-9y-fZ3swSY_4,audio,34,17.0,17.5,False
-9y-fZ3swSY_4,audio,35,17.5,18.0,False
-9y-fZ3swSY_4,audio,36,18.0,18.5,False
-9y-fZ3swSY_4,audio,37,18.5,19.0,False
-9y-fZ3swSY_4,audio,38,19.0,19.5,False
-9y-fZ3swSY_4,audio,39,19.5,20.0,False
-9y-fZ3swSY_4,audio,40,20.0,20.5,False
-9y-fZ3swSY_4,audio,41,20.5,21.0,False
-9y-fZ3swSY_4,audio,42,21.0,21.5,False
-9y-fZ3swSY_4,audio,43,21.5,22.0,False
-9y-fZ3swSY_4,audio,44,22.0,22.5,False
-9y-fZ3swSY_4,audio,45,22.5,23.0,False
-9y-fZ3swSY_4,audio,46,23.0,23.5,False
-9y-fZ3swSY_4,audio,47,23.5,24.0,False
-9y-fZ3swSY_4,audio,48,24.0,24.5,False
-9y-fZ3swSY_4,audio,49,24.5,25.0,False
-9y-fZ3swSY_4,vision,0,0.0,0.5,True
-9y-fZ3swSY_4,vision,1,0.5,1.0,True
-9y-fZ3swSY_4,vision,2,1.0,1.5,True
-9y-fZ3swSY_4,vision,3,1.5,2.0,True
-9y-fZ3swSY_4,vision,4,2.0,2.5,True
-9y-fZ3swSY_4,vision,5,2.5,3.0,True
-9y-fZ3swSY_4,vision,6,3.0,3.5,False
-9y-fZ3swSY_4,vision,7,3.5,4.0,False
-9y-fZ3swSY_4,vision,8,4.0,4.5,False
-9y-fZ3swSY_4,vision,9,4.5,5.0,False
-9y-fZ3swSY_4,vision,10,5.0,5.5,False
-9y-fZ3swSY_4,vision,11,5.5,6.0,False
-9y-fZ3swSY_4,vision,12,6.0,6.5,False
-9y-fZ3swSY_4,vision,13,6.5,7.0,False
-9y-fZ3swSY_4,vision,14,7.0,7.5,False
-9y-fZ3swSY_4,vision,15,7.5,8.0,False
-9y-fZ3swSY_4,vision,16,8.0,8.5,False
-9y-fZ3swSY_4,vision,17,8.5,9.0,False
-9y-fZ3swSY_4,vision,18,9.0,9.5,False
-9y-fZ3swSY_4,vision,19,9.5,10.0,False
-9y-fZ3swSY_4,vision,20,10.0,10.5,False
-9y-fZ3swSY_4,vision,21,10.5,11.0,False
-9y-fZ3swSY_4,vision,22,11.0,11.5,False
-9y-fZ3swSY_4,vision,23,11.5,12.0,False
-9y-fZ3swSY_4,vision,24,12.0,12.5,False
-9y-fZ3swSY_4,vision,25,12.5,13.0,False
-9y-fZ3swSY_4,vision,26,13.0,13.5,False
-9y-fZ3swSY_4,vision,27,13.5,14.0,False
-9y-fZ3swSY_4,vision,28,14.0,14.5,False
-9y-fZ3swSY_4,vision,29,14.5,15.0,False
-9y-fZ3swSY_4,vision,30,15.0,15.5,False
-9y-fZ3swSY_4,vision,31,15.5,16.0,False
-9y-fZ3swSY_4,vision,32,16.0,16.5,False
-9y-fZ3swSY_4,vision,33,16.5,17.0,False
-9y-fZ3swSY_4,vision,34,17.0,17.5,False
-9y-fZ3swSY_4,vision,35,17.5,18.0,False
-9y-fZ3swSY_4,vision,36,18.0,18.5,False
-9y-fZ3swSY_4,vision,37,18.5,19.0,False
-9y-fZ3swSY_4,vision,38,19.0,19.5,False
-9y-fZ3swSY_4,vision,39,19.5,20.0,False
-9y-fZ3swSY_4,vision,40,20.0,20.5,False
-9y-fZ3swSY_4,vision,41,20.5,21.0,False
-9y-fZ3swSY_4,vision,42,21.0,21.5,False
-9y-fZ3swSY_4,vision,43,21.5,22.0,False
-9y-fZ3swSY_4,vision,44,22.0,22.5,False
-9y-fZ3swSY_4,vision,45,22.5,23.0,False
-9y-fZ3swSY_4,vision,46,23.0,23.5,False
-9y-fZ3swSY_4,vision,47,23.5,24.0,False
-9y-fZ3swSY_4,vision,48,24.0,24.5,False
-9y-fZ3swSY_4,vision,49,24.5,25.0,False
-9y-fZ3swSY_8,audio,0,0.0,0.5,True
-9y-fZ3swSY_8,audio,1,0.5,1.0,True
-9y-fZ3swSY_8,audio,2,1.0,1.5,True
-9y-fZ3swSY_8,audio,3,1.5,2.0,True
-9y-fZ3swSY_8,audio,4,2.0,2.5,True
-9y-fZ3swSY_8,audio,5,2.5,3.0,True
-9y-fZ3swSY_8,audio,6,3.0,3.5,True
-9y-fZ3swSY_8,audio,7,3.5,4.0,True
-9y-fZ3swSY_8,audio,8,4.0,4.5,True
-9y-fZ3swSY_8,audio,9,4.5,5.0,True
-9y-fZ3swSY_8,audio,10,5.0,5.5,False
-9y-fZ3swSY_8,audio,11,5.5,6.0,False
-9y-fZ3swSY_8,audio,12,6.0,6.5,False
-9y-fZ3swSY_8,audio,13,6.5,7.0,False
-9y-fZ3swSY_8,audio,14,7.0,7.5,False
-9y-fZ3swSY_8,audio,15,7.5,8.0,False
-9y-fZ3swSY_8,audio,16,8.0,8.5,False
-9y-fZ3swSY_8,audio,17,8.5,9.0,False
-9y-fZ3swSY_8,audio,18,9.0,9.5,False
-9y-fZ3swSY_8,audio,19,9.5,10.0,False
-9y-fZ3swSY_8,audio,20,10.0,10.5,False
-9y-fZ3swSY_8,audio,21,10.5,11.0,False
-9y-fZ3swSY_8,audio,22,11.0,11.5,False
-9y-fZ3swSY_8,audio,23,11.5,12.0,False
-9y-fZ3swSY_8,audio,24,12.0,12.5,False
-9y-fZ3swSY_8,audio,25,12.5,13.0,False
-9y-fZ3swSY_8,audio,26,13.0,13.5,False
-9y-fZ3swSY_8,audio,27,13.5,14.0,False
-9y-fZ3swSY_8,audio,28,14.0,14.5,False
-9y-fZ3swSY_8,audio,29,14.5,15.0,False
-9y-fZ3swSY_8,audio,30,15.0,15.5,False
-9y-fZ3swSY_8,audio,31,15.5,16.0,False
-9y-fZ3swSY_8,audio,32,16.0,16.5,False
-9y-fZ3swSY_8,audio,33,16.5,17.0,False
-9y-fZ3swSY_8,audio,34,17.0,17.5,False
-9y-fZ3swSY_8,audio,35,17.5,18.0,False
-9y-fZ3swSY_8,audio,36,18.0,18.5,False
-9y-fZ3swSY_8,audio,37,18.5,19.0,False
-9y-fZ3swSY_8,audio,38,19.0,19.5,False
-9y-fZ3swSY_8,audio,39,19.5,20.0,False
-9y-fZ3swSY_8,audio,40,20.0,20.5,False
-9y-fZ3swSY_8,audio,41,20.5,21.0,False
-9y-fZ3swSY_8,audio,42,21.0,21.5,False
-9y-fZ3swSY_8,audio,43,21.5,22.0,False
-9y-fZ3swSY_8,audio,44,22.0,22.5,False
-9y-fZ3swSY_8,audio,45,22.5,23.0,False
-9y-fZ3swSY_8,audio,46,23.0,23.5,False
-9y-fZ3swSY_8,audio,47,23.5,24.0,False
-9y-fZ3swSY_8,audio,48,24.0,24.5,False
-9y-fZ3swSY_8,audio,49,24.5,25.0,False
-9y-fZ3swSY_8,vision,0,0.0,0.5,True
-9y-fZ3swSY_8,vision,1,0.5,1.0,True
-9y-fZ3swSY_8,vision,2,1.0,1.5,True
-9y-fZ3swSY_8,vision,3,1.5,2.0,True
-9y-fZ3swSY_8,vision,4,2.0,2.5,True
-9y-fZ3swSY_8,vision,5,2.5,3.0,True
-9y-fZ3swSY_8,vision,6,3.0,3.5,True
-9y-fZ3swSY_8,vision,7,3.5,4.0,True
-9y-fZ3swSY_8,vision,8,4.0,4.5,True
-9y-fZ3swSY_8,vision,9,4.5,5.0,True
-9y-fZ3swSY_8,vision,10,5.0,5.5,False
-9y-fZ3swSY_8,vision,11,5.5,6.0,False
-9y-fZ3swSY_8,vision,12,6.0,6.5,False
-9y-fZ3swSY_8,vision,13,6.5,7.0,False
-9y-fZ3swSY_8,vision,14,7.0,7.5,False
-9y-fZ3swSY_8,vision,15,7.5,8.0,False
-9y-fZ3swSY_8,vision,16,8.0,8.5,False
-9y-fZ3swSY_8,vision,17,8.5,9.0,False
-9y-fZ3swSY_8,vision,18,9.0,9.5,False
-9y-fZ3swSY_8,vision,19,9.5,10.0,False
-9y-fZ3swSY_8,vision,20,10.0,10.5,False
-9y-fZ3swSY_8,vision,21,10.5,11.0,False
-9y-fZ3swSY_8,vision,22,11.0,11.5,False
-9y-fZ3swSY_8,vision,23,11.5,12.0,False
-9y-fZ3swSY_8,vision,24,12.0,12.5,False
-9y-fZ3swSY_8,vision,25,12.5,13.0,False
-9y-fZ3swSY_8,vision,26,13.0,13.5,False
-9y-fZ3swSY_8,vision,27,13.5,14.0,False
-9y-fZ3swSY_8,vision,28,14.0,14.5,False
-9y-fZ3swSY_8,vision,29,14.5,15.0,False
-9y-fZ3swSY_8,vision,30,15.0,15.5,False
-9y-fZ3swSY_8,vision,31,15.5,16.0,False
-9y-fZ3swSY_8,vision,32,16.0,16.5,False
-9y-fZ3swSY_8,vision,33,16.5,17.0,False
-9y-fZ3swSY_8,vision,34,17.0,17.5,False
-9y-fZ3swSY_8,vision,35,17.5,18.0,False
-9y-fZ3swSY_8,vision,36,18.0,18.5,False
-9y-fZ3swSY_8,vision,37,18.5,19.0,False
-9y-fZ3swSY_8,vision,38,19.0,19.5,False
-9y-fZ3swSY_8,vision,39,19.5,20.0,False
-9y-fZ3swSY_8,vision,40,20.0,20.5,False
-9y-fZ3swSY_8,vision,41,20.5,21.0,False
-9y-fZ3swSY_8,vision,42,21.0,21.5,False
-9y-fZ3swSY_8,vision,43,21.5,22.0,False
-9y-fZ3swSY_8,vision,44,22.0,22.5,False
-9y-fZ3swSY_8,vision,45,22.5,23.0,False
-9y-fZ3swSY_8,vision,46,23.0,23.5,False
-9y-fZ3swSY_8,vision,47,23.5,24.0,False
-9y-fZ3swSY_8,vision,48,24.0,24.5,False
-9y-fZ3swSY_8,vision,49,24.5,25.0,False
-AUZQgSxyPQ_2,audio,0,0.0,0.5,True
-AUZQgSxyPQ_2,audio,1,0.5,1.0,True
-AUZQgSxyPQ_2,audio,2,1.0,1.5,True
-AUZQgSxyPQ_2,audio,3,1.5,2.0,True
-AUZQgSxyPQ_2,audio,4,2.0,2.5,True
-AUZQgSxyPQ_2,audio,5,2.5,3.0,True
-AUZQgSxyPQ_2,audio,6,3.0,3.5,True
-AUZQgSxyPQ_2,audio,7,3.5,4.0,True
-AUZQgSxyPQ_2,audio,8,4.0,4.5,True
-AUZQgSxyPQ_2,audio,9,4.5,5.0,True
-AUZQgSxyPQ_2,audio,10,5.0,5.5,True
-AUZQgSxyPQ_2,audio,11,5.5,6.0,True
-AUZQgSxyPQ_2,audio,12,6.0,6.5,True
-AUZQgSxyPQ_2,audio,13,6.5,7.0,True
-AUZQgSxyPQ_2,audio,14,7.0,7.5,True
-AUZQgSxyPQ_2,audio,15,7.5,8.0,True
-AUZQgSxyPQ_2,audio,16,8.0,8.5,True
-AUZQgSxyPQ_2,audio,17,8.5,9.0,True
-AUZQgSxyPQ_2,audio,18,9.0,9.5,True
-AUZQgSxyPQ_2,audio,19,9.5,10.0,True
-AUZQgSxyPQ_2,audio,20,10.0,10.5,True
-AUZQgSxyPQ_2,audio,21,10.5,11.0,True
-AUZQgSxyPQ_2,audio,22,11.0,11.5,True
-AUZQgSxyPQ_2,audio,23,11.5,12.0,True
-AUZQgSxyPQ_2,audio,24,12.0,12.5,True
-AUZQgSxyPQ_2,audio,25,12.5,13.0,True
-AUZQgSxyPQ_2,audio,26,13.0,13.5,True
-AUZQgSxyPQ_2,audio,27,13.5,14.0,True
-AUZQgSxyPQ_2,audio,28,14.0,14.5,True
-AUZQgSxyPQ_2,audio,29,14.5,15.0,True
-AUZQgSxyPQ_2,audio,30,15.0,15.5,True
-AUZQgSxyPQ_2,audio,31,15.5,16.0,True
-AUZQgSxyPQ_2,audio,32,16.0,16.5,True
-AUZQgSxyPQ_2,audio,33,16.5,17.0,True
-AUZQgSxyPQ_2,audio,34,17.0,17.5,True
-AUZQgSxyPQ_2,audio,35,17.5,18.0,True
-AUZQgSxyPQ_2,audio,36,18.0,18.5,True
-AUZQgSxyPQ_2,audio,37,18.5,19.0,True
-AUZQgSxyPQ_2,audio,38,19.0,19.5,True
-AUZQgSxyPQ_2,audio,39,19.5,20.0,True
-AUZQgSxyPQ_2,audio,40,20.0,20.5,True
-AUZQgSxyPQ_2,audio,41,20.5,21.0,True
-AUZQgSxyPQ_2,audio,42,21.0,21.5,True
-AUZQgSxyPQ_2,audio,43,21.5,22.0,True
-AUZQgSxyPQ_2,audio,44,22.0,22.5,True
-AUZQgSxyPQ_2,audio,45,22.5,23.0,False
-AUZQgSxyPQ_2,audio,46,23.0,23.5,False
-AUZQgSxyPQ_2,audio,47,23.5,24.0,False
-AUZQgSxyPQ_2,audio,48,24.0,24.5,False
-AUZQgSxyPQ_2,audio,49,24.5,25.0,False
-AUZQgSxyPQ_2,vision,0,0.0,0.5,True
-AUZQgSxyPQ_2,vision,1,0.5,1.0,True
-AUZQgSxyPQ_2,vision,2,1.0,1.5,True
-AUZQgSxyPQ_2,vision,3,1.5,2.0,True
-AUZQgSxyPQ_2,vision,4,2.0,2.5,True
-AUZQgSxyPQ_2,vision,5,2.5,3.0,True
-AUZQgSxyPQ_2,vision,6,3.0,3.5,True
-AUZQgSxyPQ_2,vision,7,3.5,4.0,True
-AUZQgSxyPQ_2,vision,8,4.0,4.5,True
-AUZQgSxyPQ_2,vision,9,4.5,5.0,True
-AUZQgSxyPQ_2,vision,10,5.0,5.5,True
-AUZQgSxyPQ_2,vision,11,5.5,6.0,True
-AUZQgSxyPQ_2,vision,12,6.0,6.5,True
-AUZQgSxyPQ_2,vision,13,6.5,7.0,True
-AUZQgSxyPQ_2,vision,14,7.0,7.5,True
-AUZQgSxyPQ_2,vision,15,7.5,8.0,True
-AUZQgSxyPQ_2,vision,16,8.0,8.5,True
-AUZQgSxyPQ_2,vision,17,8.5,9.0,True
-AUZQgSxyPQ_2,vision,18,9.0,9.5,True
-AUZQgSxyPQ_2,vision,19,9.5,10.0,True
-AUZQgSxyPQ_2,vision,20,10.0,10.5,True
-AUZQgSxyPQ_2,vision,21,10.5,11.0,True
-AUZQgSxyPQ_2,vision,22,11.0,11.5,True
-AUZQgSxyPQ_2,vision,23,11.5,12.0,True
-AUZQgSxyPQ_2,vision,24,12.0,12.5,True
-AUZQgSxyPQ_2,vision,25,12.5,13.0,True
-AUZQgSxyPQ_2,vision,26,13.0,13.5,True
-AUZQgSxyPQ_2,vision,27,13.5,14.0,True
-AUZQgSxyPQ_2,vision,28,14.0,14.5,True
-AUZQgSxyPQ_2,vision,29,14.5,15.0,True
-AUZQgSxyPQ_2,vision,30,15.0,15.5,True
-AUZQgSxyPQ_2,vision,31,15.5,16.0,True
-AUZQgSxyPQ_2,vision,32,16.0,16.5,True
-AUZQgSxyPQ_2,vision,33,16.5,17.0,True
-AUZQgSxyPQ_2,vision,34,17.0,17.5,True
-AUZQgSxyPQ_2,vision,35,17.5,18.0,True
-AUZQgSxyPQ_2,vision,36,18.0,18.5,True
-AUZQgSxyPQ_2,vision,37,18.5,19.0,True
-AUZQgSxyPQ_2,vision,38,19.0,19.5,True
-AUZQgSxyPQ_2,vision,39,19.5,20.0,True
-AUZQgSxyPQ_2,vision,40,20.0,20.5,True
-AUZQgSxyPQ_2,vision,41,20.5,21.0,True
-AUZQgSxyPQ_2,vision,42,21.0,21.5,True
-AUZQgSxyPQ_2,vision,43,21.5,22.0,True
-AUZQgSxyPQ_2,vision,44,22.0,22.5,True
-AUZQgSxyPQ_2,vision,45,22.5,23.0,False
-AUZQgSxyPQ_2,vision,46,23.0,23.5,False
-AUZQgSxyPQ_2,vision,47,23.5,24.0,False
-AUZQgSxyPQ_2,vision,48,24.0,24.5,False
-AUZQgSxyPQ_2,vision,49,24.5,25.0,False
-HeZS2-Prhc_2,audio,0,0.0,0.5,True
-HeZS2-Prhc_2,audio,1,0.5,1.0,True
-HeZS2-Prhc_2,audio,2,1.0,1.5,True
-HeZS2-Prhc_2,audio,3,1.5,2.0,True
-HeZS2-Prhc_2,audio,4,2.0,2.5,True
-HeZS2-Prhc_2,audio,5,2.5,3.0,True
-HeZS2-Prhc_2,audio,6,3.0,3.5,True
-HeZS2-Prhc_2,audio,7,3.5,4.0,True
-HeZS2-Prhc_2,audio,8,4.0,4.5,True
-HeZS2-Prhc_2,audio,9,4.5,5.0,True
-HeZS2-Prhc_2,audio,10,5.0,5.5,True
-HeZS2-Prhc_2,audio,11,5.5,6.0,True
-HeZS2-Prhc_2,audio,12,6.0,6.5,True
-HeZS2-Prhc_2,audio,13,6.5,7.0,True
-HeZS2-Prhc_2,audio,14,7.0,7.5,True
-HeZS2-Prhc_2,audio,15,7.5,8.0,True
-HeZS2-Prhc_2,audio,16,8.0,8.5,True
-HeZS2-Prhc_2,audio,17,8.5,9.0,False
-HeZS2-Prhc_2,audio,18,9.0,9.5,False
-HeZS2-Prhc_2,audio,19,9.5,10.0,False
-HeZS2-Prhc_2,audio,20,10.0,10.5,False
-HeZS2-Prhc_2,audio,21,10.5,11.0,False
-HeZS2-Prhc_2,audio,22,11.0,11.5,False
-HeZS2-Prhc_2,audio,23,11.5,12.0,False
-HeZS2-Prhc_2,audio,24,12.0,12.5,False
-HeZS2-Prhc_2,audio,25,12.5,13.0,False
-HeZS2-Prhc_2,audio,26,13.0,13.5,False
-HeZS2-Prhc_2,audio,27,13.5,14.0,False
-HeZS2-Prhc_2,audio,28,14.0,14.5,False
-HeZS2-Prhc_2,audio,29,14.5,15.0,False
-HeZS2-Prhc_2,audio,30,15.0,15.5,False
-HeZS2-Prhc_2,audio,31,15.5,16.0,False
-HeZS2-Prhc_2,audio,32,16.0,16.5,False
-HeZS2-Prhc_2,audio,33,16.5,17.0,False
-HeZS2-Prhc_2,audio,34,17.0,17.5,False
-HeZS2-Prhc_2,audio,35,17.5,18.0,False
-HeZS2-Prhc_2,audio,36,18.0,18.5,False
-HeZS2-Prhc_2,audio,37,18.5,19.0,False
-HeZS2-Prhc_2,audio,38,19.0,19.5,False
-HeZS2-Prhc_2,audio,39,19.5,20.0,False
-HeZS2-Prhc_2,audio,40,20.0,20.5,False
-HeZS2-Prhc_2,audio,41,20.5,21.0,False
-HeZS2-Prhc_2,audio,42,21.0,21.5,False
-HeZS2-Prhc_2,audio,43,21.5,22.0,False
-HeZS2-Prhc_2,audio,44,22.0,22.5,False
-HeZS2-Prhc_2,audio,45,22.5,23.0,False
-HeZS2-Prhc_2,audio,46,23.0,23.5,False
-HeZS2-Prhc_2,audio,47,23.5,24.0,False
-HeZS2-Prhc_2,audio,48,24.0,24.5,False
-HeZS2-Prhc_2,audio,49,24.5,25.0,False
-HeZS2-Prhc_2,vision,0,0.0,0.5,True
-HeZS2-Prhc_2,vision,1,0.5,1.0,True
-HeZS2-Prhc_2,vision,2,1.0,1.5,True
-HeZS2-Prhc_2,vision,3,1.5,2.0,True
-HeZS2-Prhc_2,vision,4,2.0,2.5,True
-HeZS2-Prhc_2,vision,5,2.5,3.0,True
-HeZS2-Prhc_2,vision,6,3.0,3.5,True
-HeZS2-Prhc_2,vision,7,3.5,4.0,True
-HeZS2-Prhc_2,vision,8,4.0,4.5,True
-HeZS2-Prhc_2,vision,9,4.5,5.0,True
-HeZS2-Prhc_2,vision,10,5.0,5.5,True
-HeZS2-Prhc_2,vision,11,5.5,6.0,True
-HeZS2-Prhc_2,vision,12,6.0,6.5,True
-HeZS2-Prhc_2,vision,13,6.5,7.0,True
-HeZS2-Prhc_2,vision,14,7.0,7.5,True
-HeZS2-Prhc_2,vision,15,7.5,8.0,True
-HeZS2-Prhc_2,vision,16,8.0,8.5,True
-HeZS2-Prhc_2,vision,17,8.5,9.0,False
-HeZS2-Prhc_2,vision,18,9.0,9.5,False
-HeZS2-Prhc_2,vision,19,9.5,10.0,False
-HeZS2-Prhc_2,vision,20,10.0,10.5,False
-HeZS2-Prhc_2,vision,21,10.5,11.0,False
-HeZS2-Prhc_2,vision,22,11.0,11.5,False
-HeZS2-Prhc_2,vision,23,11.5,12.0,False
-HeZS2-Prhc_2,vision,24,12.0,12.5,False
-HeZS2-Prhc_2,vision,25,12.5,13.0,False
-HeZS2-Prhc_2,vision,26,13.0,13.5,False
-HeZS2-Prhc_2,vision,27,13.5,14.0,False
-HeZS2-Prhc_2,vision,28,14.0,14.5,False
-HeZS2-Prhc_2,vision,29,14.5,15.0,False
-HeZS2-Prhc_2,vision,30,15.0,15.5,False
-HeZS2-Prhc_2,vision,31,15.5,16.0,False
-HeZS2-Prhc_2,vision,32,16.0,16.5,False
-HeZS2-Prhc_2,vision,33,16.5,17.0,False
-HeZS2-Prhc_2,vision,34,17.0,17.5,False
-HeZS2-Prhc_2,vision,35,17.5,18.0,False
-HeZS2-Prhc_2,vision,36,18.0,18.5,False
-HeZS2-Prhc_2,vision,37,18.5,19.0,False
-HeZS2-Prhc_2,vision,38,19.0,19.5,False
-HeZS2-Prhc_2,vision,39,19.5,20.0,False
-HeZS2-Prhc_2,vision,40,20.0,20.5,False
-HeZS2-Prhc_2,vision,41,20.5,21.0,False
-HeZS2-Prhc_2,vision,42,21.0,21.5,False
-HeZS2-Prhc_2,vision,43,21.5,22.0,False
-HeZS2-Prhc_2,vision,44,22.0,22.5,False
-HeZS2-Prhc_2,vision,45,22.5,23.0,False
-HeZS2-Prhc_2,vision,46,23.0,23.5,False
-HeZS2-Prhc_2,vision,47,23.5,24.0,False
-HeZS2-Prhc_2,vision,48,24.0,24.5,False
-HeZS2-Prhc_2,vision,49,24.5,25.0,False
-HwX2H8Z4hY_2,audio,0,0.0,0.5,True
-HwX2H8Z4hY_2,audio,1,0.5,1.0,True
-HwX2H8Z4hY_2,audio,2,1.0,1.5,True
-HwX2H8Z4hY_2,audio,3,1.5,2.0,True
-HwX2H8Z4hY_2,audio,4,2.0,2.5,True
-HwX2H8Z4hY_2,audio,5,2.5,3.0,True
-HwX2H8Z4hY_2,audio,6,3.0,3.5,True
-HwX2H8Z4hY_2,audio,7,3.5,4.0,True
-HwX2H8Z4hY_2,audio,8,4.0,4.5,False
-HwX2H8Z4hY_2,audio,9,4.5,5.0,False
-HwX2H8Z4hY_2,audio,10,5.0,5.5,False
-HwX2H8Z4hY_2,audio,11,5.5,6.0,False
-HwX2H8Z4hY_2,audio,12,6.0,6.5,False
-HwX2H8Z4hY_2,audio,13,6.5,7.0,False
-HwX2H8Z4hY_2,audio,14,7.0,7.5,False
-HwX2H8Z4hY_2,audio,15,7.5,8.0,False
-HwX2H8Z4hY_2,audio,16,8.0,8.5,False
-HwX2H8Z4hY_2,audio,17,8.5,9.0,False
-HwX2H8Z4hY_2,audio,18,9.0,9.5,False
-HwX2H8Z4hY_2,audio,19,9.5,10.0,False
-HwX2H8Z4hY_2,audio,20,10.0,10.5,False
-HwX2H8Z4hY_2,audio,21,10.5,11.0,False
-HwX2H8Z4hY_2,audio,22,11.0,11.5,False
-HwX2H8Z4hY_2,audio,23,11.5,12.0,False
-HwX2H8Z4hY_2,audio,24,12.0,12.5,False
-HwX2H8Z4hY_2,audio,25,12.5,13.0,False
-HwX2H8Z4hY_2,audio,26,13.0,13.5,False
-HwX2H8Z4hY_2,audio,27,13.5,14.0,False
-HwX2H8Z4hY_2,audio,28,14.0,14.5,False
-HwX2H8Z4hY_2,audio,29,14.5,15.0,False
-HwX2H8Z4hY_2,audio,30,15.0,15.5,False
-HwX2H8Z4hY_2,audio,31,15.5,16.0,False
-HwX2H8Z4hY_2,audio,32,16.0,16.5,False
-HwX2H8Z4hY_2,audio,33,16.5,17.0,False
-HwX2H8Z4hY_2,audio,34,17.0,17.5,False
-HwX2H8Z4hY_2,audio,35,17.5,18.0,False
-HwX2H8Z4hY_2,audio,36,18.0,18.5,False
-HwX2H8Z4hY_2,audio,37,18.5,19.0,False
-HwX2H8Z4hY_2,audio,38,19.0,19.5,False
-HwX2H8Z4hY_2,audio,39,19.5,20.0,False
-HwX2H8Z4hY_2,audio,40,20.0,20.5,False
-HwX2H8Z4hY_2,audio,41,20.5,21.0,False
-HwX2H8Z4hY_2,audio,42,21.0,21.5,False
-HwX2H8Z4hY_2,audio,43,21.5,22.0,False
-HwX2H8Z4hY_2,audio,44,22.0,22.5,False
-HwX2H8Z4hY_2,audio,45,22.5,23.0,False
-HwX2H8Z4hY_2,audio,46,23.0,23.5,False
-HwX2H8Z4hY_2,audio,47,23.5,24.0,False
-HwX2H8Z4hY_2,audio,48,24.0,24.5,False
-HwX2H8Z4hY_2,audio,49,24.5,25.0,False
-HwX2H8Z4hY_2,vision,0,0.0,0.5,True
-HwX2H8Z4hY_2,vision,1,0.5,1.0,True
-HwX2H8Z4hY_2,vision,2,1.0,1.5,True
-HwX2H8Z4hY_2,vision,3,1.5,2.0,True
-HwX2H8Z4hY_2,vision,4,2.0,2.5,True
-HwX2H8Z4hY_2,vision,5,2.5,3.0,True
-HwX2H8Z4hY_2,vision,6,3.0,3.5,True
-HwX2H8Z4hY_2,vision,7,3.5,4.0,True
-HwX2H8Z4hY_2,vision,8,4.0,4.5,False
-HwX2H8Z4hY_2,vision,9,4.5,5.0,False
-HwX2H8Z4hY_2,vision,10,5.0,5.5,False
-HwX2H8Z4hY_2,vision,11,5.5,6.0,False
-HwX2H8Z4hY_2,vision,12,6.0,6.5,False
-HwX2H8Z4hY_2,vision,13,6.5,7.0,False
-HwX2H8Z4hY_2,vision,14,7.0,7.5,False
-HwX2H8Z4hY_2,vision,15,7.5,8.0,False
-HwX2H8Z4hY_2,vision,16,8.0,8.5,False
-HwX2H8Z4hY_2,vision,17,8.5,9.0,False
-HwX2H8Z4hY_2,vision,18,9.0,9.5,False
-HwX2H8Z4hY_2,vision,19,9.5,10.0,False
-HwX2H8Z4hY_2,vision,20,10.0,10.5,False
-HwX2H8Z4hY_2,vision,21,10.5,11.0,False
-HwX2H8Z4hY_2,vision,22,11.0,11.5,False
-HwX2H8Z4hY_2,vision,23,11.5,12.0,False
-HwX2H8Z4hY_2,vision,24,12.0,12.5,False
-HwX2H8Z4hY_2,vision,25,12.5,13.0,False
-HwX2H8Z4hY_2,vision,26,13.0,13.5,False
-HwX2H8Z4hY_2,vision,27,13.5,14.0,False
-HwX2H8Z4hY_2,vision,28,14.0,14.5,False
-HwX2H8Z4hY_2,vision,29,14.5,15.0,False
-HwX2H8Z4hY_2,vision,30,15.0,15.5,False
-HwX2H8Z4hY_2,vision,31,15.5,16.0,False
-HwX2H8Z4hY_2,vision,32,16.0,16.5,False
-HwX2H8Z4hY_2,vision,33,16.5,17.0,False
-HwX2H8Z4hY_2,vision,34,17.0,17.5,False
-HwX2H8Z4hY_2,vision,35,17.5,18.0,False
-HwX2H8Z4hY_2,vision,36,18.0,18.5,False
-HwX2H8Z4hY_2,vision,37,18.5,19.0,False
-HwX2H8Z4hY_2,vision,38,19.0,19.5,False
-HwX2H8Z4hY_2,vision,39,19.5,20.0,False
-HwX2H8Z4hY_2,vision,40,20.0,20.5,False
-HwX2H8Z4hY_2,vision,41,20.5,21.0,False
-HwX2H8Z4hY_2,vision,42,21.0,21.5,False
-HwX2H8Z4hY_2,vision,43,21.5,22.0,False
-HwX2H8Z4hY_2,vision,44,22.0,22.5,False
-HwX2H8Z4hY_2,vision,45,22.5,23.0,False
-HwX2H8Z4hY_2,vision,46,23.0,23.5,False
-HwX2H8Z4hY_2,vision,47,23.5,24.0,False
-HwX2H8Z4hY_2,vision,48,24.0,24.5,False
-HwX2H8Z4hY_2,vision,49,24.5,25.0,False
-HwX2H8Z4hY_5,audio,0,0.0,0.5,True
-HwX2H8Z4hY_5,audio,1,0.5,1.0,True
-HwX2H8Z4hY_5,audio,2,1.0,1.5,True
-HwX2H8Z4hY_5,audio,3,1.5,2.0,True
-HwX2H8Z4hY_5,audio,4,2.0,2.5,True
-HwX2H8Z4hY_5,audio,5,2.5,3.0,True
-HwX2H8Z4hY_5,audio,6,3.0,3.5,True
-HwX2H8Z4hY_5,audio,7,3.5,4.0,True
-HwX2H8Z4hY_5,audio,8,4.0,4.5,True
-HwX2H8Z4hY_5,audio,9,4.5,5.0,True
-HwX2H8Z4hY_5,audio,10,5.0,5.5,True
-HwX2H8Z4hY_5,audio,11,5.5,6.0,False
-HwX2H8Z4hY_5,audio,12,6.0,6.5,False
-HwX2H8Z4hY_5,audio,13,6.5,7.0,False
-HwX2H8Z4hY_5,audio,14,7.0,7.5,False
-HwX2H8Z4hY_5,audio,15,7.5,8.0,False
-HwX2H8Z4hY_5,audio,16,8.0,8.5,False
-HwX2H8Z4hY_5,audio,17,8.5,9.0,False
-HwX2H8Z4hY_5,audio,18,9.0,9.5,False
-HwX2H8Z4hY_5,audio,19,9.5,10.0,False
-HwX2H8Z4hY_5,audio,20,10.0,10.5,False
-HwX2H8Z4hY_5,audio,21,10.5,11.0,False
-HwX2H8Z4hY_5,audio,22,11.0,11.5,False
-HwX2H8Z4hY_5,audio,23,11.5,12.0,False
-HwX2H8Z4hY_5,audio,24,12.0,12.5,False
-HwX2H8Z4hY_5,audio,25,12.5,13.0,False
-HwX2H8Z4hY_5,audio,26,13.0,13.5,False
-HwX2H8Z4hY_5,audio,27,13.5,14.0,False
-HwX2H8Z4hY_5,audio,28,14.0,14.5,False
-HwX2H8Z4hY_5,audio,29,14.5,15.0,False
-HwX2H8Z4hY_5,audio,30,15.0,15.5,False
-HwX2H8Z4hY_5,audio,31,15.5,16.0,False
-HwX2H8Z4hY_5,audio,32,16.0,16.5,False
-HwX2H8Z4hY_5,audio,33,16.5,17.0,False
-HwX2H8Z4hY_5,audio,34,17.0,17.5,False
-HwX2H8Z4hY_5,audio,35,17.5,18.0,False
-HwX2H8Z4hY_5,audio,36,18.0,18.5,False
-HwX2H8Z4hY_5,audio,37,18.5,19.0,False
-HwX2H8Z4hY_5,audio,38,19.0,19.5,False
-HwX2H8Z4hY_5,audio,39,19.5,20.0,False
-HwX2H8Z4hY_5,audio,40,20.0,20.5,False
-HwX2H8Z4hY_5,audio,41,20.5,21.0,False
-HwX2H8Z4hY_5,audio,42,21.0,21.5,False
-HwX2H8Z4hY_5,audio,43,21.5,22.0,False
-HwX2H8Z4hY_5,audio,44,22.0,22.5,False
-HwX2H8Z4hY_5,audio,45,22.5,23.0,False
-HwX2H8Z4hY_5,audio,46,23.0,23.5,False
-HwX2H8Z4hY_5,audio,47,23.5,24.0,False
-HwX2H8Z4hY_5,audio,48,24.0,24.5,False
-HwX2H8Z4hY_5,audio,49,24.5,25.0,False
-HwX2H8Z4hY_5,vision,0,0.0,0.5,True
-HwX2H8Z4hY_5,vision,1,0.5,1.0,True
-HwX2H8Z4hY_5,vision,2,1.0,1.5,True
-HwX2H8Z4hY_5,vision,3,1.5,2.0,True
-HwX2H8Z4hY_5,vision,4,2.0,2.5,True
-HwX2H8Z4hY_5,vision,5,2.5,3.0,True
-HwX2H8Z4hY_5,vision,6,3.0,3.5,True
-HwX2H8Z4hY_5,vision,7,3.5,4.0,True
-HwX2H8Z4hY_5,vision,8,4.0,4.5,True
-HwX2H8Z4hY_5,vision,9,4.5,5.0,True
-HwX2H8Z4hY_5,vision,10,5.0,5.5,True
-HwX2H8Z4hY_5,vision,11,5.5,6.0,True
-HwX2H8Z4hY_5,vision,12,6.0,6.5,False
-HwX2H8Z4hY_5,vision,13,6.5,7.0,False
-HwX2H8Z4hY_5,vision,14,7.0,7.5,False
-HwX2H8Z4hY_5,vision,15,7.5,8.0,False
-HwX2H8Z4hY_5,vision,16,8.0,8.5,False
-HwX2H8Z4hY_5,vision,17,8.5,9.0,False
-HwX2H8Z4hY_5,vision,18,9.0,9.5,False
-HwX2H8Z4hY_5,vision,19,9.5,10.0,False
-HwX2H8Z4hY_5,vision,20,10.0,10.5,False
-HwX2H8Z4hY_5,vision,21,10.5,11.0,False
-HwX2H8Z4hY_5,vision,22,11.0,11.5,False
-HwX2H8Z4hY_5,vision,23,11.5,12.0,False
-HwX2H8Z4hY_5,vision,24,12.0,12.5,False
-HwX2H8Z4hY_5,vision,25,12.5,13.0,False
-HwX2H8Z4hY_5,vision,26,13.0,13.5,False
-HwX2H8Z4hY_5,vision,27,13.5,14.0,False
-HwX2H8Z4hY_5,vision,28,14.0,14.5,False
-HwX2H8Z4hY_5,vision,29,14.5,15.0,False
-HwX2H8Z4hY_5,vision,30,15.0,15.5,False
-HwX2H8Z4hY_5,vision,31,15.5,16.0,False
-HwX2H8Z4hY_5,vision,32,16.0,16.5,False
-HwX2H8Z4hY_5,vision,33,16.5,17.0,False
-HwX2H8Z4hY_5,vision,34,17.0,17.5,False
-HwX2H8Z4hY_5,vision,35,17.5,18.0,False
-HwX2H8Z4hY_5,vision,36,18.0,18.5,False
-HwX2H8Z4hY_5,vision,37,18.5,19.0,False
-HwX2H8Z4hY_5,vision,38,19.0,19.5,False
-HwX2H8Z4hY_5,vision,39,19.5,20.0,False
-HwX2H8Z4hY_5,vision,40,20.0,20.5,False
-HwX2H8Z4hY_5,vision,41,20.5,21.0,False
-HwX2H8Z4hY_5,vision,42,21.0,21.5,False
-HwX2H8Z4hY_5,vision,43,21.5,22.0,False
-HwX2H8Z4hY_5,vision,44,22.0,22.5,False
-HwX2H8Z4hY_5,vision,45,22.5,23.0,False
-HwX2H8Z4hY_5,vision,46,23.0,23.5,False
-HwX2H8Z4hY_5,vision,47,23.5,24.0,False
-HwX2H8Z4hY_5,vision,48,24.0,24.5,False
-HwX2H8Z4hY_5,vision,49,24.5,25.0,False
-HwX2H8Z4hY_6,audio,0,0.0,0.5,True
-HwX2H8Z4hY_6,audio,1,0.5,1.0,True
-HwX2H8Z4hY_6,audio,2,1.0,1.5,True
-HwX2H8Z4hY_6,audio,3,1.5,2.0,True
-HwX2H8Z4hY_6,audio,4,2.0,2.5,True
-HwX2H8Z4hY_6,audio,5,2.5,3.0,True
-HwX2H8Z4hY_6,audio,6,3.0,3.5,True
-HwX2H8Z4hY_6,audio,7,3.5,4.0,False
-HwX2H8Z4hY_6,audio,8,4.0,4.5,False
-HwX2H8Z4hY_6,audio,9,4.5,5.0,False
-HwX2H8Z4hY_6,audio,10,5.0,5.5,False
-HwX2H8Z4hY_6,audio,11,5.5,6.0,False
-HwX2H8Z4hY_6,audio,12,6.0,6.5,False
-HwX2H8Z4hY_6,audio,13,6.5,7.0,False
-HwX2H8Z4hY_6,audio,14,7.0,7.5,False
-HwX2H8Z4hY_6,audio,15,7.5,8.0,False
-HwX2H8Z4hY_6,audio,16,8.0,8.5,False
-HwX2H8Z4hY_6,audio,17,8.5,9.0,False
-HwX2H8Z4hY_6,audio,18,9.0,9.5,False
-HwX2H8Z4hY_6,audio,19,9.5,10.0,False
-HwX2H8Z4hY_6,audio,20,10.0,10.5,False
-HwX2H8Z4hY_6,audio,21,10.5,11.0,False
-HwX2H8Z4hY_6,audio,22,11.0,11.5,False
-HwX2H8Z4hY_6,audio,23,11.5,12.0,False
-HwX2H8Z4hY_6,audio,24,12.0,12.5,False
-HwX2H8Z4hY_6,audio,25,12.5,13.0,False
-HwX2H8Z4hY_6,audio,26,13.0,13.5,False
-HwX2H8Z4hY_6,audio,27,13.5,14.0,False
-HwX2H8Z4hY_6,audio,28,14.0,14.5,False
-HwX2H8Z4hY_6,audio,29,14.5,15.0,False
-HwX2H8Z4hY_6,audio,30,15.0,15.5,False
-HwX2H8Z4hY_6,audio,31,15.5,16.0,False
-HwX2H8Z4hY_6,audio,32,16.0,16.5,False
-HwX2H8Z4hY_6,audio,33,16.5,17.0,False
-HwX2H8Z4hY_6,audio,34,17.0,17.5,False
-HwX2H8Z4hY_6,audio,35,17.5,18.0,False
-HwX2H8Z4hY_6,audio,36,18.0,18.5,False
-HwX2H8Z4hY_6,audio,37,18.5,19.0,False
-HwX2H8Z4hY_6,audio,38,19.0,19.5,False
-HwX2H8Z4hY_6,audio,39,19.5,20.0,False
-HwX2H8Z4hY_6,audio,40,20.0,20.5,False
-HwX2H8Z4hY_6,audio,41,20.5,21.0,False
-HwX2H8Z4hY_6,audio,42,21.0,21.5,False
-HwX2H8Z4hY_6,audio,43,21.5,22.0,False
-HwX2H8Z4hY_6,audio,44,22.0,22.5,False
-HwX2H8Z4hY_6,audio,45,22.5,23.0,False
-HwX2H8Z4hY_6,audio,46,23.0,23.5,False
-HwX2H8Z4hY_6,audio,47,23.5,24.0,False
-HwX2H8Z4hY_6,audio,48,24.0,24.5,False
-HwX2H8Z4hY_6,audio,49,24.5,25.0,False
-HwX2H8Z4hY_6,vision,0,0.0,0.5,True
-HwX2H8Z4hY_6,vision,1,0.5,1.0,True
-HwX2H8Z4hY_6,vision,2,1.0,1.5,True
-HwX2H8Z4hY_6,vision,3,1.5,2.0,True
-HwX2H8Z4hY_6,vision,4,2.0,2.5,True
-HwX2H8Z4hY_6,vision,5,2.5,3.0,True
-HwX2H8Z4hY_6,vision,6,3.0,3.5,True
-HwX2H8Z4hY_6,vision,7,3.5,4.0,False
-HwX2H8Z4hY_6,vision,8,4.0,4.5,False
-HwX2H8Z4hY_6,vision,9,4.5,5.0,False
-HwX2H8Z4hY_6,vision,10,5.0,5.5,False
-HwX2H8Z4hY_6,vision,11,5.5,6.0,False
-HwX2H8Z4hY_6,vision,12,6.0,6.5,False
-HwX2H8Z4hY_6,vision,13,6.5,7.0,False
-HwX2H8Z4hY_6,vision,14,7.0,7.5,False
-HwX2H8Z4hY_6,vision,15,7.5,8.0,False
-HwX2H8Z4hY_6,vision,16,8.0,8.5,False
-HwX2H8Z4hY_6,vision,17,8.5,9.0,False
-HwX2H8Z4hY_6,vision,18,9.0,9.5,False
-HwX2H8Z4hY_6,vision,19,9.5,10.0,False
-HwX2H8Z4hY_6,vision,20,10.0,10.5,False
-HwX2H8Z4hY_6,vision,21,10.5,11.0,False
-HwX2H8Z4hY_6,vision,22,11.0,11.5,False
-HwX2H8Z4hY_6,vision,23,11.5,12.0,False
-HwX2H8Z4hY_6,vision,24,12.0,12.5,False
-HwX2H8Z4hY_6,vision,25,12.5,13.0,False
-HwX2H8Z4hY_6,vision,26,13.0,13.5,False
-HwX2H8Z4hY_6,vision,27,13.5,14.0,False
-HwX2H8Z4hY_6,vision,28,14.0,14.5,False
-HwX2H8Z4hY_6,vision,29,14.5,15.0,False
-HwX2H8Z4hY_6,vision,30,15.0,15.5,False
-HwX2H8Z4hY_6,vision,31,15.5,16.0,False
-HwX2H8Z4hY_6,vision,32,16.0,16.5,False
-HwX2H8Z4hY_6,vision,33,16.5,17.0,False
-HwX2H8Z4hY_6,vision,34,17.0,17.5,False
-HwX2H8Z4hY_6,vision,35,17.5,18.0,False
-HwX2H8Z4hY_6,vision,36,18.0,18.5,False
-HwX2H8Z4hY_6,vision,37,18.5,19.0,False
-HwX2H8Z4hY_6,vision,38,19.0,19.5,False
-HwX2H8Z4hY_6,vision,39,19.5,20.0,False
-HwX2H8Z4hY_6,vision,40,20.0,20.5,False
-HwX2H8Z4hY_6,vision,41,20.5,21.0,False
-HwX2H8Z4hY_6,vision,42,21.0,21.5,False
-HwX2H8Z4hY_6,vision,43,21.5,22.0,False
-HwX2H8Z4hY_6,vision,44,22.0,22.5,False
-HwX2H8Z4hY_6,vision,45,22.5,23.0,False
-HwX2H8Z4hY_6,vision,46,23.0,23.5,False
-HwX2H8Z4hY_6,vision,47,23.5,24.0,False
-HwX2H8Z4hY_6,vision,48,24.0,24.5,False
-HwX2H8Z4hY_6,vision,49,24.5,25.0,False
-HwX2H8Z4hY_9,audio,0,0.0,0.5,True
-HwX2H8Z4hY_9,audio,1,0.5,1.0,True
-HwX2H8Z4hY_9,audio,2,1.0,1.5,True
-HwX2H8Z4hY_9,audio,3,1.5,2.0,True
-HwX2H8Z4hY_9,audio,4,2.0,2.5,True
-HwX2H8Z4hY_9,audio,5,2.5,3.0,True
-HwX2H8Z4hY_9,audio,6,3.0,3.5,True
-HwX2H8Z4hY_9,audio,7,3.5,4.0,True
-HwX2H8Z4hY_9,audio,8,4.0,4.5,True
-HwX2H8Z4hY_9,audio,9,4.5,5.0,True
-HwX2H8Z4hY_9,audio,10,5.0,5.5,True
-HwX2H8Z4hY_9,audio,11,5.5,6.0,True
-HwX2H8Z4hY_9,audio,12,6.0,6.5,True
-HwX2H8Z4hY_9,audio,13,6.5,7.0,True
-HwX2H8Z4hY_9,audio,14,7.0,7.5,True
-HwX2H8Z4hY_9,audio,15,7.5,8.0,True
-HwX2H8Z4hY_9,audio,16,8.0,8.5,False
-HwX2H8Z4hY_9,audio,17,8.5,9.0,False
-HwX2H8Z4hY_9,audio,18,9.0,9.5,False
-HwX2H8Z4hY_9,audio,19,9.5,10.0,False
-HwX2H8Z4hY_9,audio,20,10.0,10.5,False
-HwX2H8Z4hY_9,audio,21,10.5,11.0,False
-HwX2H8Z4hY_9,audio,22,11.0,11.5,False
-HwX2H8Z4hY_9,audio,23,11.5,12.0,False
-HwX2H8Z4hY_9,audio,24,12.0,12.5,False
-HwX2H8Z4hY_9,audio,25,12.5,13.0,False
-HwX2H8Z4hY_9,audio,26,13.0,13.5,False
-HwX2H8Z4hY_9,audio,27,13.5,14.0,False
-HwX2H8Z4hY_9,audio,28,14.0,14.5,False
-HwX2H8Z4hY_9,audio,29,14.5,15.0,False
-HwX2H8Z4hY_9,audio,30,15.0,15.5,False
-HwX2H8Z4hY_9,audio,31,15.5,16.0,False
-HwX2H8Z4hY_9,audio,32,16.0,16.5,False
-HwX2H8Z4hY_9,audio,33,16.5,17.0,False
-HwX2H8Z4hY_9,audio,34,17.0,17.5,False
-HwX2H8Z4hY_9,audio,35,17.5,18.0,False
-HwX2H8Z4hY_9,audio,36,18.0,18.5,False
-HwX2H8Z4hY_9,audio,37,18.5,19.0,False
-HwX2H8Z4hY_9,audio,38,19.0,19.5,False
-HwX2H8Z4hY_9,audio,39,19.5,20.0,False
-HwX2H8Z4hY_9,audio,40,20.0,20.5,False
-HwX2H8Z4hY_9,audio,41,20.5,21.0,False
-HwX2H8Z4hY_9,audio,42,21.0,21.5,False
-HwX2H8Z4hY_9,audio,43,21.5,22.0,False
-HwX2H8Z4hY_9,audio,44,22.0,22.5,False
-HwX2H8Z4hY_9,audio,45,22.5,23.0,False
-HwX2H8Z4hY_9,audio,46,23.0,23.5,False
-HwX2H8Z4hY_9,audio,47,23.5,24.0,False
-HwX2H8Z4hY_9,audio,48,24.0,24.5,False
-HwX2H8Z4hY_9,audio,49,24.5,25.0,False
-HwX2H8Z4hY_9,vision,0,0.0,0.5,True
-HwX2H8Z4hY_9,vision,1,0.5,1.0,True
-HwX2H8Z4hY_9,vision,2,1.0,1.5,True
-HwX2H8Z4hY_9,vision,3,1.5,2.0,True
-HwX2H8Z4hY_9,vision,4,2.0,2.5,True
-HwX2H8Z4hY_9,vision,5,2.5,3.0,True
-HwX2H8Z4hY_9,vision,6,3.0,3.5,True
-HwX2H8Z4hY_9,vision,7,3.5,4.0,True
-HwX2H8Z4hY_9,vision,8,4.0,4.5,True
-HwX2H8Z4hY_9,vision,9,4.5,5.0,True
-HwX2H8Z4hY_9,vision,10,5.0,5.5,True
-HwX2H8Z4hY_9,vision,11,5.5,6.0,True
-HwX2H8Z4hY_9,vision,12,6.0,6.5,True
-HwX2H8Z4hY_9,vision,13,6.5,7.0,True
-HwX2H8Z4hY_9,vision,14,7.0,7.5,True
-HwX2H8Z4hY_9,vision,15,7.5,8.0,True
-HwX2H8Z4hY_9,vision,16,8.0,8.5,False
-HwX2H8Z4hY_9,vision,17,8.5,9.0,False
-HwX2H8Z4hY_9,vision,18,9.0,9.5,False
-HwX2H8Z4hY_9,vision,19,9.5,10.0,False
-HwX2H8Z4hY_9,vision,20,10.0,10.5,False
-HwX2H8Z4hY_9,vision,21,10.5,11.0,False
-HwX2H8Z4hY_9,vision,22,11.0,11.5,False
-HwX2H8Z4hY_9,vision,23,11.5,12.0,False
-HwX2H8Z4hY_9,vision,24,12.0,12.5,False
-HwX2H8Z4hY_9,vision,25,12.5,13.0,False
-HwX2H8Z4hY_9,vision,26,13.0,13.5,False
-HwX2H8Z4hY_9,vision,27,13.5,14.0,False
-HwX2H8Z4hY_9,vision,28,14.0,14.5,False
-HwX2H8Z4hY_9,vision,29,14.5,15.0,False
-HwX2H8Z4hY_9,vision,30,15.0,15.5,False
-HwX2H8Z4hY_9,vision,31,15.5,16.0,False
-HwX2H8Z4hY_9,vision,32,16.0,16.5,False
-HwX2H8Z4hY_9,vision,33,16.5,17.0,False
-HwX2H8Z4hY_9,vision,34,17.0,17.5,False
-HwX2H8Z4hY_9,vision,35,17.5,18.0,False
-HwX2H8Z4hY_9,vision,36,18.0,18.5,False
-HwX2H8Z4hY_9,vision,37,18.5,19.0,False
-HwX2H8Z4hY_9,vision,38,19.0,19.5,False
-HwX2H8Z4hY_9,vision,39,19.5,20.0,False
-HwX2H8Z4hY_9,vision,40,20.0,20.5,False
-HwX2H8Z4hY_9,vision,41,20.5,21.0,False
-HwX2H8Z4hY_9,vision,42,21.0,21.5,False
-HwX2H8Z4hY_9,vision,43,21.5,22.0,False
-HwX2H8Z4hY_9,vision,44,22.0,22.5,False
-HwX2H8Z4hY_9,vision,45,22.5,23.0,False
-HwX2H8Z4hY_9,vision,46,23.0,23.5,False
-HwX2H8Z4hY_9,vision,47,23.5,24.0,False
-HwX2H8Z4hY_9,vision,48,24.0,24.5,False
-HwX2H8Z4hY_9,vision,49,24.5,25.0,False
-I_e4mIh0yE_1,audio,0,0.0,0.5,True
-I_e4mIh0yE_1,audio,1,0.5,1.0,True
-I_e4mIh0yE_1,audio,2,1.0,1.5,True
-I_e4mIh0yE_1,audio,3,1.5,2.0,True
-I_e4mIh0yE_1,audio,4,2.0,2.5,True
-I_e4mIh0yE_1,audio,5,2.5,3.0,True
-I_e4mIh0yE_1,audio,6,3.0,3.5,True
-I_e4mIh0yE_1,audio,7,3.5,4.0,True
-I_e4mIh0yE_1,audio,8,4.0,4.5,True
-I_e4mIh0yE_1,audio,9,4.5,5.0,True
-I_e4mIh0yE_1,audio,10,5.0,5.5,True
-I_e4mIh0yE_1,audio,11,5.5,6.0,True
-I_e4mIh0yE_1,audio,12,6.0,6.5,True
-I_e4mIh0yE_1,audio,13,6.5,7.0,True
-I_e4mIh0yE_1,audio,14,7.0,7.5,True
-I_e4mIh0yE_1,audio,15,7.5,8.0,False
-I_e4mIh0yE_1,audio,16,8.0,8.5,False
-I_e4mIh0yE_1,audio,17,8.5,9.0,False
-I_e4mIh0yE_1,audio,18,9.0,9.5,False
-I_e4mIh0yE_1,audio,19,9.5,10.0,False
-I_e4mIh0yE_1,audio,20,10.0,10.5,False
-I_e4mIh0yE_1,audio,21,10.5,11.0,False
-I_e4mIh0yE_1,audio,22,11.0,11.5,False
-I_e4mIh0yE_1,audio,23,11.5,12.0,False
-I_e4mIh0yE_1,audio,24,12.0,12.5,False
-I_e4mIh0yE_1,audio,25,12.5,13.0,False
-I_e4mIh0yE_1,audio,26,13.0,13.5,False
-I_e4mIh0yE_1,audio,27,13.5,14.0,False
-I_e4mIh0yE_1,audio,28,14.0,14.5,False
-I_e4mIh0yE_1,audio,29,14.5,15.0,False
-I_e4mIh0yE_1,audio,30,15.0,15.5,False
-I_e4mIh0yE_1,audio,31,15.5,16.0,False
-I_e4mIh0yE_1,audio,32,16.0,16.5,False
-I_e4mIh0yE_1,audio,33,16.5,17.0,False
-I_e4mIh0yE_1,audio,34,17.0,17.5,False
-I_e4mIh0yE_1,audio,35,17.5,18.0,False
-I_e4mIh0yE_1,audio,36,18.0,18.5,False
-I_e4mIh0yE_1,audio,37,18.5,19.0,False
-I_e4mIh0yE_1,audio,38,19.0,19.5,False
-I_e4mIh0yE_1,audio,39,19.5,20.0,False
-I_e4mIh0yE_1,audio,40,20.0,20.5,False
-I_e4mIh0yE_1,audio,41,20.5,21.0,False
-I_e4mIh0yE_1,audio,42,21.0,21.5,False
-I_e4mIh0yE_1,audio,43,21.5,22.0,False
-I_e4mIh0yE_1,audio,44,22.0,22.5,False
-I_e4mIh0yE_1,audio,45,22.5,23.0,False
-I_e4mIh0yE_1,audio,46,23.0,23.5,False
-I_e4mIh0yE_1,audio,47,23.5,24.0,False
-I_e4mIh0yE_1,audio,48,24.0,24.5,False
-I_e4mIh0yE_1,audio,49,24.5,25.0,False
-I_e4mIh0yE_1,vision,0,0.0,0.5,True
-I_e4mIh0yE_1,vision,1,0.5,1.0,True
-I_e4mIh0yE_1,vision,2,1.0,1.5,True
-I_e4mIh0yE_1,vision,3,1.5,2.0,True
-I_e4mIh0yE_1,vision,4,2.0,2.5,True
-I_e4mIh0yE_1,vision,5,2.5,3.0,True
-I_e4mIh0yE_1,vision,6,3.0,3.5,True
-I_e4mIh0yE_1,vision,7,3.5,4.0,True
-I_e4mIh0yE_1,vision,8,4.0,4.5,True
-I_e4mIh0yE_1,vision,9,4.5,5.0,True
-I_e4mIh0yE_1,vision,10,5.0,5.5,True
-I_e4mIh0yE_1,vision,11,5.5,6.0,True
-I_e4mIh0yE_1,vision,12,6.0,6.5,True
-I_e4mIh0yE_1,vision,13,6.5,7.0,True
-I_e4mIh0yE_1,vision,14,7.0,7.5,True
-I_e4mIh0yE_1,vision,15,7.5,8.0,False
-I_e4mIh0yE_1,vision,16,8.0,8.5,False
-I_e4mIh0yE_1,vision,17,8.5,9.0,False
-I_e4mIh0yE_1,vision,18,9.0,9.5,False
-I_e4mIh0yE_1,vision,19,9.5,10.0,False
-I_e4mIh0yE_1,vision,20,10.0,10.5,False
-I_e4mIh0yE_1,vision,21,10.5,11.0,False
-I_e4mIh0yE_1,vision,22,11.0,11.5,False
-I_e4mIh0yE_1,vision,23,11.5,12.0,False
-I_e4mIh0yE_1,vision,24,12.0,12.5,False
-I_e4mIh0yE_1,vision,25,12.5,13.0,False
-I_e4mIh0yE_1,vision,26,13.0,13.5,False
-I_e4mIh0yE_1,vision,27,13.5,14.0,False
-I_e4mIh0yE_1,vision,28,14.0,14.5,False
-I_e4mIh0yE_1,vision,29,14.5,15.0,False
-I_e4mIh0yE_1,vision,30,15.0,15.5,False
-I_e4mIh0yE_1,vision,31,15.5,16.0,False
-I_e4mIh0yE_1,vision,32,16.0,16.5,False
-I_e4mIh0yE_1,vision,33,16.5,17.0,False
-I_e4mIh0yE_1,vision,34,17.0,17.5,False
-I_e4mIh0yE_1,vision,35,17.5,18.0,False
-I_e4mIh0yE_1,vision,36,18.0,18.5,False
-I_e4mIh0yE_1,vision,37,18.5,19.0,False
-I_e4mIh0yE_1,vision,38,19.0,19.5,False
-I_e4mIh0yE_1,vision,39,19.5,20.0,False
-I_e4mIh0yE_1,vision,40,20.0,20.5,False
-I_e4mIh0yE_1,vision,41,20.5,21.0,False
-I_e4mIh0yE_1,vision,42,21.0,21.5,False
-I_e4mIh0yE_1,vision,43,21.5,22.0,False
-I_e4mIh0yE_1,vision,44,22.0,22.5,False
-I_e4mIh0yE_1,vision,45,22.5,23.0,False
-I_e4mIh0yE_1,vision,46,23.0,23.5,False
-I_e4mIh0yE_1,vision,47,23.5,24.0,False
-I_e4mIh0yE_1,vision,48,24.0,24.5,False
-I_e4mIh0yE_1,vision,49,24.5,25.0,False
-I_e4mIh0yE_3,audio,0,0.0,0.5,True
-I_e4mIh0yE_3,audio,1,0.5,1.0,True
-I_e4mIh0yE_3,audio,2,1.0,1.5,True
-I_e4mIh0yE_3,audio,3,1.5,2.0,True
-I_e4mIh0yE_3,audio,4,2.0,2.5,True
-I_e4mIh0yE_3,audio,5,2.5,3.0,True
-I_e4mIh0yE_3,audio,6,3.0,3.5,True
-I_e4mIh0yE_3,audio,7,3.5,4.0,True
-I_e4mIh0yE_3,audio,8,4.0,4.5,True
-I_e4mIh0yE_3,audio,9,4.5,5.0,True
-I_e4mIh0yE_3,audio,10,5.0,5.5,True
-I_e4mIh0yE_3,audio,11,5.5,6.0,True
-I_e4mIh0yE_3,audio,12,6.0,6.5,True
-I_e4mIh0yE_3,audio,13,6.5,7.0,True
-I_e4mIh0yE_3,audio,14,7.0,7.5,True
-I_e4mIh0yE_3,audio,15,7.5,8.0,True
-I_e4mIh0yE_3,audio,16,8.0,8.5,True
-I_e4mIh0yE_3,audio,17,8.5,9.0,True
-I_e4mIh0yE_3,audio,18,9.0,9.5,False
-I_e4mIh0yE_3,audio,19,9.5,10.0,False
-I_e4mIh0yE_3,audio,20,10.0,10.5,False
-I_e4mIh0yE_3,audio,21,10.5,11.0,False
-I_e4mIh0yE_3,audio,22,11.0,11.5,False
-I_e4mIh0yE_3,audio,23,11.5,12.0,False
-I_e4mIh0yE_3,audio,24,12.0,12.5,False
-I_e4mIh0yE_3,audio,25,12.5,13.0,False
-I_e4mIh0yE_3,audio,26,13.0,13.5,False
-I_e4mIh0yE_3,audio,27,13.5,14.0,False
-I_e4mIh0yE_3,audio,28,14.0,14.5,False
-I_e4mIh0yE_3,audio,29,14.5,15.0,False
-I_e4mIh0yE_3,audio,30,15.0,15.5,False
-I_e4mIh0yE_3,audio,31,15.5,16.0,False
-I_e4mIh0yE_3,audio,32,16.0,16.5,False
-I_e4mIh0yE_3,audio,33,16.5,17.0,False
-I_e4mIh0yE_3,audio,34,17.0,17.5,False
-I_e4mIh0yE_3,audio,35,17.5,18.0,False
-I_e4mIh0yE_3,audio,36,18.0,18.5,False
-I_e4mIh0yE_3,audio,37,18.5,19.0,False
-I_e4mIh0yE_3,audio,38,19.0,19.5,False
-I_e4mIh0yE_3,audio,39,19.5,20.0,False
-I_e4mIh0yE_3,audio,40,20.0,20.5,False
-I_e4mIh0yE_3,audio,41,20.5,21.0,False
-I_e4mIh0yE_3,audio,42,21.0,21.5,False
-I_e4mIh0yE_3,audio,43,21.5,22.0,False
-I_e4mIh0yE_3,audio,44,22.0,22.5,False
-I_e4mIh0yE_3,audio,45,22.5,23.0,False
-I_e4mIh0yE_3,audio,46,23.0,23.5,False
-I_e4mIh0yE_3,audio,47,23.5,24.0,False
-I_e4mIh0yE_3,audio,48,24.0,24.5,False
-I_e4mIh0yE_3,audio,49,24.5,25.0,False
-I_e4mIh0yE_3,vision,0,0.0,0.5,True
-I_e4mIh0yE_3,vision,1,0.5,1.0,True
-I_e4mIh0yE_3,vision,2,1.0,1.5,True
-I_e4mIh0yE_3,vision,3,1.5,2.0,True
-I_e4mIh0yE_3,vision,4,2.0,2.5,True
-I_e4mIh0yE_3,vision,5,2.5,3.0,True
-I_e4mIh0yE_3,vision,6,3.0,3.5,True
-I_e4mIh0yE_3,vision,7,3.5,4.0,True
-I_e4mIh0yE_3,vision,8,4.0,4.5,True
-I_e4mIh0yE_3,vision,9,4.5,5.0,True
-I_e4mIh0yE_3,vision,10,5.0,5.5,True
-I_e4mIh0yE_3,vision,11,5.5,6.0,True
-I_e4mIh0yE_3,vision,12,6.0,6.5,True
-I_e4mIh0yE_3,vision,13,6.5,7.0,True
-I_e4mIh0yE_3,vision,14,7.0,7.5,True
-I_e4mIh0yE_3,vision,15,7.5,8.0,True
-I_e4mIh0yE_3,vision,16,8.0,8.5,True
-I_e4mIh0yE_3,vision,17,8.5,9.0,True
-I_e4mIh0yE_3,vision,18,9.0,9.5,True
-I_e4mIh0yE_3,vision,19,9.5,10.0,False
-I_e4mIh0yE_3,vision,20,10.0,10.5,False
-I_e4mIh0yE_3,vision,21,10.5,11.0,False
-I_e4mIh0yE_3,vision,22,11.0,11.5,False
-I_e4mIh0yE_3,vision,23,11.5,12.0,False
-I_e4mIh0yE_3,vision,24,12.0,12.5,False
-I_e4mIh0yE_3,vision,25,12.5,13.0,False
-I_e4mIh0yE_3,vision,26,13.0,13.5,False
-I_e4mIh0yE_3,vision,27,13.5,14.0,False
-I_e4mIh0yE_3,vision,28,14.0,14.5,False
-I_e4mIh0yE_3,vision,29,14.5,15.0,False
-I_e4mIh0yE_3,vision,30,15.0,15.5,False
-I_e4mIh0yE_3,vision,31,15.5,16.0,False
-I_e4mIh0yE_3,vision,32,16.0,16.5,False
-I_e4mIh0yE_3,vision,33,16.5,17.0,False
-I_e4mIh0yE_3,vision,34,17.0,17.5,False
-I_e4mIh0yE_3,vision,35,17.5,18.0,False
-I_e4mIh0yE_3,vision,36,18.0,18.5,False
-I_e4mIh0yE_3,vision,37,18.5,19.0,False
-I_e4mIh0yE_3,vision,38,19.0,19.5,False
-I_e4mIh0yE_3,vision,39,19.5,20.0,False
-I_e4mIh0yE_3,vision,40,20.0,20.5,False
-I_e4mIh0yE_3,vision,41,20.5,21.0,False
-I_e4mIh0yE_3,vision,42,21.0,21.5,False
-I_e4mIh0yE_3,vision,43,21.5,22.0,False
-I_e4mIh0yE_3,vision,44,22.0,22.5,False
-I_e4mIh0yE_3,vision,45,22.5,23.0,False
-I_e4mIh0yE_3,vision,46,23.0,23.5,False
-I_e4mIh0yE_3,vision,47,23.5,24.0,False
-I_e4mIh0yE_3,vision,48,24.0,24.5,False
-I_e4mIh0yE_3,vision,49,24.5,25.0,False
-MeTTeMJBNc_0,audio,0,0.0,0.5,True
-MeTTeMJBNc_0,audio,1,0.5,1.0,True
-MeTTeMJBNc_0,audio,2,1.0,1.5,True
-MeTTeMJBNc_0,audio,3,1.5,2.0,True
-MeTTeMJBNc_0,audio,4,2.0,2.5,True
-MeTTeMJBNc_0,audio,5,2.5,3.0,True
-MeTTeMJBNc_0,audio,6,3.0,3.5,True
-MeTTeMJBNc_0,audio,7,3.5,4.0,True
-MeTTeMJBNc_0,audio,8,4.0,4.5,True
-MeTTeMJBNc_0,audio,9,4.5,5.0,True
-MeTTeMJBNc_0,audio,10,5.0,5.5,True
-MeTTeMJBNc_0,audio,11,5.5,6.0,True
-MeTTeMJBNc_0,audio,12,6.0,6.5,True
-MeTTeMJBNc_0,audio,13,6.5,7.0,True
-MeTTeMJBNc_0,audio,14,7.0,7.5,True
-MeTTeMJBNc_0,audio,15,7.5,8.0,True
-MeTTeMJBNc_0,audio,16,8.0,8.5,True
-MeTTeMJBNc_0,audio,17,8.5,9.0,True
-MeTTeMJBNc_0,audio,18,9.0,9.5,True
-MeTTeMJBNc_0,audio,19,9.5,10.0,False
-MeTTeMJBNc_0,audio,20,10.0,10.5,False
-MeTTeMJBNc_0,audio,21,10.5,11.0,False
-MeTTeMJBNc_0,audio,22,11.0,11.5,False
-MeTTeMJBNc_0,audio,23,11.5,12.0,False
-MeTTeMJBNc_0,audio,24,12.0,12.5,False
-MeTTeMJBNc_0,audio,25,12.5,13.0,False
-MeTTeMJBNc_0,audio,26,13.0,13.5,False
-MeTTeMJBNc_0,audio,27,13.5,14.0,False
-MeTTeMJBNc_0,audio,28,14.0,14.5,False
-MeTTeMJBNc_0,audio,29,14.5,15.0,False
-MeTTeMJBNc_0,audio,30,15.0,15.5,False
-MeTTeMJBNc_0,audio,31,15.5,16.0,False
-MeTTeMJBNc_0,audio,32,16.0,16.5,False
-MeTTeMJBNc_0,audio,33,16.5,17.0,False
-MeTTeMJBNc_0,audio,34,17.0,17.5,False
-MeTTeMJBNc_0,audio,35,17.5,18.0,False
-MeTTeMJBNc_0,audio,36,18.0,18.5,False
-MeTTeMJBNc_0,audio,37,18.5,19.0,False
-MeTTeMJBNc_0,audio,38,19.0,19.5,False
-MeTTeMJBNc_0,audio,39,19.5,20.0,False
-MeTTeMJBNc_0,audio,40,20.0,20.5,False
-MeTTeMJBNc_0,audio,41,20.5,21.0,False
-MeTTeMJBNc_0,audio,42,21.0,21.5,False
-MeTTeMJBNc_0,audio,43,21.5,22.0,False
-MeTTeMJBNc_0,audio,44,22.0,22.5,False
-MeTTeMJBNc_0,audio,45,22.5,23.0,False
-MeTTeMJBNc_0,audio,46,23.0,23.5,False
-MeTTeMJBNc_0,audio,47,23.5,24.0,False
-MeTTeMJBNc_0,audio,48,24.0,24.5,False
-MeTTeMJBNc_0,audio,49,24.5,25.0,False
-MeTTeMJBNc_0,vision,0,0.0,0.5,True
-MeTTeMJBNc_0,vision,1,0.5,1.0,True
-MeTTeMJBNc_0,vision,2,1.0,1.5,True
-MeTTeMJBNc_0,vision,3,1.5,2.0,True
-MeTTeMJBNc_0,vision,4,2.0,2.5,True
-MeTTeMJBNc_0,vision,5,2.5,3.0,True
-MeTTeMJBNc_0,vision,6,3.0,3.5,True
-MeTTeMJBNc_0,vision,7,3.5,4.0,True
-MeTTeMJBNc_0,vision,8,4.0,4.5,True
-MeTTeMJBNc_0,vision,9,4.5,5.0,True
-MeTTeMJBNc_0,vision,10,5.0,5.5,True
-MeTTeMJBNc_0,vision,11,5.5,6.0,True
-MeTTeMJBNc_0,vision,12,6.0,6.5,True
-MeTTeMJBNc_0,vision,13,6.5,7.0,True
-MeTTeMJBNc_0,vision,14,7.0,7.5,True
-MeTTeMJBNc_0,vision,15,7.5,8.0,True
-MeTTeMJBNc_0,vision,16,8.0,8.5,True
-MeTTeMJBNc_0,vision,17,8.5,9.0,True
-MeTTeMJBNc_0,vision,18,9.0,9.5,True
-MeTTeMJBNc_0,vision,19,9.5,10.0,False
-MeTTeMJBNc_0,vision,20,10.0,10.5,False
-MeTTeMJBNc_0,vision,21,10.5,11.0,False
-MeTTeMJBNc_0,vision,22,11.0,11.5,False
-MeTTeMJBNc_0,vision,23,11.5,12.0,False
-MeTTeMJBNc_0,vision,24,12.0,12.5,False
-MeTTeMJBNc_0,vision,25,12.5,13.0,False
-MeTTeMJBNc_0,vision,26,13.0,13.5,False
-MeTTeMJBNc_0,vision,27,13.5,14.0,False
-MeTTeMJBNc_0,vision,28,14.0,14.5,False
-MeTTeMJBNc_0,vision,29,14.5,15.0,False
-MeTTeMJBNc_0,vision,30,15.0,15.5,False
-MeTTeMJBNc_0,vision,31,15.5,16.0,False
-MeTTeMJBNc_0,vision,32,16.0,16.5,False
-MeTTeMJBNc_0,vision,33,16.5,17.0,False
-MeTTeMJBNc_0,vision,34,17.0,17.5,False
-MeTTeMJBNc_0,vision,35,17.5,18.0,False
-MeTTeMJBNc_0,vision,36,18.0,18.5,False
-MeTTeMJBNc_0,vision,37,18.5,19.0,False
-MeTTeMJBNc_0,vision,38,19.0,19.5,False
-MeTTeMJBNc_0,vision,39,19.5,20.0,False
-MeTTeMJBNc_0,vision,40,20.0,20.5,False
-MeTTeMJBNc_0,vision,41,20.5,21.0,False
-MeTTeMJBNc_0,vision,42,21.0,21.5,False
-MeTTeMJBNc_0,vision,43,21.5,22.0,False
-MeTTeMJBNc_0,vision,44,22.0,22.5,False
-MeTTeMJBNc_0,vision,45,22.5,23.0,False
-MeTTeMJBNc_0,vision,46,23.0,23.5,False
-MeTTeMJBNc_0,vision,47,23.5,24.0,False
-MeTTeMJBNc_0,vision,48,24.0,24.5,False
-MeTTeMJBNc_0,vision,49,24.5,25.0,False
-MeTTeMJBNc_13,audio,0,0.0,0.5,True
-MeTTeMJBNc_13,audio,1,0.5,1.0,True
-MeTTeMJBNc_13,audio,2,1.0,1.5,True
-MeTTeMJBNc_13,audio,3,1.5,2.0,True
-MeTTeMJBNc_13,audio,4,2.0,2.5,True
-MeTTeMJBNc_13,audio,5,2.5,3.0,True
-MeTTeMJBNc_13,audio,6,3.0,3.5,True
-MeTTeMJBNc_13,audio,7,3.5,4.0,True
-MeTTeMJBNc_13,audio,8,4.0,4.5,True
-MeTTeMJBNc_13,audio,9,4.5,5.0,True
-MeTTeMJBNc_13,audio,10,5.0,5.5,True
-MeTTeMJBNc_13,audio,11,5.5,6.0,False
-MeTTeMJBNc_13,audio,12,6.0,6.5,False
-MeTTeMJBNc_13,audio,13,6.5,7.0,False
-MeTTeMJBNc_13,audio,14,7.0,7.5,False
-MeTTeMJBNc_13,audio,15,7.5,8.0,False
-MeTTeMJBNc_13,audio,16,8.0,8.5,False
-MeTTeMJBNc_13,audio,17,8.5,9.0,False
-MeTTeMJBNc_13,audio,18,9.0,9.5,False
-MeTTeMJBNc_13,audio,19,9.5,10.0,False
-MeTTeMJBNc_13,audio,20,10.0,10.5,False
-MeTTeMJBNc_13,audio,21,10.5,11.0,False
-MeTTeMJBNc_13,audio,22,11.0,11.5,False
-MeTTeMJBNc_13,audio,23,11.5,12.0,False
-MeTTeMJBNc_13,audio,24,12.0,12.5,False
-MeTTeMJBNc_13,audio,25,12.5,13.0,False
-MeTTeMJBNc_13,audio,26,13.0,13.5,False
-MeTTeMJBNc_13,audio,27,13.5,14.0,False
-MeTTeMJBNc_13,audio,28,14.0,14.5,False
-MeTTeMJBNc_13,audio,29,14.5,15.0,False
-MeTTeMJBNc_13,audio,30,15.0,15.5,False
-MeTTeMJBNc_13,audio,31,15.5,16.0,False
-MeTTeMJBNc_13,audio,32,16.0,16.5,False
-MeTTeMJBNc_13,audio,33,16.5,17.0,False
-MeTTeMJBNc_13,audio,34,17.0,17.5,False
-MeTTeMJBNc_13,audio,35,17.5,18.0,False
-MeTTeMJBNc_13,audio,36,18.0,18.5,False
-MeTTeMJBNc_13,audio,37,18.5,19.0,False
-MeTTeMJBNc_13,audio,38,19.0,19.5,False
-MeTTeMJBNc_13,audio,39,19.5,20.0,False
-MeTTeMJBNc_13,audio,40,20.0,20.5,False
-MeTTeMJBNc_13,audio,41,20.5,21.0,False
-MeTTeMJBNc_13,audio,42,21.0,21.5,False
-MeTTeMJBNc_13,audio,43,21.5,22.0,False
-MeTTeMJBNc_13,audio,44,22.0,22.5,False
-MeTTeMJBNc_13,audio,45,22.5,23.0,False
-MeTTeMJBNc_13,audio,46,23.0,23.5,False
-MeTTeMJBNc_13,audio,47,23.5,24.0,False
-MeTTeMJBNc_13,audio,48,24.0,24.5,False
-MeTTeMJBNc_13,audio,49,24.5,25.0,False
-MeTTeMJBNc_13,vision,0,0.0,0.5,True
-MeTTeMJBNc_13,vision,1,0.5,1.0,True
-MeTTeMJBNc_13,vision,2,1.0,1.5,True
-MeTTeMJBNc_13,vision,3,1.5,2.0,True
-MeTTeMJBNc_13,vision,4,2.0,2.5,True
-MeTTeMJBNc_13,vision,5,2.5,3.0,True
-MeTTeMJBNc_13,vision,6,3.0,3.5,True
-MeTTeMJBNc_13,vision,7,3.5,4.0,True
-MeTTeMJBNc_13,vision,8,4.0,4.5,True
-MeTTeMJBNc_13,vision,9,4.5,5.0,True
-MeTTeMJBNc_13,vision,10,5.0,5.5,True
-MeTTeMJBNc_13,vision,11,5.5,6.0,False
-MeTTeMJBNc_13,vision,12,6.0,6.5,False
-MeTTeMJBNc_13,vision,13,6.5,7.0,False
-MeTTeMJBNc_13,vision,14,7.0,7.5,False
-MeTTeMJBNc_13,vision,15,7.5,8.0,False
-MeTTeMJBNc_13,vision,16,8.0,8.5,False
-MeTTeMJBNc_13,vision,17,8.5,9.0,False
-MeTTeMJBNc_13,vision,18,9.0,9.5,False
-MeTTeMJBNc_13,vision,19,9.5,10.0,False
-MeTTeMJBNc_13,vision,20,10.0,10.5,False
-MeTTeMJBNc_13,vision,21,10.5,11.0,False
-MeTTeMJBNc_13,vision,22,11.0,11.5,False
-MeTTeMJBNc_13,vision,23,11.5,12.0,False
-MeTTeMJBNc_13,vision,24,12.0,12.5,False
-MeTTeMJBNc_13,vision,25,12.5,13.0,False
-MeTTeMJBNc_13,vision,26,13.0,13.5,False
-MeTTeMJBNc_13,vision,27,13.5,14.0,False
-MeTTeMJBNc_13,vision,28,14.0,14.5,False
-MeTTeMJBNc_13,vision,29,14.5,15.0,False
-MeTTeMJBNc_13,vision,30,15.0,15.5,False
-MeTTeMJBNc_13,vision,31,15.5,16.0,False
-MeTTeMJBNc_13,vision,32,16.0,16.5,False
-MeTTeMJBNc_13,vision,33,16.5,17.0,False
-MeTTeMJBNc_13,vision,34,17.0,17.5,False
-MeTTeMJBNc_13,vision,35,17.5,18.0,False
-MeTTeMJBNc_13,vision,36,18.0,18.5,False
-MeTTeMJBNc_13,vision,37,18.5,19.0,False
-MeTTeMJBNc_13,vision,38,19.0,19.5,False
-MeTTeMJBNc_13,vision,39,19.5,20.0,False
-MeTTeMJBNc_13,vision,40,20.0,20.5,False
-MeTTeMJBNc_13,vision,41,20.5,21.0,False
-MeTTeMJBNc_13,vision,42,21.0,21.5,False
-MeTTeMJBNc_13,vision,43,21.5,22.0,False
-MeTTeMJBNc_13,vision,44,22.0,22.5,False
-MeTTeMJBNc_13,vision,45,22.5,23.0,False
-MeTTeMJBNc_13,vision,46,23.0,23.5,False
-MeTTeMJBNc_13,vision,47,23.5,24.0,False
-MeTTeMJBNc_13,vision,48,24.0,24.5,False
-MeTTeMJBNc_13,vision,49,24.5,25.0,False
-MeTTeMJBNc_7,audio,0,0.0,0.5,True
-MeTTeMJBNc_7,audio,1,0.5,1.0,True
-MeTTeMJBNc_7,audio,2,1.0,1.5,True
-MeTTeMJBNc_7,audio,3,1.5,2.0,True
-MeTTeMJBNc_7,audio,4,2.0,2.5,True
-MeTTeMJBNc_7,audio,5,2.5,3.0,True
-MeTTeMJBNc_7,audio,6,3.0,3.5,True
-MeTTeMJBNc_7,audio,7,3.5,4.0,True
-MeTTeMJBNc_7,audio,8,4.0,4.5,True
-MeTTeMJBNc_7,audio,9,4.5,5.0,True
-MeTTeMJBNc_7,audio,10,5.0,5.5,True
-MeTTeMJBNc_7,audio,11,5.5,6.0,True
-MeTTeMJBNc_7,audio,12,6.0,6.5,True
-MeTTeMJBNc_7,audio,13,6.5,7.0,True
-MeTTeMJBNc_7,audio,14,7.0,7.5,True
-MeTTeMJBNc_7,audio,15,7.5,8.0,True
-MeTTeMJBNc_7,audio,16,8.0,8.5,True
-MeTTeMJBNc_7,audio,17,8.5,9.0,True
-MeTTeMJBNc_7,audio,18,9.0,9.5,True
-MeTTeMJBNc_7,audio,19,9.5,10.0,True
-MeTTeMJBNc_7,audio,20,10.0,10.5,True
-MeTTeMJBNc_7,audio,21,10.5,11.0,False
-MeTTeMJBNc_7,audio,22,11.0,11.5,False
-MeTTeMJBNc_7,audio,23,11.5,12.0,False
-MeTTeMJBNc_7,audio,24,12.0,12.5,False
-MeTTeMJBNc_7,audio,25,12.5,13.0,False
-MeTTeMJBNc_7,audio,26,13.0,13.5,False
-MeTTeMJBNc_7,audio,27,13.5,14.0,False
-MeTTeMJBNc_7,audio,28,14.0,14.5,False
-MeTTeMJBNc_7,audio,29,14.5,15.0,False
-MeTTeMJBNc_7,audio,30,15.0,15.5,False
-MeTTeMJBNc_7,audio,31,15.5,16.0,False
-MeTTeMJBNc_7,audio,32,16.0,16.5,False
-MeTTeMJBNc_7,audio,33,16.5,17.0,False
-MeTTeMJBNc_7,audio,34,17.0,17.5,False
-MeTTeMJBNc_7,audio,35,17.5,18.0,False
-MeTTeMJBNc_7,audio,36,18.0,18.5,False
-MeTTeMJBNc_7,audio,37,18.5,19.0,False
-MeTTeMJBNc_7,audio,38,19.0,19.5,False
-MeTTeMJBNc_7,audio,39,19.5,20.0,False
-MeTTeMJBNc_7,audio,40,20.0,20.5,False
-MeTTeMJBNc_7,audio,41,20.5,21.0,False
-MeTTeMJBNc_7,audio,42,21.0,21.5,False
-MeTTeMJBNc_7,audio,43,21.5,22.0,False
-MeTTeMJBNc_7,audio,44,22.0,22.5,False
-MeTTeMJBNc_7,audio,45,22.5,23.0,False
-MeTTeMJBNc_7,audio,46,23.0,23.5,False
-MeTTeMJBNc_7,audio,47,23.5,24.0,False
-MeTTeMJBNc_7,audio,48,24.0,24.5,False
-MeTTeMJBNc_7,audio,49,24.5,25.0,False
-MeTTeMJBNc_7,vision,0,0.0,0.5,True
-MeTTeMJBNc_7,vision,1,0.5,1.0,True
-MeTTeMJBNc_7,vision,2,1.0,1.5,True
-MeTTeMJBNc_7,vision,3,1.5,2.0,True
-MeTTeMJBNc_7,vision,4,2.0,2.5,True
-MeTTeMJBNc_7,vision,5,2.5,3.0,True
-MeTTeMJBNc_7,vision,6,3.0,3.5,True
-MeTTeMJBNc_7,vision,7,3.5,4.0,True
-MeTTeMJBNc_7,vision,8,4.0,4.5,True
-MeTTeMJBNc_7,vision,9,4.5,5.0,True
-MeTTeMJBNc_7,vision,10,5.0,5.5,True
-MeTTeMJBNc_7,vision,11,5.5,6.0,True
-MeTTeMJBNc_7,vision,12,6.0,6.5,True
-MeTTeMJBNc_7,vision,13,6.5,7.0,True
-MeTTeMJBNc_7,vision,14,7.0,7.5,True
-MeTTeMJBNc_7,vision,15,7.5,8.0,True
-MeTTeMJBNc_7,vision,16,8.0,8.5,True
-MeTTeMJBNc_7,vision,17,8.5,9.0,True
-MeTTeMJBNc_7,vision,18,9.0,9.5,True
-MeTTeMJBNc_7,vision,19,9.5,10.0,True
-MeTTeMJBNc_7,vision,20,10.0,10.5,True
-MeTTeMJBNc_7,vision,21,10.5,11.0,False
-MeTTeMJBNc_7,vision,22,11.0,11.5,False
-MeTTeMJBNc_7,vision,23,11.5,12.0,False
-MeTTeMJBNc_7,vision,24,12.0,12.5,False
-MeTTeMJBNc_7,vision,25,12.5,13.0,False
-MeTTeMJBNc_7,vision,26,13.0,13.5,False
-MeTTeMJBNc_7,vision,27,13.5,14.0,False
-MeTTeMJBNc_7,vision,28,14.0,14.5,False
-MeTTeMJBNc_7,vision,29,14.5,15.0,False
-MeTTeMJBNc_7,vision,30,15.0,15.5,False
-MeTTeMJBNc_7,vision,31,15.5,16.0,False
-MeTTeMJBNc_7,vision,32,16.0,16.5,False
-MeTTeMJBNc_7,vision,33,16.5,17.0,False
-MeTTeMJBNc_7,vision,34,17.0,17.5,False
-MeTTeMJBNc_7,vision,35,17.5,18.0,False
-MeTTeMJBNc_7,vision,36,18.0,18.5,False
-MeTTeMJBNc_7,vision,37,18.5,19.0,False
-MeTTeMJBNc_7,vision,38,19.0,19.5,False
-MeTTeMJBNc_7,vision,39,19.5,20.0,False
-MeTTeMJBNc_7,vision,40,20.0,20.5,False
-MeTTeMJBNc_7,vision,41,20.5,21.0,False
-MeTTeMJBNc_7,vision,42,21.0,21.5,False
-MeTTeMJBNc_7,vision,43,21.5,22.0,False
-MeTTeMJBNc_7,vision,44,22.0,22.5,False
-MeTTeMJBNc_7,vision,45,22.5,23.0,False
-MeTTeMJBNc_7,vision,46,23.0,23.5,False
-MeTTeMJBNc_7,vision,47,23.5,24.0,False
-MeTTeMJBNc_7,vision,48,24.0,24.5,False
-MeTTeMJBNc_7,vision,49,24.5,25.0,False
-NFrJFQijFE_1,audio,0,0.0,0.5,True
-NFrJFQijFE_1,audio,1,0.5,1.0,True
-NFrJFQijFE_1,audio,2,1.0,1.5,True
-NFrJFQijFE_1,audio,3,1.5,2.0,True
-NFrJFQijFE_1,audio,4,2.0,2.5,True
-NFrJFQijFE_1,audio,5,2.5,3.0,True
-NFrJFQijFE_1,audio,6,3.0,3.5,True
-NFrJFQijFE_1,audio,7,3.5,4.0,True
-NFrJFQijFE_1,audio,8,4.0,4.5,True
-NFrJFQijFE_1,audio,9,4.5,5.0,True
-NFrJFQijFE_1,audio,10,5.0,5.5,True
-NFrJFQijFE_1,audio,11,5.5,6.0,True
-NFrJFQijFE_1,audio,12,6.0,6.5,False
-NFrJFQijFE_1,audio,13,6.5,7.0,False
-NFrJFQijFE_1,audio,14,7.0,7.5,False
-NFrJFQijFE_1,audio,15,7.5,8.0,False
-NFrJFQijFE_1,audio,16,8.0,8.5,False
-NFrJFQijFE_1,audio,17,8.5,9.0,False
-NFrJFQijFE_1,audio,18,9.0,9.5,False
-NFrJFQijFE_1,audio,19,9.5,10.0,False
-NFrJFQijFE_1,audio,20,10.0,10.5,False
-NFrJFQijFE_1,audio,21,10.5,11.0,False
-NFrJFQijFE_1,audio,22,11.0,11.5,False
-NFrJFQijFE_1,audio,23,11.5,12.0,False
-NFrJFQijFE_1,audio,24,12.0,12.5,False
-NFrJFQijFE_1,audio,25,12.5,13.0,False
-NFrJFQijFE_1,audio,26,13.0,13.5,False
-NFrJFQijFE_1,audio,27,13.5,14.0,False
-NFrJFQijFE_1,audio,28,14.0,14.5,False
-NFrJFQijFE_1,audio,29,14.5,15.0,False
-NFrJFQijFE_1,audio,30,15.0,15.5,False
-NFrJFQijFE_1,audio,31,15.5,16.0,False
-NFrJFQijFE_1,audio,32,16.0,16.5,False
-NFrJFQijFE_1,audio,33,16.5,17.0,False
-NFrJFQijFE_1,audio,34,17.0,17.5,False
-NFrJFQijFE_1,audio,35,17.5,18.0,False
-NFrJFQijFE_1,audio,36,18.0,18.5,False
-NFrJFQijFE_1,audio,37,18.5,19.0,False
-NFrJFQijFE_1,audio,38,19.0,19.5,False
-NFrJFQijFE_1,audio,39,19.5,20.0,False
-NFrJFQijFE_1,audio,40,20.0,20.5,False
-NFrJFQijFE_1,audio,41,20.5,21.0,False
-NFrJFQijFE_1,audio,42,21.0,21.5,False
-NFrJFQijFE_1,audio,43,21.5,22.0,False
-NFrJFQijFE_1,audio,44,22.0,22.5,False
-NFrJFQijFE_1,audio,45,22.5,23.0,False
-NFrJFQijFE_1,audio,46,23.0,23.5,False
-NFrJFQijFE_1,audio,47,23.5,24.0,False
-NFrJFQijFE_1,audio,48,24.0,24.5,False
-NFrJFQijFE_1,audio,49,24.5,25.0,False
-NFrJFQijFE_1,vision,0,0.0,0.5,True
-NFrJFQijFE_1,vision,1,0.5,1.0,True
-NFrJFQijFE_1,vision,2,1.0,1.5,True
-NFrJFQijFE_1,vision,3,1.5,2.0,True
-NFrJFQijFE_1,vision,4,2.0,2.5,True
-NFrJFQijFE_1,vision,5,2.5,3.0,True
-NFrJFQijFE_1,vision,6,3.0,3.5,True
-NFrJFQijFE_1,vision,7,3.5,4.0,True
-NFrJFQijFE_1,vision,8,4.0,4.5,True
-NFrJFQijFE_1,vision,9,4.5,5.0,True
-NFrJFQijFE_1,vision,10,5.0,5.5,True
-NFrJFQijFE_1,vision,11,5.5,6.0,True
-NFrJFQijFE_1,vision,12,6.0,6.5,False
-NFrJFQijFE_1,vision,13,6.5,7.0,False
-NFrJFQijFE_1,vision,14,7.0,7.5,False
-NFrJFQijFE_1,vision,15,7.5,8.0,False
-NFrJFQijFE_1,vision,16,8.0,8.5,False
-NFrJFQijFE_1,vision,17,8.5,9.0,False
-NFrJFQijFE_1,vision,18,9.0,9.5,False
-NFrJFQijFE_1,vision,19,9.5,10.0,False
-NFrJFQijFE_1,vision,20,10.0,10.5,False
-NFrJFQijFE_1,vision,21,10.5,11.0,False
-NFrJFQijFE_1,vision,22,11.0,11.5,False
-NFrJFQijFE_1,vision,23,11.5,12.0,False
-NFrJFQijFE_1,vision,24,12.0,12.5,False
-NFrJFQijFE_1,vision,25,12.5,13.0,False
-NFrJFQijFE_1,vision,26,13.0,13.5,False
-NFrJFQijFE_1,vision,27,13.5,14.0,False
-NFrJFQijFE_1,vision,28,14.0,14.5,False
-NFrJFQijFE_1,vision,29,14.5,15.0,False
-NFrJFQijFE_1,vision,30,15.0,15.5,False
-NFrJFQijFE_1,vision,31,15.5,16.0,False
-NFrJFQijFE_1,vision,32,16.0,16.5,False
-NFrJFQijFE_1,vision,33,16.5,17.0,False
-NFrJFQijFE_1,vision,34,17.0,17.5,False
-NFrJFQijFE_1,vision,35,17.5,18.0,False
-NFrJFQijFE_1,vision,36,18.0,18.5,False
-NFrJFQijFE_1,vision,37,18.5,19.0,False
-NFrJFQijFE_1,vision,38,19.0,19.5,False
-NFrJFQijFE_1,vision,39,19.5,20.0,False
-NFrJFQijFE_1,vision,40,20.0,20.5,False
-NFrJFQijFE_1,vision,41,20.5,21.0,False
-NFrJFQijFE_1,vision,42,21.0,21.5,False
-NFrJFQijFE_1,vision,43,21.5,22.0,False
-NFrJFQijFE_1,vision,44,22.0,22.5,False
-NFrJFQijFE_1,vision,45,22.5,23.0,False
-NFrJFQijFE_1,vision,46,23.0,23.5,False
-NFrJFQijFE_1,vision,47,23.5,24.0,False
-NFrJFQijFE_1,vision,48,24.0,24.5,False
-NFrJFQijFE_1,vision,49,24.5,25.0,False
-NFrJFQijFE_2,audio,0,0.0,0.5,True
-NFrJFQijFE_2,audio,1,0.5,1.0,True
-NFrJFQijFE_2,audio,2,1.0,1.5,True
-NFrJFQijFE_2,audio,3,1.5,2.0,True
-NFrJFQijFE_2,audio,4,2.0,2.5,True
-NFrJFQijFE_2,audio,5,2.5,3.0,True
-NFrJFQijFE_2,audio,6,3.0,3.5,True
-NFrJFQijFE_2,audio,7,3.5,4.0,True
-NFrJFQijFE_2,audio,8,4.0,4.5,True
-NFrJFQijFE_2,audio,9,4.5,5.0,True
-NFrJFQijFE_2,audio,10,5.0,5.5,True
-NFrJFQijFE_2,audio,11,5.5,6.0,True
-NFrJFQijFE_2,audio,12,6.0,6.5,True
-NFrJFQijFE_2,audio,13,6.5,7.0,True
-NFrJFQijFE_2,audio,14,7.0,7.5,False
-NFrJFQijFE_2,audio,15,7.5,8.0,False
-NFrJFQijFE_2,audio,16,8.0,8.5,False
-NFrJFQijFE_2,audio,17,8.5,9.0,False
-NFrJFQijFE_2,audio,18,9.0,9.5,False
-NFrJFQijFE_2,audio,19,9.5,10.0,False
-NFrJFQijFE_2,audio,20,10.0,10.5,False
-NFrJFQijFE_2,audio,21,10.5,11.0,False
-NFrJFQijFE_2,audio,22,11.0,11.5,False
-NFrJFQijFE_2,audio,23,11.5,12.0,False
-NFrJFQijFE_2,audio,24,12.0,12.5,False
-NFrJFQijFE_2,audio,25,12.5,13.0,False
-NFrJFQijFE_2,audio,26,13.0,13.5,False
-NFrJFQijFE_2,audio,27,13.5,14.0,False
-NFrJFQijFE_2,audio,28,14.0,14.5,False
-NFrJFQijFE_2,audio,29,14.5,15.0,False
-NFrJFQijFE_2,audio,30,15.0,15.5,False
-NFrJFQijFE_2,audio,31,15.5,16.0,False
-NFrJFQijFE_2,audio,32,16.0,16.5,False
-NFrJFQijFE_2,audio,33,16.5,17.0,False
-NFrJFQijFE_2,audio,34,17.0,17.5,False
-NFrJFQijFE_2,audio,35,17.5,18.0,False
-NFrJFQijFE_2,audio,36,18.0,18.5,False
-NFrJFQijFE_2,audio,37,18.5,19.0,False
-NFrJFQijFE_2,audio,38,19.0,19.5,False
-NFrJFQijFE_2,audio,39,19.5,20.0,False
-NFrJFQijFE_2,audio,40,20.0,20.5,False
-NFrJFQijFE_2,audio,41,20.5,21.0,False
-NFrJFQijFE_2,audio,42,21.0,21.5,False
-NFrJFQijFE_2,audio,43,21.5,22.0,False
-NFrJFQijFE_2,audio,44,22.0,22.5,False
-NFrJFQijFE_2,audio,45,22.5,23.0,False
-NFrJFQijFE_2,audio,46,23.0,23.5,False
-NFrJFQijFE_2,audio,47,23.5,24.0,False
-NFrJFQijFE_2,audio,48,24.0,24.5,False
-NFrJFQijFE_2,audio,49,24.5,25.0,False
-NFrJFQijFE_2,vision,0,0.0,0.5,True
-NFrJFQijFE_2,vision,1,0.5,1.0,True
-NFrJFQijFE_2,vision,2,1.0,1.5,True
-NFrJFQijFE_2,vision,3,1.5,2.0,True
-NFrJFQijFE_2,vision,4,2.0,2.5,True
-NFrJFQijFE_2,vision,5,2.5,3.0,True
-NFrJFQijFE_2,vision,6,3.0,3.5,True
-NFrJFQijFE_2,vision,7,3.5,4.0,True
-NFrJFQijFE_2,vision,8,4.0,4.5,True
-NFrJFQijFE_2,vision,9,4.5,5.0,True
-NFrJFQijFE_2,vision,10,5.0,5.5,True
-NFrJFQijFE_2,vision,11,5.5,6.0,True
-NFrJFQijFE_2,vision,12,6.0,6.5,True
-NFrJFQijFE_2,vision,13,6.5,7.0,True
-NFrJFQijFE_2,vision,14,7.0,7.5,False
-NFrJFQijFE_2,vision,15,7.5,8.0,False
-NFrJFQijFE_2,vision,16,8.0,8.5,False
-NFrJFQijFE_2,vision,17,8.5,9.0,False
-NFrJFQijFE_2,vision,18,9.0,9.5,False
-NFrJFQijFE_2,vision,19,9.5,10.0,False
-NFrJFQijFE_2,vision,20,10.0,10.5,False
-NFrJFQijFE_2,vision,21,10.5,11.0,False
-NFrJFQijFE_2,vision,22,11.0,11.5,False
-NFrJFQijFE_2,vision,23,11.5,12.0,False
-NFrJFQijFE_2,vision,24,12.0,12.5,False
-NFrJFQijFE_2,vision,25,12.5,13.0,False
-NFrJFQijFE_2,vision,26,13.0,13.5,False
-NFrJFQijFE_2,vision,27,13.5,14.0,False
-NFrJFQijFE_2,vision,28,14.0,14.5,False
-NFrJFQijFE_2,vision,29,14.5,15.0,False
-NFrJFQijFE_2,vision,30,15.0,15.5,False
-NFrJFQijFE_2,vision,31,15.5,16.0,False
-NFrJFQijFE_2,vision,32,16.0,16.5,False
-NFrJFQijFE_2,vision,33,16.5,17.0,False
-NFrJFQijFE_2,vision,34,17.0,17.5,False
-NFrJFQijFE_2,vision,35,17.5,18.0,False
-NFrJFQijFE_2,vision,36,18.0,18.5,False
-NFrJFQijFE_2,vision,37,18.5,19.0,False
-NFrJFQijFE_2,vision,38,19.0,19.5,False
-NFrJFQijFE_2,vision,39,19.5,20.0,False
-NFrJFQijFE_2,vision,40,20.0,20.5,False
-NFrJFQijFE_2,vision,41,20.5,21.0,False
-NFrJFQijFE_2,vision,42,21.0,21.5,False
-NFrJFQijFE_2,vision,43,21.5,22.0,False
-NFrJFQijFE_2,vision,44,22.0,22.5,False
-NFrJFQijFE_2,vision,45,22.5,23.0,False
-NFrJFQijFE_2,vision,46,23.0,23.5,False
-NFrJFQijFE_2,vision,47,23.5,24.0,False
-NFrJFQijFE_2,vision,48,24.0,24.5,False
-NFrJFQijFE_2,vision,49,24.5,25.0,False
-RfYyzHpjk4_11,audio,0,0.0,0.5,True
-RfYyzHpjk4_11,audio,1,0.5,1.0,True
-RfYyzHpjk4_11,audio,2,1.0,1.5,True
-RfYyzHpjk4_11,audio,3,1.5,2.0,True
-RfYyzHpjk4_11,audio,4,2.0,2.5,True
-RfYyzHpjk4_11,audio,5,2.5,3.0,True
-RfYyzHpjk4_11,audio,6,3.0,3.5,True
-RfYyzHpjk4_11,audio,7,3.5,4.0,True
-RfYyzHpjk4_11,audio,8,4.0,4.5,True
-RfYyzHpjk4_11,audio,9,4.5,5.0,True
-RfYyzHpjk4_11,audio,10,5.0,5.5,True
-RfYyzHpjk4_11,audio,11,5.5,6.0,False
-RfYyzHpjk4_11,audio,12,6.0,6.5,False
-RfYyzHpjk4_11,audio,13,6.5,7.0,False
-RfYyzHpjk4_11,audio,14,7.0,7.5,False
-RfYyzHpjk4_11,audio,15,7.5,8.0,False
-RfYyzHpjk4_11,audio,16,8.0,8.5,False
-RfYyzHpjk4_11,audio,17,8.5,9.0,False
-RfYyzHpjk4_11,audio,18,9.0,9.5,False
-RfYyzHpjk4_11,audio,19,9.5,10.0,False
-RfYyzHpjk4_11,audio,20,10.0,10.5,False
-RfYyzHpjk4_11,audio,21,10.5,11.0,False
-RfYyzHpjk4_11,audio,22,11.0,11.5,False
-RfYyzHpjk4_11,audio,23,11.5,12.0,False
-RfYyzHpjk4_11,audio,24,12.0,12.5,False
-RfYyzHpjk4_11,audio,25,12.5,13.0,False
-RfYyzHpjk4_11,audio,26,13.0,13.5,False
-RfYyzHpjk4_11,audio,27,13.5,14.0,False
-RfYyzHpjk4_11,audio,28,14.0,14.5,False
-RfYyzHpjk4_11,audio,29,14.5,15.0,False
-RfYyzHpjk4_11,audio,30,15.0,15.5,False
-RfYyzHpjk4_11,audio,31,15.5,16.0,False
-RfYyzHpjk4_11,audio,32,16.0,16.5,False
-RfYyzHpjk4_11,audio,33,16.5,17.0,False
-RfYyzHpjk4_11,audio,34,17.0,17.5,False
-RfYyzHpjk4_11,audio,35,17.5,18.0,False
-RfYyzHpjk4_11,audio,36,18.0,18.5,False
-RfYyzHpjk4_11,audio,37,18.5,19.0,False
-RfYyzHpjk4_11,audio,38,19.0,19.5,False
-RfYyzHpjk4_11,audio,39,19.5,20.0,False
-RfYyzHpjk4_11,audio,40,20.0,20.5,False
-RfYyzHpjk4_11,audio,41,20.5,21.0,False
-RfYyzHpjk4_11,audio,42,21.0,21.5,False
-RfYyzHpjk4_11,audio,43,21.5,22.0,False
-RfYyzHpjk4_11,audio,44,22.0,22.5,False
-RfYyzHpjk4_11,audio,45,22.5,23.0,False
-RfYyzHpjk4_11,audio,46,23.0,23.5,False
-RfYyzHpjk4_11,audio,47,23.5,24.0,False
-RfYyzHpjk4_11,audio,48,24.0,24.5,False
-RfYyzHpjk4_11,audio,49,24.5,25.0,False
-RfYyzHpjk4_11,vision,0,0.0,0.5,True
-RfYyzHpjk4_11,vision,1,0.5,1.0,True
-RfYyzHpjk4_11,vision,2,1.0,1.5,True
-RfYyzHpjk4_11,vision,3,1.5,2.0,True
-RfYyzHpjk4_11,vision,4,2.0,2.5,True
-RfYyzHpjk4_11,vision,5,2.5,3.0,True
-RfYyzHpjk4_11,vision,6,3.0,3.5,True
-RfYyzHpjk4_11,vision,7,3.5,4.0,True
-RfYyzHpjk4_11,vision,8,4.0,4.5,True
-RfYyzHpjk4_11,vision,9,4.5,5.0,True
-RfYyzHpjk4_11,vision,10,5.0,5.5,True
-RfYyzHpjk4_11,vision,11,5.5,6.0,False
-RfYyzHpjk4_11,vision,12,6.0,6.5,False
-RfYyzHpjk4_11,vision,13,6.5,7.0,False
-RfYyzHpjk4_11,vision,14,7.0,7.5,False
-RfYyzHpjk4_11,vision,15,7.5,8.0,False
-RfYyzHpjk4_11,vision,16,8.0,8.5,False
-RfYyzHpjk4_11,vision,17,8.5,9.0,False
-RfYyzHpjk4_11,vision,18,9.0,9.5,False
-RfYyzHpjk4_11,vision,19,9.5,10.0,False
-RfYyzHpjk4_11,vision,20,10.0,10.5,False
-RfYyzHpjk4_11,vision,21,10.5,11.0,False
-RfYyzHpjk4_11,vision,22,11.0,11.5,False
-RfYyzHpjk4_11,vision,23,11.5,12.0,False
-RfYyzHpjk4_11,vision,24,12.0,12.5,False
-RfYyzHpjk4_11,vision,25,12.5,13.0,False
-RfYyzHpjk4_11,vision,26,13.0,13.5,False
-RfYyzHpjk4_11,vision,27,13.5,14.0,False
-RfYyzHpjk4_11,vision,28,14.0,14.5,False
-RfYyzHpjk4_11,vision,29,14.5,15.0,False
-RfYyzHpjk4_11,vision,30,15.0,15.5,False
-RfYyzHpjk4_11,vision,31,15.5,16.0,False
-RfYyzHpjk4_11,vision,32,16.0,16.5,False
-RfYyzHpjk4_11,vision,33,16.5,17.0,False
-RfYyzHpjk4_11,vision,34,17.0,17.5,False
-RfYyzHpjk4_11,vision,35,17.5,18.0,False
-RfYyzHpjk4_11,vision,36,18.0,18.5,False
-RfYyzHpjk4_11,vision,37,18.5,19.0,False
-RfYyzHpjk4_11,vision,38,19.0,19.5,False
-RfYyzHpjk4_11,vision,39,19.5,20.0,False
-RfYyzHpjk4_11,vision,40,20.0,20.5,False
-RfYyzHpjk4_11,vision,41,20.5,21.0,False
-RfYyzHpjk4_11,vision,42,21.0,21.5,False
-RfYyzHpjk4_11,vision,43,21.5,22.0,False
-RfYyzHpjk4_11,vision,44,22.0,22.5,False
-RfYyzHpjk4_11,vision,45,22.5,23.0,False
-RfYyzHpjk4_11,vision,46,23.0,23.5,False
-RfYyzHpjk4_11,vision,47,23.5,24.0,False
-RfYyzHpjk4_11,vision,48,24.0,24.5,False
-RfYyzHpjk4_11,vision,49,24.5,25.0,False
-RfYyzHpjk4_2,audio,0,0.0,0.5,True
-RfYyzHpjk4_2,audio,1,0.5,1.0,True
-RfYyzHpjk4_2,audio,2,1.0,1.5,True
-RfYyzHpjk4_2,audio,3,1.5,2.0,True
-RfYyzHpjk4_2,audio,4,2.0,2.5,True
-RfYyzHpjk4_2,audio,5,2.5,3.0,True
-RfYyzHpjk4_2,audio,6,3.0,3.5,True
-RfYyzHpjk4_2,audio,7,3.5,4.0,True
-RfYyzHpjk4_2,audio,8,4.0,4.5,True
-RfYyzHpjk4_2,audio,9,4.5,5.0,True
-RfYyzHpjk4_2,audio,10,5.0,5.5,True
-RfYyzHpjk4_2,audio,11,5.5,6.0,False
-RfYyzHpjk4_2,audio,12,6.0,6.5,False
-RfYyzHpjk4_2,audio,13,6.5,7.0,False
-RfYyzHpjk4_2,audio,14,7.0,7.5,False
-RfYyzHpjk4_2,audio,15,7.5,8.0,False
-RfYyzHpjk4_2,audio,16,8.0,8.5,False
-RfYyzHpjk4_2,audio,17,8.5,9.0,False
-RfYyzHpjk4_2,audio,18,9.0,9.5,False
-RfYyzHpjk4_2,audio,19,9.5,10.0,False
-RfYyzHpjk4_2,audio,20,10.0,10.5,False
-RfYyzHpjk4_2,audio,21,10.5,11.0,False
-RfYyzHpjk4_2,audio,22,11.0,11.5,False
-RfYyzHpjk4_2,audio,23,11.5,12.0,False
-RfYyzHpjk4_2,audio,24,12.0,12.5,False
-RfYyzHpjk4_2,audio,25,12.5,13.0,False
-RfYyzHpjk4_2,audio,26,13.0,13.5,False
-RfYyzHpjk4_2,audio,27,13.5,14.0,False
-RfYyzHpjk4_2,audio,28,14.0,14.5,False
-RfYyzHpjk4_2,audio,29,14.5,15.0,False
-RfYyzHpjk4_2,audio,30,15.0,15.5,False
-RfYyzHpjk4_2,audio,31,15.5,16.0,False
-RfYyzHpjk4_2,audio,32,16.0,16.5,False
-RfYyzHpjk4_2,audio,33,16.5,17.0,False
-RfYyzHpjk4_2,audio,34,17.0,17.5,False
-RfYyzHpjk4_2,audio,35,17.5,18.0,False
-RfYyzHpjk4_2,audio,36,18.0,18.5,False
-RfYyzHpjk4_2,audio,37,18.5,19.0,False
-RfYyzHpjk4_2,audio,38,19.0,19.5,False
-RfYyzHpjk4_2,audio,39,19.5,20.0,False
-RfYyzHpjk4_2,audio,40,20.0,20.5,False
-RfYyzHpjk4_2,audio,41,20.5,21.0,False
-RfYyzHpjk4_2,audio,42,21.0,21.5,False
-RfYyzHpjk4_2,audio,43,21.5,22.0,False
-RfYyzHpjk4_2,audio,44,22.0,22.5,False
-RfYyzHpjk4_2,audio,45,22.5,23.0,False
-RfYyzHpjk4_2,audio,46,23.0,23.5,False
-RfYyzHpjk4_2,audio,47,23.5,24.0,False
-RfYyzHpjk4_2,audio,48,24.0,24.5,False
-RfYyzHpjk4_2,audio,49,24.5,25.0,False
-RfYyzHpjk4_2,vision,0,0.0,0.5,True
-RfYyzHpjk4_2,vision,1,0.5,1.0,True
-RfYyzHpjk4_2,vision,2,1.0,1.5,True
-RfYyzHpjk4_2,vision,3,1.5,2.0,True
-RfYyzHpjk4_2,vision,4,2.0,2.5,True
-RfYyzHpjk4_2,vision,5,2.5,3.0,True
-RfYyzHpjk4_2,vision,6,3.0,3.5,True
-RfYyzHpjk4_2,vision,7,3.5,4.0,True
-RfYyzHpjk4_2,vision,8,4.0,4.5,True
-RfYyzHpjk4_2,vision,9,4.5,5.0,True
-RfYyzHpjk4_2,vision,10,5.0,5.5,True
-RfYyzHpjk4_2,vision,11,5.5,6.0,False
-RfYyzHpjk4_2,vision,12,6.0,6.5,False
-RfYyzHpjk4_2,vision,13,6.5,7.0,False
-RfYyzHpjk4_2,vision,14,7.0,7.5,False
-RfYyzHpjk4_2,vision,15,7.5,8.0,False
-RfYyzHpjk4_2,vision,16,8.0,8.5,False
-RfYyzHpjk4_2,vision,17,8.5,9.0,False
-RfYyzHpjk4_2,vision,18,9.0,9.5,False
-RfYyzHpjk4_2,vision,19,9.5,10.0,False
-RfYyzHpjk4_2,vision,20,10.0,10.5,False
-RfYyzHpjk4_2,vision,21,10.5,11.0,False
-RfYyzHpjk4_2,vision,22,11.0,11.5,False
-RfYyzHpjk4_2,vision,23,11.5,12.0,False
-RfYyzHpjk4_2,vision,24,12.0,12.5,False
-RfYyzHpjk4_2,vision,25,12.5,13.0,False
-RfYyzHpjk4_2,vision,26,13.0,13.5,False
-RfYyzHpjk4_2,vision,27,13.5,14.0,False
-RfYyzHpjk4_2,vision,28,14.0,14.5,False
-RfYyzHpjk4_2,vision,29,14.5,15.0,False
-RfYyzHpjk4_2,vision,30,15.0,15.5,False
-RfYyzHpjk4_2,vision,31,15.5,16.0,False
-RfYyzHpjk4_2,vision,32,16.0,16.5,False
-RfYyzHpjk4_2,vision,33,16.5,17.0,False
-RfYyzHpjk4_2,vision,34,17.0,17.5,False
-RfYyzHpjk4_2,vision,35,17.5,18.0,False
-RfYyzHpjk4_2,vision,36,18.0,18.5,False
-RfYyzHpjk4_2,vision,37,18.5,19.0,False
-RfYyzHpjk4_2,vision,38,19.0,19.5,False
-RfYyzHpjk4_2,vision,39,19.5,20.0,False
-RfYyzHpjk4_2,vision,40,20.0,20.5,False
-RfYyzHpjk4_2,vision,41,20.5,21.0,False
-RfYyzHpjk4_2,vision,42,21.0,21.5,False
-RfYyzHpjk4_2,vision,43,21.5,22.0,False
-RfYyzHpjk4_2,vision,44,22.0,22.5,False
-RfYyzHpjk4_2,vision,45,22.5,23.0,False
-RfYyzHpjk4_2,vision,46,23.0,23.5,False
-RfYyzHpjk4_2,vision,47,23.5,24.0,False
-RfYyzHpjk4_2,vision,48,24.0,24.5,False
-RfYyzHpjk4_2,vision,49,24.5,25.0,False
-RfYyzHpjk4_8,audio,0,0.0,0.5,True
-RfYyzHpjk4_8,audio,1,0.5,1.0,True
-RfYyzHpjk4_8,audio,2,1.0,1.5,True
-RfYyzHpjk4_8,audio,3,1.5,2.0,True
-RfYyzHpjk4_8,audio,4,2.0,2.5,True
-RfYyzHpjk4_8,audio,5,2.5,3.0,True
-RfYyzHpjk4_8,audio,6,3.0,3.5,True
-RfYyzHpjk4_8,audio,7,3.5,4.0,True
-RfYyzHpjk4_8,audio,8,4.0,4.5,True
-RfYyzHpjk4_8,audio,9,4.5,5.0,False
-RfYyzHpjk4_8,audio,10,5.0,5.5,False
-RfYyzHpjk4_8,audio,11,5.5,6.0,False
-RfYyzHpjk4_8,audio,12,6.0,6.5,False
-RfYyzHpjk4_8,audio,13,6.5,7.0,False
-RfYyzHpjk4_8,audio,14,7.0,7.5,False
-RfYyzHpjk4_8,audio,15,7.5,8.0,False
-RfYyzHpjk4_8,audio,16,8.0,8.5,False
-RfYyzHpjk4_8,audio,17,8.5,9.0,False
-RfYyzHpjk4_8,audio,18,9.0,9.5,False
-RfYyzHpjk4_8,audio,19,9.5,10.0,False
-RfYyzHpjk4_8,audio,20,10.0,10.5,False
-RfYyzHpjk4_8,audio,21,10.5,11.0,False
-RfYyzHpjk4_8,audio,22,11.0,11.5,False
-RfYyzHpjk4_8,audio,23,11.5,12.0,False
-RfYyzHpjk4_8,audio,24,12.0,12.5,False
-RfYyzHpjk4_8,audio,25,12.5,13.0,False
-RfYyzHpjk4_8,audio,26,13.0,13.5,False
-RfYyzHpjk4_8,audio,27,13.5,14.0,False
-RfYyzHpjk4_8,audio,28,14.0,14.5,False
-RfYyzHpjk4_8,audio,29,14.5,15.0,False
-RfYyzHpjk4_8,audio,30,15.0,15.5,False
-RfYyzHpjk4_8,audio,31,15.5,16.0,False
-RfYyzHpjk4_8,audio,32,16.0,16.5,False
-RfYyzHpjk4_8,audio,33,16.5,17.0,False
-RfYyzHpjk4_8,audio,34,17.0,17.5,False
-RfYyzHpjk4_8,audio,35,17.5,18.0,False
-RfYyzHpjk4_8,audio,36,18.0,18.5,False
-RfYyzHpjk4_8,audio,37,18.5,19.0,False
-RfYyzHpjk4_8,audio,38,19.0,19.5,False
-RfYyzHpjk4_8,audio,39,19.5,20.0,False
-RfYyzHpjk4_8,audio,40,20.0,20.5,False
-RfYyzHpjk4_8,audio,41,20.5,21.0,False
-RfYyzHpjk4_8,audio,42,21.0,21.5,False
-RfYyzHpjk4_8,audio,43,21.5,22.0,False
-RfYyzHpjk4_8,audio,44,22.0,22.5,False
-RfYyzHpjk4_8,audio,45,22.5,23.0,False
-RfYyzHpjk4_8,audio,46,23.0,23.5,False
-RfYyzHpjk4_8,audio,47,23.5,24.0,False
-RfYyzHpjk4_8,audio,48,24.0,24.5,False
-RfYyzHpjk4_8,audio,49,24.5,25.0,False
-RfYyzHpjk4_8,vision,0,0.0,0.5,True
-RfYyzHpjk4_8,vision,1,0.5,1.0,True
-RfYyzHpjk4_8,vision,2,1.0,1.5,True
-RfYyzHpjk4_8,vision,3,1.5,2.0,True
-RfYyzHpjk4_8,vision,4,2.0,2.5,True
-RfYyzHpjk4_8,vision,5,2.5,3.0,True
-RfYyzHpjk4_8,vision,6,3.0,3.5,True
-RfYyzHpjk4_8,vision,7,3.5,4.0,True
-RfYyzHpjk4_8,vision,8,4.0,4.5,True
-RfYyzHpjk4_8,vision,9,4.5,5.0,True
-RfYyzHpjk4_8,vision,10,5.0,5.5,False
-RfYyzHpjk4_8,vision,11,5.5,6.0,False
-RfYyzHpjk4_8,vision,12,6.0,6.5,False
-RfYyzHpjk4_8,vision,13,6.5,7.0,False
-RfYyzHpjk4_8,vision,14,7.0,7.5,False
-RfYyzHpjk4_8,vision,15,7.5,8.0,False
-RfYyzHpjk4_8,vision,16,8.0,8.5,False
-RfYyzHpjk4_8,vision,17,8.5,9.0,False
-RfYyzHpjk4_8,vision,18,9.0,9.5,False
-RfYyzHpjk4_8,vision,19,9.5,10.0,False
-RfYyzHpjk4_8,vision,20,10.0,10.5,False
-RfYyzHpjk4_8,vision,21,10.5,11.0,False
-RfYyzHpjk4_8,vision,22,11.0,11.5,False
-RfYyzHpjk4_8,vision,23,11.5,12.0,False
-RfYyzHpjk4_8,vision,24,12.0,12.5,False
-RfYyzHpjk4_8,vision,25,12.5,13.0,False
-RfYyzHpjk4_8,vision,26,13.0,13.5,False
-RfYyzHpjk4_8,vision,27,13.5,14.0,False
-RfYyzHpjk4_8,vision,28,14.0,14.5,False
-RfYyzHpjk4_8,vision,29,14.5,15.0,False
-RfYyzHpjk4_8,vision,30,15.0,15.5,False
-RfYyzHpjk4_8,vision,31,15.5,16.0,False
-RfYyzHpjk4_8,vision,32,16.0,16.5,False
-RfYyzHpjk4_8,vision,33,16.5,17.0,False
-RfYyzHpjk4_8,vision,34,17.0,17.5,False
-RfYyzHpjk4_8,vision,35,17.5,18.0,False
-RfYyzHpjk4_8,vision,36,18.0,18.5,False
-RfYyzHpjk4_8,vision,37,18.5,19.0,False
-RfYyzHpjk4_8,vision,38,19.0,19.5,False
-RfYyzHpjk4_8,vision,39,19.5,20.0,False
-RfYyzHpjk4_8,vision,40,20.0,20.5,False
-RfYyzHpjk4_8,vision,41,20.5,21.0,False
-RfYyzHpjk4_8,vision,42,21.0,21.5,False
-RfYyzHpjk4_8,vision,43,21.5,22.0,False
-RfYyzHpjk4_8,vision,44,22.0,22.5,False
-RfYyzHpjk4_8,vision,45,22.5,23.0,False
-RfYyzHpjk4_8,vision,46,23.0,23.5,False
-RfYyzHpjk4_8,vision,47,23.5,24.0,False
-RfYyzHpjk4_8,vision,48,24.0,24.5,False
-RfYyzHpjk4_8,vision,49,24.5,25.0,False
-THoVjtIkeU_12,audio,0,0.0,0.5,True
-THoVjtIkeU_12,audio,1,0.5,1.0,True
-THoVjtIkeU_12,audio,2,1.0,1.5,True
-THoVjtIkeU_12,audio,3,1.5,2.0,True
-THoVjtIkeU_12,audio,4,2.0,2.5,True
-THoVjtIkeU_12,audio,5,2.5,3.0,True
-THoVjtIkeU_12,audio,6,3.0,3.5,True
-THoVjtIkeU_12,audio,7,3.5,4.0,True
-THoVjtIkeU_12,audio,8,4.0,4.5,True
-THoVjtIkeU_12,audio,9,4.5,5.0,True
-THoVjtIkeU_12,audio,10,5.0,5.5,True
-THoVjtIkeU_12,audio,11,5.5,6.0,True
-THoVjtIkeU_12,audio,12,6.0,6.5,True
-THoVjtIkeU_12,audio,13,6.5,7.0,True
-THoVjtIkeU_12,audio,14,7.0,7.5,True
-THoVjtIkeU_12,audio,15,7.5,8.0,True
-THoVjtIkeU_12,audio,16,8.0,8.5,True
-THoVjtIkeU_12,audio,17,8.5,9.0,True
-THoVjtIkeU_12,audio,18,9.0,9.5,True
-THoVjtIkeU_12,audio,19,9.5,10.0,True
-THoVjtIkeU_12,audio,20,10.0,10.5,True
-THoVjtIkeU_12,audio,21,10.5,11.0,True
-THoVjtIkeU_12,audio,22,11.0,11.5,True
-THoVjtIkeU_12,audio,23,11.5,12.0,True
-THoVjtIkeU_12,audio,24,12.0,12.5,True
-THoVjtIkeU_12,audio,25,12.5,13.0,True
-THoVjtIkeU_12,audio,26,13.0,13.5,True
-THoVjtIkeU_12,audio,27,13.5,14.0,True
-THoVjtIkeU_12,audio,28,14.0,14.5,True
-THoVjtIkeU_12,audio,29,14.5,15.0,True
-THoVjtIkeU_12,audio,30,15.0,15.5,False
-THoVjtIkeU_12,audio,31,15.5,16.0,False
-THoVjtIkeU_12,audio,32,16.0,16.5,False
-THoVjtIkeU_12,audio,33,16.5,17.0,False
-THoVjtIkeU_12,audio,34,17.0,17.5,False
-THoVjtIkeU_12,audio,35,17.5,18.0,False
-THoVjtIkeU_12,audio,36,18.0,18.5,False
-THoVjtIkeU_12,audio,37,18.5,19.0,False
-THoVjtIkeU_12,audio,38,19.0,19.5,False
-THoVjtIkeU_12,audio,39,19.5,20.0,False
-THoVjtIkeU_12,audio,40,20.0,20.5,False
-THoVjtIkeU_12,audio,41,20.5,21.0,False
-THoVjtIkeU_12,audio,42,21.0,21.5,False
-THoVjtIkeU_12,audio,43,21.5,22.0,False
-THoVjtIkeU_12,audio,44,22.0,22.5,False
-THoVjtIkeU_12,audio,45,22.5,23.0,False
-THoVjtIkeU_12,audio,46,23.0,23.5,False
-THoVjtIkeU_12,audio,47,23.5,24.0,False
-THoVjtIkeU_12,audio,48,24.0,24.5,False
-THoVjtIkeU_12,audio,49,24.5,25.0,False
-THoVjtIkeU_12,vision,0,0.0,0.5,True
-THoVjtIkeU_12,vision,1,0.5,1.0,True
-THoVjtIkeU_12,vision,2,1.0,1.5,True
-THoVjtIkeU_12,vision,3,1.5,2.0,True
-THoVjtIkeU_12,vision,4,2.0,2.5,True
-THoVjtIkeU_12,vision,5,2.5,3.0,True
-THoVjtIkeU_12,vision,6,3.0,3.5,True
-THoVjtIkeU_12,vision,7,3.5,4.0,True
-THoVjtIkeU_12,vision,8,4.0,4.5,True
-THoVjtIkeU_12,vision,9,4.5,5.0,True
-THoVjtIkeU_12,vision,10,5.0,5.5,True
-THoVjtIkeU_12,vision,11,5.5,6.0,True
-THoVjtIkeU_12,vision,12,6.0,6.5,True
-THoVjtIkeU_12,vision,13,6.5,7.0,True
-THoVjtIkeU_12,vision,14,7.0,7.5,True
-THoVjtIkeU_12,vision,15,7.5,8.0,True
-THoVjtIkeU_12,vision,16,8.0,8.5,True
-THoVjtIkeU_12,vision,17,8.5,9.0,True
-THoVjtIkeU_12,vision,18,9.0,9.5,True
-THoVjtIkeU_12,vision,19,9.5,10.0,True
-THoVjtIkeU_12,vision,20,10.0,10.5,True
-THoVjtIkeU_12,vision,21,10.5,11.0,True
-THoVjtIkeU_12,vision,22,11.0,11.5,True
-THoVjtIkeU_12,vision,23,11.5,12.0,True
-THoVjtIkeU_12,vision,24,12.0,12.5,True
-THoVjtIkeU_12,vision,25,12.5,13.0,True
-THoVjtIkeU_12,vision,26,13.0,13.5,True
-THoVjtIkeU_12,vision,27,13.5,14.0,True
-THoVjtIkeU_12,vision,28,14.0,14.5,True
-THoVjtIkeU_12,vision,29,14.5,15.0,True
-THoVjtIkeU_12,vision,30,15.0,15.5,False
-THoVjtIkeU_12,vision,31,15.5,16.0,False
-THoVjtIkeU_12,vision,32,16.0,16.5,False
-THoVjtIkeU_12,vision,33,16.5,17.0,False
-THoVjtIkeU_12,vision,34,17.0,17.5,False
-THoVjtIkeU_12,vision,35,17.5,18.0,False
-THoVjtIkeU_12,vision,36,18.0,18.5,False
-THoVjtIkeU_12,vision,37,18.5,19.0,False
-THoVjtIkeU_12,vision,38,19.0,19.5,False
-THoVjtIkeU_12,vision,39,19.5,20.0,False
-THoVjtIkeU_12,vision,40,20.0,20.5,False
-THoVjtIkeU_12,vision,41,20.5,21.0,False
-THoVjtIkeU_12,vision,42,21.0,21.5,False
-THoVjtIkeU_12,vision,43,21.5,22.0,False
-THoVjtIkeU_12,vision,44,22.0,22.5,False
-THoVjtIkeU_12,vision,45,22.5,23.0,False
-THoVjtIkeU_12,vision,46,23.0,23.5,False
-THoVjtIkeU_12,vision,47,23.5,24.0,False
-THoVjtIkeU_12,vision,48,24.0,24.5,False
-THoVjtIkeU_12,vision,49,24.5,25.0,False
-THoVjtIkeU_2,audio,0,0.0,0.5,True
-THoVjtIkeU_2,audio,1,0.5,1.0,True
-THoVjtIkeU_2,audio,2,1.0,1.5,True
-THoVjtIkeU_2,audio,3,1.5,2.0,True
-THoVjtIkeU_2,audio,4,2.0,2.5,True
-THoVjtIkeU_2,audio,5,2.5,3.0,True
-THoVjtIkeU_2,audio,6,3.0,3.5,True
-THoVjtIkeU_2,audio,7,3.5,4.0,True
-THoVjtIkeU_2,audio,8,4.0,4.5,True
-THoVjtIkeU_2,audio,9,4.5,5.0,False
-THoVjtIkeU_2,audio,10,5.0,5.5,False
-THoVjtIkeU_2,audio,11,5.5,6.0,False
-THoVjtIkeU_2,audio,12,6.0,6.5,False
-THoVjtIkeU_2,audio,13,6.5,7.0,False
-THoVjtIkeU_2,audio,14,7.0,7.5,False
-THoVjtIkeU_2,audio,15,7.5,8.0,False
-THoVjtIkeU_2,audio,16,8.0,8.5,False
-THoVjtIkeU_2,audio,17,8.5,9.0,False
-THoVjtIkeU_2,audio,18,9.0,9.5,False
-THoVjtIkeU_2,audio,19,9.5,10.0,False
-THoVjtIkeU_2,audio,20,10.0,10.5,False
-THoVjtIkeU_2,audio,21,10.5,11.0,False
-THoVjtIkeU_2,audio,22,11.0,11.5,False
-THoVjtIkeU_2,audio,23,11.5,12.0,False
-THoVjtIkeU_2,audio,24,12.0,12.5,False
-THoVjtIkeU_2,audio,25,12.5,13.0,False
-THoVjtIkeU_2,audio,26,13.0,13.5,False
-THoVjtIkeU_2,audio,27,13.5,14.0,False
-THoVjtIkeU_2,audio,28,14.0,14.5,False
-THoVjtIkeU_2,audio,29,14.5,15.0,False
-THoVjtIkeU_2,audio,30,15.0,15.5,False
-THoVjtIkeU_2,audio,31,15.5,16.0,False
-THoVjtIkeU_2,audio,32,16.0,16.5,False
-THoVjtIkeU_2,audio,33,16.5,17.0,False
-THoVjtIkeU_2,audio,34,17.0,17.5,False
-THoVjtIkeU_2,audio,35,17.5,18.0,False
-THoVjtIkeU_2,audio,36,18.0,18.5,False
-THoVjtIkeU_2,audio,37,18.5,19.0,False
-THoVjtIkeU_2,audio,38,19.0,19.5,False
-THoVjtIkeU_2,audio,39,19.5,20.0,False
-THoVjtIkeU_2,audio,40,20.0,20.5,False
-THoVjtIkeU_2,audio,41,20.5,21.0,False
-THoVjtIkeU_2,audio,42,21.0,21.5,False
-THoVjtIkeU_2,audio,43,21.5,22.0,False
-THoVjtIkeU_2,audio,44,22.0,22.5,False
-THoVjtIkeU_2,audio,45,22.5,23.0,False
-THoVjtIkeU_2,audio,46,23.0,23.5,False
-THoVjtIkeU_2,audio,47,23.5,24.0,False
-THoVjtIkeU_2,audio,48,24.0,24.5,False
-THoVjtIkeU_2,audio,49,24.5,25.0,False
-THoVjtIkeU_2,vision,0,0.0,0.5,True
-THoVjtIkeU_2,vision,1,0.5,1.0,True
-THoVjtIkeU_2,vision,2,1.0,1.5,True
-THoVjtIkeU_2,vision,3,1.5,2.0,True
-THoVjtIkeU_2,vision,4,2.0,2.5,True
-THoVjtIkeU_2,vision,5,2.5,3.0,True
-THoVjtIkeU_2,vision,6,3.0,3.5,True
-THoVjtIkeU_2,vision,7,3.5,4.0,True
-THoVjtIkeU_2,vision,8,4.0,4.5,True
-THoVjtIkeU_2,vision,9,4.5,5.0,False
-THoVjtIkeU_2,vision,10,5.0,5.5,False
-THoVjtIkeU_2,vision,11,5.5,6.0,False
-THoVjtIkeU_2,vision,12,6.0,6.5,False
-THoVjtIkeU_2,vision,13,6.5,7.0,False
-THoVjtIkeU_2,vision,14,7.0,7.5,False
-THoVjtIkeU_2,vision,15,7.5,8.0,False
-THoVjtIkeU_2,vision,16,8.0,8.5,False
-THoVjtIkeU_2,vision,17,8.5,9.0,False
-THoVjtIkeU_2,vision,18,9.0,9.5,False
-THoVjtIkeU_2,vision,19,9.5,10.0,False
-THoVjtIkeU_2,vision,20,10.0,10.5,False
-THoVjtIkeU_2,vision,21,10.5,11.0,False
-THoVjtIkeU_2,vision,22,11.0,11.5,False
-THoVjtIkeU_2,vision,23,11.5,12.0,False
-THoVjtIkeU_2,vision,24,12.0,12.5,False
-THoVjtIkeU_2,vision,25,12.5,13.0,False
-THoVjtIkeU_2,vision,26,13.0,13.5,False
-THoVjtIkeU_2,vision,27,13.5,14.0,False
-THoVjtIkeU_2,vision,28,14.0,14.5,False
-THoVjtIkeU_2,vision,29,14.5,15.0,False
-THoVjtIkeU_2,vision,30,15.0,15.5,False
-THoVjtIkeU_2,vision,31,15.5,16.0,False
-THoVjtIkeU_2,vision,32,16.0,16.5,False
-THoVjtIkeU_2,vision,33,16.5,17.0,False
-THoVjtIkeU_2,vision,34,17.0,17.5,False
-THoVjtIkeU_2,vision,35,17.5,18.0,False
-THoVjtIkeU_2,vision,36,18.0,18.5,False
-THoVjtIkeU_2,vision,37,18.5,19.0,False
-THoVjtIkeU_2,vision,38,19.0,19.5,False
-THoVjtIkeU_2,vision,39,19.5,20.0,False
-THoVjtIkeU_2,vision,40,20.0,20.5,False
-THoVjtIkeU_2,vision,41,20.5,21.0,False
-THoVjtIkeU_2,vision,42,21.0,21.5,False
-THoVjtIkeU_2,vision,43,21.5,22.0,False
-THoVjtIkeU_2,vision,44,22.0,22.5,False
-THoVjtIkeU_2,vision,45,22.5,23.0,False
-THoVjtIkeU_2,vision,46,23.0,23.5,False
-THoVjtIkeU_2,vision,47,23.5,24.0,False
-THoVjtIkeU_2,vision,48,24.0,24.5,False
-THoVjtIkeU_2,vision,49,24.5,25.0,False
-THoVjtIkeU_6,audio,0,0.0,0.5,True
-THoVjtIkeU_6,audio,1,0.5,1.0,True
-THoVjtIkeU_6,audio,2,1.0,1.5,True
-THoVjtIkeU_6,audio,3,1.5,2.0,True
-THoVjtIkeU_6,audio,4,2.0,2.5,True
-THoVjtIkeU_6,audio,5,2.5,3.0,True
-THoVjtIkeU_6,audio,6,3.0,3.5,True
-THoVjtIkeU_6,audio,7,3.5,4.0,True
-THoVjtIkeU_6,audio,8,4.0,4.5,True
-THoVjtIkeU_6,audio,9,4.5,5.0,True
-THoVjtIkeU_6,audio,10,5.0,5.5,True
-THoVjtIkeU_6,audio,11,5.5,6.0,True
-THoVjtIkeU_6,audio,12,6.0,6.5,True
-THoVjtIkeU_6,audio,13,6.5,7.0,True
-THoVjtIkeU_6,audio,14,7.0,7.5,True
-THoVjtIkeU_6,audio,15,7.5,8.0,True
-THoVjtIkeU_6,audio,16,8.0,8.5,False
-THoVjtIkeU_6,audio,17,8.5,9.0,False
-THoVjtIkeU_6,audio,18,9.0,9.5,False
-THoVjtIkeU_6,audio,19,9.5,10.0,False
-THoVjtIkeU_6,audio,20,10.0,10.5,False
-THoVjtIkeU_6,audio,21,10.5,11.0,False
-THoVjtIkeU_6,audio,22,11.0,11.5,False
-THoVjtIkeU_6,audio,23,11.5,12.0,False
-THoVjtIkeU_6,audio,24,12.0,12.5,False
-THoVjtIkeU_6,audio,25,12.5,13.0,False
-THoVjtIkeU_6,audio,26,13.0,13.5,False
-THoVjtIkeU_6,audio,27,13.5,14.0,False
-THoVjtIkeU_6,audio,28,14.0,14.5,False
-THoVjtIkeU_6,audio,29,14.5,15.0,False
-THoVjtIkeU_6,audio,30,15.0,15.5,False
-THoVjtIkeU_6,audio,31,15.5,16.0,False
-THoVjtIkeU_6,audio,32,16.0,16.5,False
-THoVjtIkeU_6,audio,33,16.5,17.0,False
-THoVjtIkeU_6,audio,34,17.0,17.5,False
-THoVjtIkeU_6,audio,35,17.5,18.0,False
-THoVjtIkeU_6,audio,36,18.0,18.5,False
-THoVjtIkeU_6,audio,37,18.5,19.0,False
-THoVjtIkeU_6,audio,38,19.0,19.5,False
-THoVjtIkeU_6,audio,39,19.5,20.0,False
-THoVjtIkeU_6,audio,40,20.0,20.5,False
-THoVjtIkeU_6,audio,41,20.5,21.0,False
-THoVjtIkeU_6,audio,42,21.0,21.5,False
-THoVjtIkeU_6,audio,43,21.5,22.0,False
-THoVjtIkeU_6,audio,44,22.0,22.5,False
-THoVjtIkeU_6,audio,45,22.5,23.0,False
-THoVjtIkeU_6,audio,46,23.0,23.5,False
-THoVjtIkeU_6,audio,47,23.5,24.0,False
-THoVjtIkeU_6,audio,48,24.0,24.5,False
-THoVjtIkeU_6,audio,49,24.5,25.0,False
-THoVjtIkeU_6,vision,0,0.0,0.5,True
-THoVjtIkeU_6,vision,1,0.5,1.0,True
-THoVjtIkeU_6,vision,2,1.0,1.5,True
-THoVjtIkeU_6,vision,3,1.5,2.0,True
-THoVjtIkeU_6,vision,4,2.0,2.5,True
-THoVjtIkeU_6,vision,5,2.5,3.0,True
-THoVjtIkeU_6,vision,6,3.0,3.5,True
-THoVjtIkeU_6,vision,7,3.5,4.0,True
-THoVjtIkeU_6,vision,8,4.0,4.5,True
-THoVjtIkeU_6,vision,9,4.5,5.0,True
-THoVjtIkeU_6,vision,10,5.0,5.5,True
-THoVjtIkeU_6,vision,11,5.5,6.0,True
-THoVjtIkeU_6,vision,12,6.0,6.5,True
-THoVjtIkeU_6,vision,13,6.5,7.0,True
-THoVjtIkeU_6,vision,14,7.0,7.5,True
-THoVjtIkeU_6,vision,15,7.5,8.0,True
-THoVjtIkeU_6,vision,16,8.0,8.5,True
-THoVjtIkeU_6,vision,17,8.5,9.0,False
-THoVjtIkeU_6,vision,18,9.0,9.5,False
-THoVjtIkeU_6,vision,19,9.5,10.0,False
-THoVjtIkeU_6,vision,20,10.0,10.5,False
-THoVjtIkeU_6,vision,21,10.5,11.0,False
-THoVjtIkeU_6,vision,22,11.0,11.5,False
-THoVjtIkeU_6,vision,23,11.5,12.0,False
-THoVjtIkeU_6,vision,24,12.0,12.5,False
-THoVjtIkeU_6,vision,25,12.5,13.0,False
-THoVjtIkeU_6,vision,26,13.0,13.5,False
-THoVjtIkeU_6,vision,27,13.5,14.0,False
-THoVjtIkeU_6,vision,28,14.0,14.5,False
-THoVjtIkeU_6,vision,29,14.5,15.0,False
-THoVjtIkeU_6,vision,30,15.0,15.5,False
-THoVjtIkeU_6,vision,31,15.5,16.0,False
-THoVjtIkeU_6,vision,32,16.0,16.5,False
-THoVjtIkeU_6,vision,33,16.5,17.0,False
-THoVjtIkeU_6,vision,34,17.0,17.5,False
-THoVjtIkeU_6,vision,35,17.5,18.0,False
-THoVjtIkeU_6,vision,36,18.0,18.5,False
-THoVjtIkeU_6,vision,37,18.5,19.0,False
-THoVjtIkeU_6,vision,38,19.0,19.5,False
-THoVjtIkeU_6,vision,39,19.5,20.0,False
-THoVjtIkeU_6,vision,40,20.0,20.5,False
-THoVjtIkeU_6,vision,41,20.5,21.0,False
-THoVjtIkeU_6,vision,42,21.0,21.5,False
-THoVjtIkeU_6,vision,43,21.5,22.0,False
-THoVjtIkeU_6,vision,44,22.0,22.5,False
-THoVjtIkeU_6,vision,45,22.5,23.0,False
-THoVjtIkeU_6,vision,46,23.0,23.5,False
-THoVjtIkeU_6,vision,47,23.5,24.0,False
-THoVjtIkeU_6,vision,48,24.0,24.5,False
-THoVjtIkeU_6,vision,49,24.5,25.0,False
-UUCSKoHeMA_0,audio,0,0.0,0.5,True
-UUCSKoHeMA_0,audio,1,0.5,1.0,True
-UUCSKoHeMA_0,audio,2,1.0,1.5,True
-UUCSKoHeMA_0,audio,3,1.5,2.0,True
-UUCSKoHeMA_0,audio,4,2.0,2.5,True
-UUCSKoHeMA_0,audio,5,2.5,3.0,True
-UUCSKoHeMA_0,audio,6,3.0,3.5,True
-UUCSKoHeMA_0,audio,7,3.5,4.0,True
-UUCSKoHeMA_0,audio,8,4.0,4.5,True
-UUCSKoHeMA_0,audio,9,4.5,5.0,True
-UUCSKoHeMA_0,audio,10,5.0,5.5,True
-UUCSKoHeMA_0,audio,11,5.5,6.0,True
-UUCSKoHeMA_0,audio,12,6.0,6.5,True
-UUCSKoHeMA_0,audio,13,6.5,7.0,True
-UUCSKoHeMA_0,audio,14,7.0,7.5,True
-UUCSKoHeMA_0,audio,15,7.5,8.0,True
-UUCSKoHeMA_0,audio,16,8.0,8.5,False
-UUCSKoHeMA_0,audio,17,8.5,9.0,False
-UUCSKoHeMA_0,audio,18,9.0,9.5,False
-UUCSKoHeMA_0,audio,19,9.5,10.0,False
-UUCSKoHeMA_0,audio,20,10.0,10.5,False
-UUCSKoHeMA_0,audio,21,10.5,11.0,False
-UUCSKoHeMA_0,audio,22,11.0,11.5,False
-UUCSKoHeMA_0,audio,23,11.5,12.0,False
-UUCSKoHeMA_0,audio,24,12.0,12.5,False
-UUCSKoHeMA_0,audio,25,12.5,13.0,False
-UUCSKoHeMA_0,audio,26,13.0,13.5,False
-UUCSKoHeMA_0,audio,27,13.5,14.0,False
-UUCSKoHeMA_0,audio,28,14.0,14.5,False
-UUCSKoHeMA_0,audio,29,14.5,15.0,False
-UUCSKoHeMA_0,audio,30,15.0,15.5,False
-UUCSKoHeMA_0,audio,31,15.5,16.0,False
-UUCSKoHeMA_0,audio,32,16.0,16.5,False
-UUCSKoHeMA_0,audio,33,16.5,17.0,False
-UUCSKoHeMA_0,audio,34,17.0,17.5,False
-UUCSKoHeMA_0,audio,35,17.5,18.0,False
-UUCSKoHeMA_0,audio,36,18.0,18.5,False
-UUCSKoHeMA_0,audio,37,18.5,19.0,False
-UUCSKoHeMA_0,audio,38,19.0,19.5,False
-UUCSKoHeMA_0,audio,39,19.5,20.0,False
-UUCSKoHeMA_0,audio,40,20.0,20.5,False
-UUCSKoHeMA_0,audio,41,20.5,21.0,False
-UUCSKoHeMA_0,audio,42,21.0,21.5,False
-UUCSKoHeMA_0,audio,43,21.5,22.0,False
-UUCSKoHeMA_0,audio,44,22.0,22.5,False
-UUCSKoHeMA_0,audio,45,22.5,23.0,False
-UUCSKoHeMA_0,audio,46,23.0,23.5,False
-UUCSKoHeMA_0,audio,47,23.5,24.0,False
-UUCSKoHeMA_0,audio,48,24.0,24.5,False
-UUCSKoHeMA_0,audio,49,24.5,25.0,False
-UUCSKoHeMA_0,vision,0,0.0,0.5,True
-UUCSKoHeMA_0,vision,1,0.5,1.0,True
-UUCSKoHeMA_0,vision,2,1.0,1.5,True
-UUCSKoHeMA_0,vision,3,1.5,2.0,True
-UUCSKoHeMA_0,vision,4,2.0,2.5,True
-UUCSKoHeMA_0,vision,5,2.5,3.0,True
-UUCSKoHeMA_0,vision,6,3.0,3.5,True
-UUCSKoHeMA_0,vision,7,3.5,4.0,True
-UUCSKoHeMA_0,vision,8,4.0,4.5,True
-UUCSKoHeMA_0,vision,9,4.5,5.0,True
-UUCSKoHeMA_0,vision,10,5.0,5.5,True
-UUCSKoHeMA_0,vision,11,5.5,6.0,True
-UUCSKoHeMA_0,vision,12,6.0,6.5,True
-UUCSKoHeMA_0,vision,13,6.5,7.0,True
-UUCSKoHeMA_0,vision,14,7.0,7.5,True
-UUCSKoHeMA_0,vision,15,7.5,8.0,True
-UUCSKoHeMA_0,vision,16,8.0,8.5,False
-UUCSKoHeMA_0,vision,17,8.5,9.0,False
-UUCSKoHeMA_0,vision,18,9.0,9.5,False
-UUCSKoHeMA_0,vision,19,9.5,10.0,False
-UUCSKoHeMA_0,vision,20,10.0,10.5,False
-UUCSKoHeMA_0,vision,21,10.5,11.0,False
-UUCSKoHeMA_0,vision,22,11.0,11.5,False
-UUCSKoHeMA_0,vision,23,11.5,12.0,False
-UUCSKoHeMA_0,vision,24,12.0,12.5,False
-UUCSKoHeMA_0,vision,25,12.5,13.0,False
-UUCSKoHeMA_0,vision,26,13.0,13.5,False
-UUCSKoHeMA_0,vision,27,13.5,14.0,False
-UUCSKoHeMA_0,vision,28,14.0,14.5,False
-UUCSKoHeMA_0,vision,29,14.5,15.0,False
-UUCSKoHeMA_0,vision,30,15.0,15.5,False
-UUCSKoHeMA_0,vision,31,15.5,16.0,False
-UUCSKoHeMA_0,vision,32,16.0,16.5,False
-UUCSKoHeMA_0,vision,33,16.5,17.0,False
-UUCSKoHeMA_0,vision,34,17.0,17.5,False
-UUCSKoHeMA_0,vision,35,17.5,18.0,False
-UUCSKoHeMA_0,vision,36,18.0,18.5,False
-UUCSKoHeMA_0,vision,37,18.5,19.0,False
-UUCSKoHeMA_0,vision,38,19.0,19.5,False
-UUCSKoHeMA_0,vision,39,19.5,20.0,False
-UUCSKoHeMA_0,vision,40,20.0,20.5,False
-UUCSKoHeMA_0,vision,41,20.5,21.0,False
-UUCSKoHeMA_0,vision,42,21.0,21.5,False
-UUCSKoHeMA_0,vision,43,21.5,22.0,False
-UUCSKoHeMA_0,vision,44,22.0,22.5,False
-UUCSKoHeMA_0,vision,45,22.5,23.0,False
-UUCSKoHeMA_0,vision,46,23.0,23.5,False
-UUCSKoHeMA_0,vision,47,23.5,24.0,False
-UUCSKoHeMA_0,vision,48,24.0,24.5,False
-UUCSKoHeMA_0,vision,49,24.5,25.0,False
-UacrmKiTn4_10,audio,0,0.0,0.5,True
-UacrmKiTn4_10,audio,1,0.5,1.0,True
-UacrmKiTn4_10,audio,2,1.0,1.5,True
-UacrmKiTn4_10,audio,3,1.5,2.0,True
-UacrmKiTn4_10,audio,4,2.0,2.5,True
-UacrmKiTn4_10,audio,5,2.5,3.0,True
-UacrmKiTn4_10,audio,6,3.0,3.5,True
-UacrmKiTn4_10,audio,7,3.5,4.0,True
-UacrmKiTn4_10,audio,8,4.0,4.5,True
-UacrmKiTn4_10,audio,9,4.5,5.0,True
-UacrmKiTn4_10,audio,10,5.0,5.5,True
-UacrmKiTn4_10,audio,11,5.5,6.0,True
-UacrmKiTn4_10,audio,12,6.0,6.5,True
-UacrmKiTn4_10,audio,13,6.5,7.0,True
-UacrmKiTn4_10,audio,14,7.0,7.5,True
-UacrmKiTn4_10,audio,15,7.5,8.0,False
-UacrmKiTn4_10,audio,16,8.0,8.5,False
-UacrmKiTn4_10,audio,17,8.5,9.0,False
-UacrmKiTn4_10,audio,18,9.0,9.5,False
-UacrmKiTn4_10,audio,19,9.5,10.0,False
-UacrmKiTn4_10,audio,20,10.0,10.5,False
-UacrmKiTn4_10,audio,21,10.5,11.0,False
-UacrmKiTn4_10,audio,22,11.0,11.5,False
-UacrmKiTn4_10,audio,23,11.5,12.0,False
-UacrmKiTn4_10,audio,24,12.0,12.5,False
-UacrmKiTn4_10,audio,25,12.5,13.0,False
-UacrmKiTn4_10,audio,26,13.0,13.5,False
-UacrmKiTn4_10,audio,27,13.5,14.0,False
-UacrmKiTn4_10,audio,28,14.0,14.5,False
-UacrmKiTn4_10,audio,29,14.5,15.0,False
-UacrmKiTn4_10,audio,30,15.0,15.5,False
-UacrmKiTn4_10,audio,31,15.5,16.0,False
-UacrmKiTn4_10,audio,32,16.0,16.5,False
-UacrmKiTn4_10,audio,33,16.5,17.0,False
-UacrmKiTn4_10,audio,34,17.0,17.5,False
-UacrmKiTn4_10,audio,35,17.5,18.0,False
-UacrmKiTn4_10,audio,36,18.0,18.5,False
-UacrmKiTn4_10,audio,37,18.5,19.0,False
-UacrmKiTn4_10,audio,38,19.0,19.5,False
-UacrmKiTn4_10,audio,39,19.5,20.0,False
-UacrmKiTn4_10,audio,40,20.0,20.5,False
-UacrmKiTn4_10,audio,41,20.5,21.0,False
-UacrmKiTn4_10,audio,42,21.0,21.5,False
-UacrmKiTn4_10,audio,43,21.5,22.0,False
-UacrmKiTn4_10,audio,44,22.0,22.5,False
-UacrmKiTn4_10,audio,45,22.5,23.0,False
-UacrmKiTn4_10,audio,46,23.0,23.5,False
-UacrmKiTn4_10,audio,47,23.5,24.0,False
-UacrmKiTn4_10,audio,48,24.0,24.5,False
-UacrmKiTn4_10,audio,49,24.5,25.0,False
-UacrmKiTn4_10,vision,0,0.0,0.5,True
-UacrmKiTn4_10,vision,1,0.5,1.0,True
-UacrmKiTn4_10,vision,2,1.0,1.5,True
-UacrmKiTn4_10,vision,3,1.5,2.0,True
-UacrmKiTn4_10,vision,4,2.0,2.5,True
-UacrmKiTn4_10,vision,5,2.5,3.0,True
-UacrmKiTn4_10,vision,6,3.0,3.5,True
-UacrmKiTn4_10,vision,7,3.5,4.0,True
-UacrmKiTn4_10,vision,8,4.0,4.5,True
-UacrmKiTn4_10,vision,9,4.5,5.0,True
-UacrmKiTn4_10,vision,10,5.0,5.5,True
-UacrmKiTn4_10,vision,11,5.5,6.0,True
-UacrmKiTn4_10,vision,12,6.0,6.5,True
-UacrmKiTn4_10,vision,13,6.5,7.0,True
-UacrmKiTn4_10,vision,14,7.0,7.5,True
-UacrmKiTn4_10,vision,15,7.5,8.0,False
-UacrmKiTn4_10,vision,16,8.0,8.5,False
-UacrmKiTn4_10,vision,17,8.5,9.0,False
-UacrmKiTn4_10,vision,18,9.0,9.5,False
-UacrmKiTn4_10,vision,19,9.5,10.0,False
-UacrmKiTn4_10,vision,20,10.0,10.5,False
-UacrmKiTn4_10,vision,21,10.5,11.0,False
-UacrmKiTn4_10,vision,22,11.0,11.5,False
-UacrmKiTn4_10,vision,23,11.5,12.0,False
-UacrmKiTn4_10,vision,24,12.0,12.5,False
-UacrmKiTn4_10,vision,25,12.5,13.0,False
-UacrmKiTn4_10,vision,26,13.0,13.5,False
-UacrmKiTn4_10,vision,27,13.5,14.0,False
-UacrmKiTn4_10,vision,28,14.0,14.5,False
-UacrmKiTn4_10,vision,29,14.5,15.0,False
-UacrmKiTn4_10,vision,30,15.0,15.5,False
-UacrmKiTn4_10,vision,31,15.5,16.0,False
-UacrmKiTn4_10,vision,32,16.0,16.5,False
-UacrmKiTn4_10,vision,33,16.5,17.0,False
-UacrmKiTn4_10,vision,34,17.0,17.5,False
-UacrmKiTn4_10,vision,35,17.5,18.0,False
-UacrmKiTn4_10,vision,36,18.0,18.5,False
-UacrmKiTn4_10,vision,37,18.5,19.0,False
-UacrmKiTn4_10,vision,38,19.0,19.5,False
-UacrmKiTn4_10,vision,39,19.5,20.0,False
-UacrmKiTn4_10,vision,40,20.0,20.5,False
-UacrmKiTn4_10,vision,41,20.5,21.0,False
-UacrmKiTn4_10,vision,42,21.0,21.5,False
-UacrmKiTn4_10,vision,43,21.5,22.0,False
-UacrmKiTn4_10,vision,44,22.0,22.5,False
-UacrmKiTn4_10,vision,45,22.5,23.0,False
-UacrmKiTn4_10,vision,46,23.0,23.5,False
-UacrmKiTn4_10,vision,47,23.5,24.0,False
-UacrmKiTn4_10,vision,48,24.0,24.5,False
-UacrmKiTn4_10,vision,49,24.5,25.0,False
-UacrmKiTn4_4,audio,0,0.0,0.5,True
-UacrmKiTn4_4,audio,1,0.5,1.0,True
-UacrmKiTn4_4,audio,2,1.0,1.5,True
-UacrmKiTn4_4,audio,3,1.5,2.0,True
-UacrmKiTn4_4,audio,4,2.0,2.5,True
-UacrmKiTn4_4,audio,5,2.5,3.0,True
-UacrmKiTn4_4,audio,6,3.0,3.5,True
-UacrmKiTn4_4,audio,7,3.5,4.0,True
-UacrmKiTn4_4,audio,8,4.0,4.5,True
-UacrmKiTn4_4,audio,9,4.5,5.0,True
-UacrmKiTn4_4,audio,10,5.0,5.5,False
-UacrmKiTn4_4,audio,11,5.5,6.0,False
-UacrmKiTn4_4,audio,12,6.0,6.5,False
-UacrmKiTn4_4,audio,13,6.5,7.0,False
-UacrmKiTn4_4,audio,14,7.0,7.5,False
-UacrmKiTn4_4,audio,15,7.5,8.0,False
-UacrmKiTn4_4,audio,16,8.0,8.5,False
-UacrmKiTn4_4,audio,17,8.5,9.0,False
-UacrmKiTn4_4,audio,18,9.0,9.5,False
-UacrmKiTn4_4,audio,19,9.5,10.0,False
-UacrmKiTn4_4,audio,20,10.0,10.5,False
-UacrmKiTn4_4,audio,21,10.5,11.0,False
-UacrmKiTn4_4,audio,22,11.0,11.5,False
-UacrmKiTn4_4,audio,23,11.5,12.0,False
-UacrmKiTn4_4,audio,24,12.0,12.5,False
-UacrmKiTn4_4,audio,25,12.5,13.0,False
-UacrmKiTn4_4,audio,26,13.0,13.5,False
-UacrmKiTn4_4,audio,27,13.5,14.0,False
-UacrmKiTn4_4,audio,28,14.0,14.5,False
-UacrmKiTn4_4,audio,29,14.5,15.0,False
-UacrmKiTn4_4,audio,30,15.0,15.5,False
-UacrmKiTn4_4,audio,31,15.5,16.0,False
-UacrmKiTn4_4,audio,32,16.0,16.5,False
-UacrmKiTn4_4,audio,33,16.5,17.0,False
-UacrmKiTn4_4,audio,34,17.0,17.5,False
-UacrmKiTn4_4,audio,35,17.5,18.0,False
-UacrmKiTn4_4,audio,36,18.0,18.5,False
-UacrmKiTn4_4,audio,37,18.5,19.0,False
-UacrmKiTn4_4,audio,38,19.0,19.5,False
-UacrmKiTn4_4,audio,39,19.5,20.0,False
-UacrmKiTn4_4,audio,40,20.0,20.5,False
-UacrmKiTn4_4,audio,41,20.5,21.0,False
-UacrmKiTn4_4,audio,42,21.0,21.5,False
-UacrmKiTn4_4,audio,43,21.5,22.0,False
-UacrmKiTn4_4,audio,44,22.0,22.5,False
-UacrmKiTn4_4,audio,45,22.5,23.0,False
-UacrmKiTn4_4,audio,46,23.0,23.5,False
-UacrmKiTn4_4,audio,47,23.5,24.0,False
-UacrmKiTn4_4,audio,48,24.0,24.5,False
-UacrmKiTn4_4,audio,49,24.5,25.0,False
-UacrmKiTn4_4,vision,0,0.0,0.5,True
-UacrmKiTn4_4,vision,1,0.5,1.0,True
-UacrmKiTn4_4,vision,2,1.0,1.5,True
-UacrmKiTn4_4,vision,3,1.5,2.0,True
-UacrmKiTn4_4,vision,4,2.0,2.5,True
-UacrmKiTn4_4,vision,5,2.5,3.0,True
-UacrmKiTn4_4,vision,6,3.0,3.5,True
-UacrmKiTn4_4,vision,7,3.5,4.0,True
-UacrmKiTn4_4,vision,8,4.0,4.5,True
-UacrmKiTn4_4,vision,9,4.5,5.0,True
-UacrmKiTn4_4,vision,10,5.0,5.5,False
-UacrmKiTn4_4,vision,11,5.5,6.0,False
-UacrmKiTn4_4,vision,12,6.0,6.5,False
-UacrmKiTn4_4,vision,13,6.5,7.0,False
-UacrmKiTn4_4,vision,14,7.0,7.5,False
-UacrmKiTn4_4,vision,15,7.5,8.0,False
-UacrmKiTn4_4,vision,16,8.0,8.5,False
-UacrmKiTn4_4,vision,17,8.5,9.0,False
-UacrmKiTn4_4,vision,18,9.0,9.5,False
-UacrmKiTn4_4,vision,19,9.5,10.0,False
-UacrmKiTn4_4,vision,20,10.0,10.5,False
-UacrmKiTn4_4,vision,21,10.5,11.0,False
-UacrmKiTn4_4,vision,22,11.0,11.5,False
-UacrmKiTn4_4,vision,23,11.5,12.0,False
-UacrmKiTn4_4,vision,24,12.0,12.5,False
-UacrmKiTn4_4,vision,25,12.5,13.0,False
-UacrmKiTn4_4,vision,26,13.0,13.5,False
-UacrmKiTn4_4,vision,27,13.5,14.0,False
-UacrmKiTn4_4,vision,28,14.0,14.5,False
-UacrmKiTn4_4,vision,29,14.5,15.0,False
-UacrmKiTn4_4,vision,30,15.0,15.5,False
-UacrmKiTn4_4,vision,31,15.5,16.0,False
-UacrmKiTn4_4,vision,32,16.0,16.5,False
-UacrmKiTn4_4,vision,33,16.5,17.0,False
-UacrmKiTn4_4,vision,34,17.0,17.5,False
-UacrmKiTn4_4,vision,35,17.5,18.0,False
-UacrmKiTn4_4,vision,36,18.0,18.5,False
-UacrmKiTn4_4,vision,37,18.5,19.0,False
-UacrmKiTn4_4,vision,38,19.0,19.5,False
-UacrmKiTn4_4,vision,39,19.5,20.0,False
-UacrmKiTn4_4,vision,40,20.0,20.5,False
-UacrmKiTn4_4,vision,41,20.5,21.0,False
-UacrmKiTn4_4,vision,42,21.0,21.5,False
-UacrmKiTn4_4,vision,43,21.5,22.0,False
-UacrmKiTn4_4,vision,44,22.0,22.5,False
-UacrmKiTn4_4,vision,45,22.5,23.0,False
-UacrmKiTn4_4,vision,46,23.0,23.5,False
-UacrmKiTn4_4,vision,47,23.5,24.0,False
-UacrmKiTn4_4,vision,48,24.0,24.5,False
-UacrmKiTn4_4,vision,49,24.5,25.0,False
-UuX1xuaiiE_0,audio,0,0.0,0.5,True
-UuX1xuaiiE_0,audio,1,0.5,1.0,True
-UuX1xuaiiE_0,audio,2,1.0,1.5,True
-UuX1xuaiiE_0,audio,3,1.5,2.0,True
-UuX1xuaiiE_0,audio,4,2.0,2.5,True
-UuX1xuaiiE_0,audio,5,2.5,3.0,True
-UuX1xuaiiE_0,audio,6,3.0,3.5,True
-UuX1xuaiiE_0,audio,7,3.5,4.0,True
-UuX1xuaiiE_0,audio,8,4.0,4.5,False
-UuX1xuaiiE_0,audio,9,4.5,5.0,False
-UuX1xuaiiE_0,audio,10,5.0,5.5,False
-UuX1xuaiiE_0,audio,11,5.5,6.0,False
-UuX1xuaiiE_0,audio,12,6.0,6.5,False
-UuX1xuaiiE_0,audio,13,6.5,7.0,False
-UuX1xuaiiE_0,audio,14,7.0,7.5,False
-UuX1xuaiiE_0,audio,15,7.5,8.0,False
-UuX1xuaiiE_0,audio,16,8.0,8.5,False
-UuX1xuaiiE_0,audio,17,8.5,9.0,False
-UuX1xuaiiE_0,audio,18,9.0,9.5,False
-UuX1xuaiiE_0,audio,19,9.5,10.0,False
-UuX1xuaiiE_0,audio,20,10.0,10.5,False
-UuX1xuaiiE_0,audio,21,10.5,11.0,False
-UuX1xuaiiE_0,audio,22,11.0,11.5,False
-UuX1xuaiiE_0,audio,23,11.5,12.0,False
-UuX1xuaiiE_0,audio,24,12.0,12.5,False
-UuX1xuaiiE_0,audio,25,12.5,13.0,False
-UuX1xuaiiE_0,audio,26,13.0,13.5,False
-UuX1xuaiiE_0,audio,27,13.5,14.0,False
-UuX1xuaiiE_0,audio,28,14.0,14.5,False
-UuX1xuaiiE_0,audio,29,14.5,15.0,False
-UuX1xuaiiE_0,audio,30,15.0,15.5,False
-UuX1xuaiiE_0,audio,31,15.5,16.0,False
-UuX1xuaiiE_0,audio,32,16.0,16.5,False
-UuX1xuaiiE_0,audio,33,16.5,17.0,False
-UuX1xuaiiE_0,audio,34,17.0,17.5,False
-UuX1xuaiiE_0,audio,35,17.5,18.0,False
-UuX1xuaiiE_0,audio,36,18.0,18.5,False
-UuX1xuaiiE_0,audio,37,18.5,19.0,False
-UuX1xuaiiE_0,audio,38,19.0,19.5,False
-UuX1xuaiiE_0,audio,39,19.5,20.0,False
-UuX1xuaiiE_0,audio,40,20.0,20.5,False
-UuX1xuaiiE_0,audio,41,20.5,21.0,False
-UuX1xuaiiE_0,audio,42,21.0,21.5,False
-UuX1xuaiiE_0,audio,43,21.5,22.0,False
-UuX1xuaiiE_0,audio,44,22.0,22.5,False
-UuX1xuaiiE_0,audio,45,22.5,23.0,False
-UuX1xuaiiE_0,audio,46,23.0,23.5,False
-UuX1xuaiiE_0,audio,47,23.5,24.0,False
-UuX1xuaiiE_0,audio,48,24.0,24.5,False
-UuX1xuaiiE_0,audio,49,24.5,25.0,False
-UuX1xuaiiE_0,vision,0,0.0,0.5,True
-UuX1xuaiiE_0,vision,1,0.5,1.0,True
-UuX1xuaiiE_0,vision,2,1.0,1.5,True
-UuX1xuaiiE_0,vision,3,1.5,2.0,True
-UuX1xuaiiE_0,vision,4,2.0,2.5,True
-UuX1xuaiiE_0,vision,5,2.5,3.0,True
-UuX1xuaiiE_0,vision,6,3.0,3.5,True
-UuX1xuaiiE_0,vision,7,3.5,4.0,True
-UuX1xuaiiE_0,vision,8,4.0,4.5,False
-UuX1xuaiiE_0,vision,9,4.5,5.0,False
-UuX1xuaiiE_0,vision,10,5.0,5.5,False
-UuX1xuaiiE_0,vision,11,5.5,6.0,False
-UuX1xuaiiE_0,vision,12,6.0,6.5,False
-UuX1xuaiiE_0,vision,13,6.5,7.0,False
-UuX1xuaiiE_0,vision,14,7.0,7.5,False
-UuX1xuaiiE_0,vision,15,7.5,8.0,False
-UuX1xuaiiE_0,vision,16,8.0,8.5,False
-UuX1xuaiiE_0,vision,17,8.5,9.0,False
-UuX1xuaiiE_0,vision,18,9.0,9.5,False
-UuX1xuaiiE_0,vision,19,9.5,10.0,False
-UuX1xuaiiE_0,vision,20,10.0,10.5,False
-UuX1xuaiiE_0,vision,21,10.5,11.0,False
-UuX1xuaiiE_0,vision,22,11.0,11.5,False
-UuX1xuaiiE_0,vision,23,11.5,12.0,False
-UuX1xuaiiE_0,vision,24,12.0,12.5,False
-UuX1xuaiiE_0,vision,25,12.5,13.0,False
-UuX1xuaiiE_0,vision,26,13.0,13.5,False
-UuX1xuaiiE_0,vision,27,13.5,14.0,False
-UuX1xuaiiE_0,vision,28,14.0,14.5,False
-UuX1xuaiiE_0,vision,29,14.5,15.0,False
-UuX1xuaiiE_0,vision,30,15.0,15.5,False
-UuX1xuaiiE_0,vision,31,15.5,16.0,False
-UuX1xuaiiE_0,vision,32,16.0,16.5,False
-UuX1xuaiiE_0,vision,33,16.5,17.0,False
-UuX1xuaiiE_0,vision,34,17.0,17.5,False
-UuX1xuaiiE_0,vision,35,17.5,18.0,False
-UuX1xuaiiE_0,vision,36,18.0,18.5,False
-UuX1xuaiiE_0,vision,37,18.5,19.0,False
-UuX1xuaiiE_0,vision,38,19.0,19.5,False
-UuX1xuaiiE_0,vision,39,19.5,20.0,False
-UuX1xuaiiE_0,vision,40,20.0,20.5,False
-UuX1xuaiiE_0,vision,41,20.5,21.0,False
-UuX1xuaiiE_0,vision,42,21.0,21.5,False
-UuX1xuaiiE_0,vision,43,21.5,22.0,False
-UuX1xuaiiE_0,vision,44,22.0,22.5,False
-UuX1xuaiiE_0,vision,45,22.5,23.0,False
-UuX1xuaiiE_0,vision,46,23.0,23.5,False
-UuX1xuaiiE_0,vision,47,23.5,24.0,False
-UuX1xuaiiE_0,vision,48,24.0,24.5,False
-UuX1xuaiiE_0,vision,49,24.5,25.0,False
-UuX1xuaiiE_1,audio,0,0.0,0.5,True
-UuX1xuaiiE_1,audio,1,0.5,1.0,True
-UuX1xuaiiE_1,audio,2,1.0,1.5,True
-UuX1xuaiiE_1,audio,3,1.5,2.0,True
-UuX1xuaiiE_1,audio,4,2.0,2.5,True
-UuX1xuaiiE_1,audio,5,2.5,3.0,True
-UuX1xuaiiE_1,audio,6,3.0,3.5,True
-UuX1xuaiiE_1,audio,7,3.5,4.0,True
-UuX1xuaiiE_1,audio,8,4.0,4.5,True
-UuX1xuaiiE_1,audio,9,4.5,5.0,True
-UuX1xuaiiE_1,audio,10,5.0,5.5,True
-UuX1xuaiiE_1,audio,11,5.5,6.0,True
-UuX1xuaiiE_1,audio,12,6.0,6.5,True
-UuX1xuaiiE_1,audio,13,6.5,7.0,True
-UuX1xuaiiE_1,audio,14,7.0,7.5,True
-UuX1xuaiiE_1,audio,15,7.5,8.0,True
-UuX1xuaiiE_1,audio,16,8.0,8.5,True
-UuX1xuaiiE_1,audio,17,8.5,9.0,True
-UuX1xuaiiE_1,audio,18,9.0,9.5,True
-UuX1xuaiiE_1,audio,19,9.5,10.0,True
-UuX1xuaiiE_1,audio,20,10.0,10.5,True
-UuX1xuaiiE_1,audio,21,10.5,11.0,False
-UuX1xuaiiE_1,audio,22,11.0,11.5,False
-UuX1xuaiiE_1,audio,23,11.5,12.0,False
-UuX1xuaiiE_1,audio,24,12.0,12.5,False
-UuX1xuaiiE_1,audio,25,12.5,13.0,False
-UuX1xuaiiE_1,audio,26,13.0,13.5,False
-UuX1xuaiiE_1,audio,27,13.5,14.0,False
-UuX1xuaiiE_1,audio,28,14.0,14.5,False
-UuX1xuaiiE_1,audio,29,14.5,15.0,False
-UuX1xuaiiE_1,audio,30,15.0,15.5,False
-UuX1xuaiiE_1,audio,31,15.5,16.0,False
-UuX1xuaiiE_1,audio,32,16.0,16.5,False
-UuX1xuaiiE_1,audio,33,16.5,17.0,False
-UuX1xuaiiE_1,audio,34,17.0,17.5,False
-UuX1xuaiiE_1,audio,35,17.5,18.0,False
-UuX1xuaiiE_1,audio,36,18.0,18.5,False
-UuX1xuaiiE_1,audio,37,18.5,19.0,False
-UuX1xuaiiE_1,audio,38,19.0,19.5,False
-UuX1xuaiiE_1,audio,39,19.5,20.0,False
-UuX1xuaiiE_1,audio,40,20.0,20.5,False
-UuX1xuaiiE_1,audio,41,20.5,21.0,False
-UuX1xuaiiE_1,audio,42,21.0,21.5,False
-UuX1xuaiiE_1,audio,43,21.5,22.0,False
-UuX1xuaiiE_1,audio,44,22.0,22.5,False
-UuX1xuaiiE_1,audio,45,22.5,23.0,False
-UuX1xuaiiE_1,audio,46,23.0,23.5,False
-UuX1xuaiiE_1,audio,47,23.5,24.0,False
-UuX1xuaiiE_1,audio,48,24.0,24.5,False
-UuX1xuaiiE_1,audio,49,24.5,25.0,False
-UuX1xuaiiE_1,vision,0,0.0,0.5,True
-UuX1xuaiiE_1,vision,1,0.5,1.0,True
-UuX1xuaiiE_1,vision,2,1.0,1.5,True
-UuX1xuaiiE_1,vision,3,1.5,2.0,True
-UuX1xuaiiE_1,vision,4,2.0,2.5,True
-UuX1xuaiiE_1,vision,5,2.5,3.0,True
-UuX1xuaiiE_1,vision,6,3.0,3.5,True
-UuX1xuaiiE_1,vision,7,3.5,4.0,True
-UuX1xuaiiE_1,vision,8,4.0,4.5,True
-UuX1xuaiiE_1,vision,9,4.5,5.0,True
-UuX1xuaiiE_1,vision,10,5.0,5.5,True
-UuX1xuaiiE_1,vision,11,5.5,6.0,True
-UuX1xuaiiE_1,vision,12,6.0,6.5,True
-UuX1xuaiiE_1,vision,13,6.5,7.0,True
-UuX1xuaiiE_1,vision,14,7.0,7.5,True
-UuX1xuaiiE_1,vision,15,7.5,8.0,True
-UuX1xuaiiE_1,vision,16,8.0,8.5,True
-UuX1xuaiiE_1,vision,17,8.5,9.0,True
-UuX1xuaiiE_1,vision,18,9.0,9.5,True
-UuX1xuaiiE_1,vision,19,9.5,10.0,True
-UuX1xuaiiE_1,vision,20,10.0,10.5,True
-UuX1xuaiiE_1,vision,21,10.5,11.0,False
-UuX1xuaiiE_1,vision,22,11.0,11.5,False
-UuX1xuaiiE_1,vision,23,11.5,12.0,False
-UuX1xuaiiE_1,vision,24,12.0,12.5,False
-UuX1xuaiiE_1,vision,25,12.5,13.0,False
-UuX1xuaiiE_1,vision,26,13.0,13.5,False
-UuX1xuaiiE_1,vision,27,13.5,14.0,False
-UuX1xuaiiE_1,vision,28,14.0,14.5,False
-UuX1xuaiiE_1,vision,29,14.5,15.0,False
-UuX1xuaiiE_1,vision,30,15.0,15.5,False
-UuX1xuaiiE_1,vision,31,15.5,16.0,False
-UuX1xuaiiE_1,vision,32,16.0,16.5,False
-UuX1xuaiiE_1,vision,33,16.5,17.0,False
-UuX1xuaiiE_1,vision,34,17.0,17.5,False
-UuX1xuaiiE_1,vision,35,17.5,18.0,False
-UuX1xuaiiE_1,vision,36,18.0,18.5,False
-UuX1xuaiiE_1,vision,37,18.5,19.0,False
-UuX1xuaiiE_1,vision,38,19.0,19.5,False
-UuX1xuaiiE_1,vision,39,19.5,20.0,False
-UuX1xuaiiE_1,vision,40,20.0,20.5,False
-UuX1xuaiiE_1,vision,41,20.5,21.0,False
-UuX1xuaiiE_1,vision,42,21.0,21.5,False
-UuX1xuaiiE_1,vision,43,21.5,22.0,False
-UuX1xuaiiE_1,vision,44,22.0,22.5,False
-UuX1xuaiiE_1,vision,45,22.5,23.0,False
-UuX1xuaiiE_1,vision,46,23.0,23.5,False
-UuX1xuaiiE_1,vision,47,23.5,24.0,False
-UuX1xuaiiE_1,vision,48,24.0,24.5,False
-UuX1xuaiiE_1,vision,49,24.5,25.0,False
-UuX1xuaiiE_3,audio,0,0.0,0.5,True
-UuX1xuaiiE_3,audio,1,0.5,1.0,True
-UuX1xuaiiE_3,audio,2,1.0,1.5,True
-UuX1xuaiiE_3,audio,3,1.5,2.0,True
-UuX1xuaiiE_3,audio,4,2.0,2.5,True
-UuX1xuaiiE_3,audio,5,2.5,3.0,True
-UuX1xuaiiE_3,audio,6,3.0,3.5,True
-UuX1xuaiiE_3,audio,7,3.5,4.0,True
-UuX1xuaiiE_3,audio,8,4.0,4.5,False
-UuX1xuaiiE_3,audio,9,4.5,5.0,False
-UuX1xuaiiE_3,audio,10,5.0,5.5,False
-UuX1xuaiiE_3,audio,11,5.5,6.0,False
-UuX1xuaiiE_3,audio,12,6.0,6.5,False
-UuX1xuaiiE_3,audio,13,6.5,7.0,False
-UuX1xuaiiE_3,audio,14,7.0,7.5,False
-UuX1xuaiiE_3,audio,15,7.5,8.0,False
-UuX1xuaiiE_3,audio,16,8.0,8.5,False
-UuX1xuaiiE_3,audio,17,8.5,9.0,False
-UuX1xuaiiE_3,audio,18,9.0,9.5,False
-UuX1xuaiiE_3,audio,19,9.5,10.0,False
-UuX1xuaiiE_3,audio,20,10.0,10.5,False
-UuX1xuaiiE_3,audio,21,10.5,11.0,False
-UuX1xuaiiE_3,audio,22,11.0,11.5,False
-UuX1xuaiiE_3,audio,23,11.5,12.0,False
-UuX1xuaiiE_3,audio,24,12.0,12.5,False
-UuX1xuaiiE_3,audio,25,12.5,13.0,False
-UuX1xuaiiE_3,audio,26,13.0,13.5,False
-UuX1xuaiiE_3,audio,27,13.5,14.0,False
-UuX1xuaiiE_3,audio,28,14.0,14.5,False
-UuX1xuaiiE_3,audio,29,14.5,15.0,False
-UuX1xuaiiE_3,audio,30,15.0,15.5,False
-UuX1xuaiiE_3,audio,31,15.5,16.0,False
-UuX1xuaiiE_3,audio,32,16.0,16.5,False
-UuX1xuaiiE_3,audio,33,16.5,17.0,False
-UuX1xuaiiE_3,audio,34,17.0,17.5,False
-UuX1xuaiiE_3,audio,35,17.5,18.0,False
-UuX1xuaiiE_3,audio,36,18.0,18.5,False
-UuX1xuaiiE_3,audio,37,18.5,19.0,False
-UuX1xuaiiE_3,audio,38,19.0,19.5,False
-UuX1xuaiiE_3,audio,39,19.5,20.0,False
-UuX1xuaiiE_3,audio,40,20.0,20.5,False
-UuX1xuaiiE_3,audio,41,20.5,21.0,False
-UuX1xuaiiE_3,audio,42,21.0,21.5,False
-UuX1xuaiiE_3,audio,43,21.5,22.0,False
-UuX1xuaiiE_3,audio,44,22.0,22.5,False
-UuX1xuaiiE_3,audio,45,22.5,23.0,False
-UuX1xuaiiE_3,audio,46,23.0,23.5,False
-UuX1xuaiiE_3,audio,47,23.5,24.0,False
-UuX1xuaiiE_3,audio,48,24.0,24.5,False
-UuX1xuaiiE_3,audio,49,24.5,25.0,False
-UuX1xuaiiE_3,vision,0,0.0,0.5,True
-UuX1xuaiiE_3,vision,1,0.5,1.0,True
-UuX1xuaiiE_3,vision,2,1.0,1.5,True
-UuX1xuaiiE_3,vision,3,1.5,2.0,True
-UuX1xuaiiE_3,vision,4,2.0,2.5,True
-UuX1xuaiiE_3,vision,5,2.5,3.0,True
-UuX1xuaiiE_3,vision,6,3.0,3.5,True
-UuX1xuaiiE_3,vision,7,3.5,4.0,True
-UuX1xuaiiE_3,vision,8,4.0,4.5,True
-UuX1xuaiiE_3,vision,9,4.5,5.0,False
-UuX1xuaiiE_3,vision,10,5.0,5.5,False
-UuX1xuaiiE_3,vision,11,5.5,6.0,False
-UuX1xuaiiE_3,vision,12,6.0,6.5,False
-UuX1xuaiiE_3,vision,13,6.5,7.0,False
-UuX1xuaiiE_3,vision,14,7.0,7.5,False
-UuX1xuaiiE_3,vision,15,7.5,8.0,False
-UuX1xuaiiE_3,vision,16,8.0,8.5,False
-UuX1xuaiiE_3,vision,17,8.5,9.0,False
-UuX1xuaiiE_3,vision,18,9.0,9.5,False
-UuX1xuaiiE_3,vision,19,9.5,10.0,False
-UuX1xuaiiE_3,vision,20,10.0,10.5,False
-UuX1xuaiiE_3,vision,21,10.5,11.0,False
-UuX1xuaiiE_3,vision,22,11.0,11.5,False
-UuX1xuaiiE_3,vision,23,11.5,12.0,False
-UuX1xuaiiE_3,vision,24,12.0,12.5,False
-UuX1xuaiiE_3,vision,25,12.5,13.0,False
-UuX1xuaiiE_3,vision,26,13.0,13.5,False
-UuX1xuaiiE_3,vision,27,13.5,14.0,False
-UuX1xuaiiE_3,vision,28,14.0,14.5,False
-UuX1xuaiiE_3,vision,29,14.5,15.0,False
-UuX1xuaiiE_3,vision,30,15.0,15.5,False
-UuX1xuaiiE_3,vision,31,15.5,16.0,False
-UuX1xuaiiE_3,vision,32,16.0,16.5,False
-UuX1xuaiiE_3,vision,33,16.5,17.0,False
-UuX1xuaiiE_3,vision,34,17.0,17.5,False
-UuX1xuaiiE_3,vision,35,17.5,18.0,False
-UuX1xuaiiE_3,vision,36,18.0,18.5,False
-UuX1xuaiiE_3,vision,37,18.5,19.0,False
-UuX1xuaiiE_3,vision,38,19.0,19.5,False
-UuX1xuaiiE_3,vision,39,19.5,20.0,False
-UuX1xuaiiE_3,vision,40,20.0,20.5,False
-UuX1xuaiiE_3,vision,41,20.5,21.0,False
-UuX1xuaiiE_3,vision,42,21.0,21.5,False
-UuX1xuaiiE_3,vision,43,21.5,22.0,False
-UuX1xuaiiE_3,vision,44,22.0,22.5,False
-UuX1xuaiiE_3,vision,45,22.5,23.0,False
-UuX1xuaiiE_3,vision,46,23.0,23.5,False
-UuX1xuaiiE_3,vision,47,23.5,24.0,False
-UuX1xuaiiE_3,vision,48,24.0,24.5,False
-UuX1xuaiiE_3,vision,49,24.5,25.0,False
-UuX1xuaiiE_6,audio,0,0.0,0.5,True
-UuX1xuaiiE_6,audio,1,0.5,1.0,True
-UuX1xuaiiE_6,audio,2,1.0,1.5,True
-UuX1xuaiiE_6,audio,3,1.5,2.0,True
-UuX1xuaiiE_6,audio,4,2.0,2.5,True
-UuX1xuaiiE_6,audio,5,2.5,3.0,True
-UuX1xuaiiE_6,audio,6,3.0,3.5,True
-UuX1xuaiiE_6,audio,7,3.5,4.0,True
-UuX1xuaiiE_6,audio,8,4.0,4.5,True
-UuX1xuaiiE_6,audio,9,4.5,5.0,True
-UuX1xuaiiE_6,audio,10,5.0,5.5,True
-UuX1xuaiiE_6,audio,11,5.5,6.0,True
-UuX1xuaiiE_6,audio,12,6.0,6.5,True
-UuX1xuaiiE_6,audio,13,6.5,7.0,True
-UuX1xuaiiE_6,audio,14,7.0,7.5,True
-UuX1xuaiiE_6,audio,15,7.5,8.0,True
-UuX1xuaiiE_6,audio,16,8.0,8.5,False
-UuX1xuaiiE_6,audio,17,8.5,9.0,False
-UuX1xuaiiE_6,audio,18,9.0,9.5,False
-UuX1xuaiiE_6,audio,19,9.5,10.0,False
-UuX1xuaiiE_6,audio,20,10.0,10.5,False
-UuX1xuaiiE_6,audio,21,10.5,11.0,False
-UuX1xuaiiE_6,audio,22,11.0,11.5,False
-UuX1xuaiiE_6,audio,23,11.5,12.0,False
-UuX1xuaiiE_6,audio,24,12.0,12.5,False
-UuX1xuaiiE_6,audio,25,12.5,13.0,False
-UuX1xuaiiE_6,audio,26,13.0,13.5,False
-UuX1xuaiiE_6,audio,27,13.5,14.0,False
-UuX1xuaiiE_6,audio,28,14.0,14.5,False
-UuX1xuaiiE_6,audio,29,14.5,15.0,False
-UuX1xuaiiE_6,audio,30,15.0,15.5,False
-UuX1xuaiiE_6,audio,31,15.5,16.0,False
-UuX1xuaiiE_6,audio,32,16.0,16.5,False
-UuX1xuaiiE_6,audio,33,16.5,17.0,False
-UuX1xuaiiE_6,audio,34,17.0,17.5,False
-UuX1xuaiiE_6,audio,35,17.5,18.0,False
-UuX1xuaiiE_6,audio,36,18.0,18.5,False
-UuX1xuaiiE_6,audio,37,18.5,19.0,False
-UuX1xuaiiE_6,audio,38,19.0,19.5,False
-UuX1xuaiiE_6,audio,39,19.5,20.0,False
-UuX1xuaiiE_6,audio,40,20.0,20.5,False
-UuX1xuaiiE_6,audio,41,20.5,21.0,False
-UuX1xuaiiE_6,audio,42,21.0,21.5,False
-UuX1xuaiiE_6,audio,43,21.5,22.0,False
-UuX1xuaiiE_6,audio,44,22.0,22.5,False
-UuX1xuaiiE_6,audio,45,22.5,23.0,False
-UuX1xuaiiE_6,audio,46,23.0,23.5,False
-UuX1xuaiiE_6,audio,47,23.5,24.0,False
-UuX1xuaiiE_6,audio,48,24.0,24.5,False
-UuX1xuaiiE_6,audio,49,24.5,25.0,False
-UuX1xuaiiE_6,vision,0,0.0,0.5,True
-UuX1xuaiiE_6,vision,1,0.5,1.0,True
-UuX1xuaiiE_6,vision,2,1.0,1.5,True
-UuX1xuaiiE_6,vision,3,1.5,2.0,True
-UuX1xuaiiE_6,vision,4,2.0,2.5,True
-UuX1xuaiiE_6,vision,5,2.5,3.0,True
-UuX1xuaiiE_6,vision,6,3.0,3.5,True
-UuX1xuaiiE_6,vision,7,3.5,4.0,True
-UuX1xuaiiE_6,vision,8,4.0,4.5,True
-UuX1xuaiiE_6,vision,9,4.5,5.0,True
-UuX1xuaiiE_6,vision,10,5.0,5.5,True
-UuX1xuaiiE_6,vision,11,5.5,6.0,True
-UuX1xuaiiE_6,vision,12,6.0,6.5,True
-UuX1xuaiiE_6,vision,13,6.5,7.0,True
-UuX1xuaiiE_6,vision,14,7.0,7.5,True
-UuX1xuaiiE_6,vision,15,7.5,8.0,True
-UuX1xuaiiE_6,vision,16,8.0,8.5,False
-UuX1xuaiiE_6,vision,17,8.5,9.0,False
-UuX1xuaiiE_6,vision,18,9.0,9.5,False
-UuX1xuaiiE_6,vision,19,9.5,10.0,False
-UuX1xuaiiE_6,vision,20,10.0,10.5,False
-UuX1xuaiiE_6,vision,21,10.5,11.0,False
-UuX1xuaiiE_6,vision,22,11.0,11.5,False
-UuX1xuaiiE_6,vision,23,11.5,12.0,False
-UuX1xuaiiE_6,vision,24,12.0,12.5,False
-UuX1xuaiiE_6,vision,25,12.5,13.0,False
-UuX1xuaiiE_6,vision,26,13.0,13.5,False
-UuX1xuaiiE_6,vision,27,13.5,14.0,False
-UuX1xuaiiE_6,vision,28,14.0,14.5,False
-UuX1xuaiiE_6,vision,29,14.5,15.0,False
-UuX1xuaiiE_6,vision,30,15.0,15.5,False
-UuX1xuaiiE_6,vision,31,15.5,16.0,False
-UuX1xuaiiE_6,vision,32,16.0,16.5,False
-UuX1xuaiiE_6,vision,33,16.5,17.0,False
-UuX1xuaiiE_6,vision,34,17.0,17.5,False
-UuX1xuaiiE_6,vision,35,17.5,18.0,False
-UuX1xuaiiE_6,vision,36,18.0,18.5,False
-UuX1xuaiiE_6,vision,37,18.5,19.0,False
-UuX1xuaiiE_6,vision,38,19.0,19.5,False
-UuX1xuaiiE_6,vision,39,19.5,20.0,False
-UuX1xuaiiE_6,vision,40,20.0,20.5,False
-UuX1xuaiiE_6,vision,41,20.5,21.0,False
-UuX1xuaiiE_6,vision,42,21.0,21.5,False
-UuX1xuaiiE_6,vision,43,21.5,22.0,False
-UuX1xuaiiE_6,vision,44,22.0,22.5,False
-UuX1xuaiiE_6,vision,45,22.5,23.0,False
-UuX1xuaiiE_6,vision,46,23.0,23.5,False
-UuX1xuaiiE_6,vision,47,23.5,24.0,False
-UuX1xuaiiE_6,vision,48,24.0,24.5,False
-UuX1xuaiiE_6,vision,49,24.5,25.0,False
-a55Q6RWvTA_3,audio,0,0.0,0.5,True
-a55Q6RWvTA_3,audio,1,0.5,1.0,True
-a55Q6RWvTA_3,audio,2,1.0,1.5,True
-a55Q6RWvTA_3,audio,3,1.5,2.0,True
-a55Q6RWvTA_3,audio,4,2.0,2.5,True
-a55Q6RWvTA_3,audio,5,2.5,3.0,True
-a55Q6RWvTA_3,audio,6,3.0,3.5,True
-a55Q6RWvTA_3,audio,7,3.5,4.0,True
-a55Q6RWvTA_3,audio,8,4.0,4.5,True
-a55Q6RWvTA_3,audio,9,4.5,5.0,True
-a55Q6RWvTA_3,audio,10,5.0,5.5,True
-a55Q6RWvTA_3,audio,11,5.5,6.0,True
-a55Q6RWvTA_3,audio,12,6.0,6.5,True
-a55Q6RWvTA_3,audio,13,6.5,7.0,True
-a55Q6RWvTA_3,audio,14,7.0,7.5,True
-a55Q6RWvTA_3,audio,15,7.5,8.0,True
-a55Q6RWvTA_3,audio,16,8.0,8.5,True
-a55Q6RWvTA_3,audio,17,8.5,9.0,True
-a55Q6RWvTA_3,audio,18,9.0,9.5,True
-a55Q6RWvTA_3,audio,19,9.5,10.0,True
-a55Q6RWvTA_3,audio,20,10.0,10.5,True
-a55Q6RWvTA_3,audio,21,10.5,11.0,True
-a55Q6RWvTA_3,audio,22,11.0,11.5,True
-a55Q6RWvTA_3,audio,23,11.5,12.0,True
-a55Q6RWvTA_3,audio,24,12.0,12.5,True
-a55Q6RWvTA_3,audio,25,12.5,13.0,True
-a55Q6RWvTA_3,audio,26,13.0,13.5,True
-a55Q6RWvTA_3,audio,27,13.5,14.0,True
-a55Q6RWvTA_3,audio,28,14.0,14.5,True
-a55Q6RWvTA_3,audio,29,14.5,15.0,True
-a55Q6RWvTA_3,audio,30,15.0,15.5,True
-a55Q6RWvTA_3,audio,31,15.5,16.0,True
-a55Q6RWvTA_3,audio,32,16.0,16.5,True
-a55Q6RWvTA_3,audio,33,16.5,17.0,True
-a55Q6RWvTA_3,audio,34,17.0,17.5,True
-a55Q6RWvTA_3,audio,35,17.5,18.0,True
-a55Q6RWvTA_3,audio,36,18.0,18.5,True
-a55Q6RWvTA_3,audio,37,18.5,19.0,True
-a55Q6RWvTA_3,audio,38,19.0,19.5,True
-a55Q6RWvTA_3,audio,39,19.5,20.0,True
-a55Q6RWvTA_3,audio,40,20.0,20.5,True
-a55Q6RWvTA_3,audio,41,20.5,21.0,True
-a55Q6RWvTA_3,audio,42,21.0,21.5,True
-a55Q6RWvTA_3,audio,43,21.5,22.0,True
-a55Q6RWvTA_3,audio,44,22.0,22.5,True
-a55Q6RWvTA_3,audio,45,22.5,23.0,False
-a55Q6RWvTA_3,audio,46,23.0,23.5,False
-a55Q6RWvTA_3,audio,47,23.5,24.0,False
-a55Q6RWvTA_3,audio,48,24.0,24.5,False
-a55Q6RWvTA_3,audio,49,24.5,25.0,False
-a55Q6RWvTA_3,vision,0,0.0,0.5,True
-a55Q6RWvTA_3,vision,1,0.5,1.0,True
-a55Q6RWvTA_3,vision,2,1.0,1.5,True
-a55Q6RWvTA_3,vision,3,1.5,2.0,True
-a55Q6RWvTA_3,vision,4,2.0,2.5,True
-a55Q6RWvTA_3,vision,5,2.5,3.0,True
-a55Q6RWvTA_3,vision,6,3.0,3.5,True
-a55Q6RWvTA_3,vision,7,3.5,4.0,True
-a55Q6RWvTA_3,vision,8,4.0,4.5,True
-a55Q6RWvTA_3,vision,9,4.5,5.0,True
-a55Q6RWvTA_3,vision,10,5.0,5.5,True
-a55Q6RWvTA_3,vision,11,5.5,6.0,True
-a55Q6RWvTA_3,vision,12,6.0,6.5,True
-a55Q6RWvTA_3,vision,13,6.5,7.0,True
-a55Q6RWvTA_3,vision,14,7.0,7.5,True
-a55Q6RWvTA_3,vision,15,7.5,8.0,True
-a55Q6RWvTA_3,vision,16,8.0,8.5,True
-a55Q6RWvTA_3,vision,17,8.5,9.0,True
-a55Q6RWvTA_3,vision,18,9.0,9.5,True
-a55Q6RWvTA_3,vision,19,9.5,10.0,True
-a55Q6RWvTA_3,vision,20,10.0,10.5,True
-a55Q6RWvTA_3,vision,21,10.5,11.0,True
-a55Q6RWvTA_3,vision,22,11.0,11.5,True
-a55Q6RWvTA_3,vision,23,11.5,12.0,True
-a55Q6RWvTA_3,vision,24,12.0,12.5,True
-a55Q6RWvTA_3,vision,25,12.5,13.0,True
-a55Q6RWvTA_3,vision,26,13.0,13.5,True
-a55Q6RWvTA_3,vision,27,13.5,14.0,True
-a55Q6RWvTA_3,vision,28,14.0,14.5,True
-a55Q6RWvTA_3,vision,29,14.5,15.0,True
-a55Q6RWvTA_3,vision,30,15.0,15.5,True
-a55Q6RWvTA_3,vision,31,15.5,16.0,True
-a55Q6RWvTA_3,vision,32,16.0,16.5,True
-a55Q6RWvTA_3,vision,33,16.5,17.0,True
-a55Q6RWvTA_3,vision,34,17.0,17.5,True
-a55Q6RWvTA_3,vision,35,17.5,18.0,True
-a55Q6RWvTA_3,vision,36,18.0,18.5,True
-a55Q6RWvTA_3,vision,37,18.5,19.0,True
-a55Q6RWvTA_3,vision,38,19.0,19.5,True
-a55Q6RWvTA_3,vision,39,19.5,20.0,True
-a55Q6RWvTA_3,vision,40,20.0,20.5,True
-a55Q6RWvTA_3,vision,41,20.5,21.0,True
-a55Q6RWvTA_3,vision,42,21.0,21.5,True
-a55Q6RWvTA_3,vision,43,21.5,22.0,True
-a55Q6RWvTA_3,vision,44,22.0,22.5,True
-a55Q6RWvTA_3,vision,45,22.5,23.0,False
-a55Q6RWvTA_3,vision,46,23.0,23.5,False
-a55Q6RWvTA_3,vision,47,23.5,24.0,False
-a55Q6RWvTA_3,vision,48,24.0,24.5,False
-a55Q6RWvTA_3,vision,49,24.5,25.0,False
-aNfi7CP8vM_7,audio,0,0.0,0.5,True
-aNfi7CP8vM_7,audio,1,0.5,1.0,True
-aNfi7CP8vM_7,audio,2,1.0,1.5,True
-aNfi7CP8vM_7,audio,3,1.5,2.0,True
-aNfi7CP8vM_7,audio,4,2.0,2.5,True
-aNfi7CP8vM_7,audio,5,2.5,3.0,True
-aNfi7CP8vM_7,audio,6,3.0,3.5,True
-aNfi7CP8vM_7,audio,7,3.5,4.0,True
-aNfi7CP8vM_7,audio,8,4.0,4.5,True
-aNfi7CP8vM_7,audio,9,4.5,5.0,True
-aNfi7CP8vM_7,audio,10,5.0,5.5,True
-aNfi7CP8vM_7,audio,11,5.5,6.0,True
-aNfi7CP8vM_7,audio,12,6.0,6.5,True
-aNfi7CP8vM_7,audio,13,6.5,7.0,True
-aNfi7CP8vM_7,audio,14,7.0,7.5,True
-aNfi7CP8vM_7,audio,15,7.5,8.0,True
-aNfi7CP8vM_7,audio,16,8.0,8.5,True
-aNfi7CP8vM_7,audio,17,8.5,9.0,False
-aNfi7CP8vM_7,audio,18,9.0,9.5,False
-aNfi7CP8vM_7,audio,19,9.5,10.0,False
-aNfi7CP8vM_7,audio,20,10.0,10.5,False
-aNfi7CP8vM_7,audio,21,10.5,11.0,False
-aNfi7CP8vM_7,audio,22,11.0,11.5,False
-aNfi7CP8vM_7,audio,23,11.5,12.0,False
-aNfi7CP8vM_7,audio,24,12.0,12.5,False
-aNfi7CP8vM_7,audio,25,12.5,13.0,False
-aNfi7CP8vM_7,audio,26,13.0,13.5,False
-aNfi7CP8vM_7,audio,27,13.5,14.0,False
-aNfi7CP8vM_7,audio,28,14.0,14.5,False
-aNfi7CP8vM_7,audio,29,14.5,15.0,False
-aNfi7CP8vM_7,audio,30,15.0,15.5,False
-aNfi7CP8vM_7,audio,31,15.5,16.0,False
-aNfi7CP8vM_7,audio,32,16.0,16.5,False
-aNfi7CP8vM_7,audio,33,16.5,17.0,False
-aNfi7CP8vM_7,audio,34,17.0,17.5,False
-aNfi7CP8vM_7,audio,35,17.5,18.0,False
-aNfi7CP8vM_7,audio,36,18.0,18.5,False
-aNfi7CP8vM_7,audio,37,18.5,19.0,False
-aNfi7CP8vM_7,audio,38,19.0,19.5,False
-aNfi7CP8vM_7,audio,39,19.5,20.0,False
-aNfi7CP8vM_7,audio,40,20.0,20.5,False
-aNfi7CP8vM_7,audio,41,20.5,21.0,False
-aNfi7CP8vM_7,audio,42,21.0,21.5,False
-aNfi7CP8vM_7,audio,43,21.5,22.0,False
-aNfi7CP8vM_7,audio,44,22.0,22.5,False
-aNfi7CP8vM_7,audio,45,22.5,23.0,False
-aNfi7CP8vM_7,audio,46,23.0,23.5,False
-aNfi7CP8vM_7,audio,47,23.5,24.0,False
-aNfi7CP8vM_7,audio,48,24.0,24.5,False
-aNfi7CP8vM_7,audio,49,24.5,25.0,False
-aNfi7CP8vM_7,vision,0,0.0,0.5,True
-aNfi7CP8vM_7,vision,1,0.5,1.0,True
-aNfi7CP8vM_7,vision,2,1.0,1.5,True
-aNfi7CP8vM_7,vision,3,1.5,2.0,True
-aNfi7CP8vM_7,vision,4,2.0,2.5,True
-aNfi7CP8vM_7,vision,5,2.5,3.0,True
-aNfi7CP8vM_7,vision,6,3.0,3.5,True
-aNfi7CP8vM_7,vision,7,3.5,4.0,True
-aNfi7CP8vM_7,vision,8,4.0,4.5,True
-aNfi7CP8vM_7,vision,9,4.5,5.0,True
-aNfi7CP8vM_7,vision,10,5.0,5.5,True
-aNfi7CP8vM_7,vision,11,5.5,6.0,True
-aNfi7CP8vM_7,vision,12,6.0,6.5,True
-aNfi7CP8vM_7,vision,13,6.5,7.0,True
-aNfi7CP8vM_7,vision,14,7.0,7.5,True
-aNfi7CP8vM_7,vision,15,7.5,8.0,True
-aNfi7CP8vM_7,vision,16,8.0,8.5,True
-aNfi7CP8vM_7,vision,17,8.5,9.0,True
-aNfi7CP8vM_7,vision,18,9.0,9.5,False
-aNfi7CP8vM_7,vision,19,9.5,10.0,False
-aNfi7CP8vM_7,vision,20,10.0,10.5,False
-aNfi7CP8vM_7,vision,21,10.5,11.0,False
-aNfi7CP8vM_7,vision,22,11.0,11.5,False
-aNfi7CP8vM_7,vision,23,11.5,12.0,False
-aNfi7CP8vM_7,vision,24,12.0,12.5,False
-aNfi7CP8vM_7,vision,25,12.5,13.0,False
-aNfi7CP8vM_7,vision,26,13.0,13.5,False
-aNfi7CP8vM_7,vision,27,13.5,14.0,False
-aNfi7CP8vM_7,vision,28,14.0,14.5,False
-aNfi7CP8vM_7,vision,29,14.5,15.0,False
-aNfi7CP8vM_7,vision,30,15.0,15.5,False
-aNfi7CP8vM_7,vision,31,15.5,16.0,False
-aNfi7CP8vM_7,vision,32,16.0,16.5,False
-aNfi7CP8vM_7,vision,33,16.5,17.0,False
-aNfi7CP8vM_7,vision,34,17.0,17.5,False
-aNfi7CP8vM_7,vision,35,17.5,18.0,False
-aNfi7CP8vM_7,vision,36,18.0,18.5,False
-aNfi7CP8vM_7,vision,37,18.5,19.0,False
-aNfi7CP8vM_7,vision,38,19.0,19.5,False
-aNfi7CP8vM_7,vision,39,19.5,20.0,False
-aNfi7CP8vM_7,vision,40,20.0,20.5,False
-aNfi7CP8vM_7,vision,41,20.5,21.0,False
-aNfi7CP8vM_7,vision,42,21.0,21.5,False
-aNfi7CP8vM_7,vision,43,21.5,22.0,False
-aNfi7CP8vM_7,vision,44,22.0,22.5,False
-aNfi7CP8vM_7,vision,45,22.5,23.0,False
-aNfi7CP8vM_7,vision,46,23.0,23.5,False
-aNfi7CP8vM_7,vision,47,23.5,24.0,False
-aNfi7CP8vM_7,vision,48,24.0,24.5,False
-aNfi7CP8vM_7,vision,49,24.5,25.0,False
-aqamKhZ1Ec_0,audio,0,0.0,0.5,True
-aqamKhZ1Ec_0,audio,1,0.5,1.0,True
-aqamKhZ1Ec_0,audio,2,1.0,1.5,True
-aqamKhZ1Ec_0,audio,3,1.5,2.0,True
-aqamKhZ1Ec_0,audio,4,2.0,2.5,True
-aqamKhZ1Ec_0,audio,5,2.5,3.0,True
-aqamKhZ1Ec_0,audio,6,3.0,3.5,True
-aqamKhZ1Ec_0,audio,7,3.5,4.0,True
-aqamKhZ1Ec_0,audio,8,4.0,4.5,True
-aqamKhZ1Ec_0,audio,9,4.5,5.0,True
-aqamKhZ1Ec_0,audio,10,5.0,5.5,True
-aqamKhZ1Ec_0,audio,11,5.5,6.0,True
-aqamKhZ1Ec_0,audio,12,6.0,6.5,True
-aqamKhZ1Ec_0,audio,13,6.5,7.0,True
-aqamKhZ1Ec_0,audio,14,7.0,7.5,True
-aqamKhZ1Ec_0,audio,15,7.5,8.0,True
-aqamKhZ1Ec_0,audio,16,8.0,8.5,True
-aqamKhZ1Ec_0,audio,17,8.5,9.0,True
-aqamKhZ1Ec_0,audio,18,9.0,9.5,True
-aqamKhZ1Ec_0,audio,19,9.5,10.0,True
-aqamKhZ1Ec_0,audio,20,10.0,10.5,True
-aqamKhZ1Ec_0,audio,21,10.5,11.0,True
-aqamKhZ1Ec_0,audio,22,11.0,11.5,False
-aqamKhZ1Ec_0,audio,23,11.5,12.0,False
-aqamKhZ1Ec_0,audio,24,12.0,12.5,False
-aqamKhZ1Ec_0,audio,25,12.5,13.0,False
-aqamKhZ1Ec_0,audio,26,13.0,13.5,False
-aqamKhZ1Ec_0,audio,27,13.5,14.0,False
-aqamKhZ1Ec_0,audio,28,14.0,14.5,False
-aqamKhZ1Ec_0,audio,29,14.5,15.0,False
-aqamKhZ1Ec_0,audio,30,15.0,15.5,False
-aqamKhZ1Ec_0,audio,31,15.5,16.0,False
-aqamKhZ1Ec_0,audio,32,16.0,16.5,False
-aqamKhZ1Ec_0,audio,33,16.5,17.0,False
-aqamKhZ1Ec_0,audio,34,17.0,17.5,False
-aqamKhZ1Ec_0,audio,35,17.5,18.0,False
-aqamKhZ1Ec_0,audio,36,18.0,18.5,False
-aqamKhZ1Ec_0,audio,37,18.5,19.0,False
-aqamKhZ1Ec_0,audio,38,19.0,19.5,False
-aqamKhZ1Ec_0,audio,39,19.5,20.0,False
-aqamKhZ1Ec_0,audio,40,20.0,20.5,False
-aqamKhZ1Ec_0,audio,41,20.5,21.0,False
-aqamKhZ1Ec_0,audio,42,21.0,21.5,False
-aqamKhZ1Ec_0,audio,43,21.5,22.0,False
-aqamKhZ1Ec_0,audio,44,22.0,22.5,False
-aqamKhZ1Ec_0,audio,45,22.5,23.0,False
-aqamKhZ1Ec_0,audio,46,23.0,23.5,False
-aqamKhZ1Ec_0,audio,47,23.5,24.0,False
-aqamKhZ1Ec_0,audio,48,24.0,24.5,False
-aqamKhZ1Ec_0,audio,49,24.5,25.0,False
-aqamKhZ1Ec_0,vision,0,0.0,0.5,True
-aqamKhZ1Ec_0,vision,1,0.5,1.0,True
-aqamKhZ1Ec_0,vision,2,1.0,1.5,True
-aqamKhZ1Ec_0,vision,3,1.5,2.0,True
-aqamKhZ1Ec_0,vision,4,2.0,2.5,True
-aqamKhZ1Ec_0,vision,5,2.5,3.0,True
-aqamKhZ1Ec_0,vision,6,3.0,3.5,True
-aqamKhZ1Ec_0,vision,7,3.5,4.0,True
-aqamKhZ1Ec_0,vision,8,4.0,4.5,True
-aqamKhZ1Ec_0,vision,9,4.5,5.0,True
-aqamKhZ1Ec_0,vision,10,5.0,5.5,True
-aqamKhZ1Ec_0,vision,11,5.5,6.0,True
-aqamKhZ1Ec_0,vision,12,6.0,6.5,True
-aqamKhZ1Ec_0,vision,13,6.5,7.0,True
-aqamKhZ1Ec_0,vision,14,7.0,7.5,True
-aqamKhZ1Ec_0,vision,15,7.5,8.0,True
-aqamKhZ1Ec_0,vision,16,8.0,8.5,True
-aqamKhZ1Ec_0,vision,17,8.5,9.0,True
-aqamKhZ1Ec_0,vision,18,9.0,9.5,True
-aqamKhZ1Ec_0,vision,19,9.5,10.0,True
-aqamKhZ1Ec_0,vision,20,10.0,10.5,True
-aqamKhZ1Ec_0,vision,21,10.5,11.0,True
-aqamKhZ1Ec_0,vision,22,11.0,11.5,False
-aqamKhZ1Ec_0,vision,23,11.5,12.0,False
-aqamKhZ1Ec_0,vision,24,12.0,12.5,False
-aqamKhZ1Ec_0,vision,25,12.5,13.0,False
-aqamKhZ1Ec_0,vision,26,13.0,13.5,False
-aqamKhZ1Ec_0,vision,27,13.5,14.0,False
-aqamKhZ1Ec_0,vision,28,14.0,14.5,False
-aqamKhZ1Ec_0,vision,29,14.5,15.0,False
-aqamKhZ1Ec_0,vision,30,15.0,15.5,False
-aqamKhZ1Ec_0,vision,31,15.5,16.0,False
-aqamKhZ1Ec_0,vision,32,16.0,16.5,False
-aqamKhZ1Ec_0,vision,33,16.5,17.0,False
-aqamKhZ1Ec_0,vision,34,17.0,17.5,False
-aqamKhZ1Ec_0,vision,35,17.5,18.0,False
-aqamKhZ1Ec_0,vision,36,18.0,18.5,False
-aqamKhZ1Ec_0,vision,37,18.5,19.0,False
-aqamKhZ1Ec_0,vision,38,19.0,19.5,False
-aqamKhZ1Ec_0,vision,39,19.5,20.0,False
-aqamKhZ1Ec_0,vision,40,20.0,20.5,False
-aqamKhZ1Ec_0,vision,41,20.5,21.0,False
-aqamKhZ1Ec_0,vision,42,21.0,21.5,False
-aqamKhZ1Ec_0,vision,43,21.5,22.0,False
-aqamKhZ1Ec_0,vision,44,22.0,22.5,False
-aqamKhZ1Ec_0,vision,45,22.5,23.0,False
-aqamKhZ1Ec_0,vision,46,23.0,23.5,False
-aqamKhZ1Ec_0,vision,47,23.5,24.0,False
-aqamKhZ1Ec_0,vision,48,24.0,24.5,False
-aqamKhZ1Ec_0,vision,49,24.5,25.0,False
-dxfTGcXJoc_0,audio,0,0.0,0.5,True
-dxfTGcXJoc_0,audio,1,0.5,1.0,True
-dxfTGcXJoc_0,audio,2,1.0,1.5,True
-dxfTGcXJoc_0,audio,3,1.5,2.0,True
-dxfTGcXJoc_0,audio,4,2.0,2.5,True
-dxfTGcXJoc_0,audio,5,2.5,3.0,True
-dxfTGcXJoc_0,audio,6,3.0,3.5,True
-dxfTGcXJoc_0,audio,7,3.5,4.0,True
-dxfTGcXJoc_0,audio,8,4.0,4.5,True
-dxfTGcXJoc_0,audio,9,4.5,5.0,True
-dxfTGcXJoc_0,audio,10,5.0,5.5,True
-dxfTGcXJoc_0,audio,11,5.5,6.0,True
-dxfTGcXJoc_0,audio,12,6.0,6.5,True
-dxfTGcXJoc_0,audio,13,6.5,7.0,True
-dxfTGcXJoc_0,audio,14,7.0,7.5,True
-dxfTGcXJoc_0,audio,15,7.5,8.0,True
-dxfTGcXJoc_0,audio,16,8.0,8.5,True
-dxfTGcXJoc_0,audio,17,8.5,9.0,True
-dxfTGcXJoc_0,audio,18,9.0,9.5,True
-dxfTGcXJoc_0,audio,19,9.5,10.0,True
-dxfTGcXJoc_0,audio,20,10.0,10.5,True
-dxfTGcXJoc_0,audio,21,10.5,11.0,True
-dxfTGcXJoc_0,audio,22,11.0,11.5,True
-dxfTGcXJoc_0,audio,23,11.5,12.0,True
-dxfTGcXJoc_0,audio,24,12.0,12.5,True
-dxfTGcXJoc_0,audio,25,12.5,13.0,True
-dxfTGcXJoc_0,audio,26,13.0,13.5,True
-dxfTGcXJoc_0,audio,27,13.5,14.0,True
-dxfTGcXJoc_0,audio,28,14.0,14.5,True
-dxfTGcXJoc_0,audio,29,14.5,15.0,True
-dxfTGcXJoc_0,audio,30,15.0,15.5,True
-dxfTGcXJoc_0,audio,31,15.5,16.0,True
-dxfTGcXJoc_0,audio,32,16.0,16.5,True
-dxfTGcXJoc_0,audio,33,16.5,17.0,True
-dxfTGcXJoc_0,audio,34,17.0,17.5,True
-dxfTGcXJoc_0,audio,35,17.5,18.0,True
-dxfTGcXJoc_0,audio,36,18.0,18.5,True
-dxfTGcXJoc_0,audio,37,18.5,19.0,True
-dxfTGcXJoc_0,audio,38,19.0,19.5,True
-dxfTGcXJoc_0,audio,39,19.5,20.0,True
-dxfTGcXJoc_0,audio,40,20.0,20.5,True
-dxfTGcXJoc_0,audio,41,20.5,21.0,False
-dxfTGcXJoc_0,audio,42,21.0,21.5,False
-dxfTGcXJoc_0,audio,43,21.5,22.0,False
-dxfTGcXJoc_0,audio,44,22.0,22.5,False
-dxfTGcXJoc_0,audio,45,22.5,23.0,False
-dxfTGcXJoc_0,audio,46,23.0,23.5,False
-dxfTGcXJoc_0,audio,47,23.5,24.0,False
-dxfTGcXJoc_0,audio,48,24.0,24.5,False
-dxfTGcXJoc_0,audio,49,24.5,25.0,False
-dxfTGcXJoc_0,vision,0,0.0,0.5,True
-dxfTGcXJoc_0,vision,1,0.5,1.0,True
-dxfTGcXJoc_0,vision,2,1.0,1.5,True
-dxfTGcXJoc_0,vision,3,1.5,2.0,True
-dxfTGcXJoc_0,vision,4,2.0,2.5,True
-dxfTGcXJoc_0,vision,5,2.5,3.0,True
-dxfTGcXJoc_0,vision,6,3.0,3.5,True
-dxfTGcXJoc_0,vision,7,3.5,4.0,True
-dxfTGcXJoc_0,vision,8,4.0,4.5,True
-dxfTGcXJoc_0,vision,9,4.5,5.0,True
-dxfTGcXJoc_0,vision,10,5.0,5.5,True
-dxfTGcXJoc_0,vision,11,5.5,6.0,True
-dxfTGcXJoc_0,vision,12,6.0,6.5,True
-dxfTGcXJoc_0,vision,13,6.5,7.0,True
-dxfTGcXJoc_0,vision,14,7.0,7.5,True
-dxfTGcXJoc_0,vision,15,7.5,8.0,True
-dxfTGcXJoc_0,vision,16,8.0,8.5,True
-dxfTGcXJoc_0,vision,17,8.5,9.0,True
-dxfTGcXJoc_0,vision,18,9.0,9.5,True
-dxfTGcXJoc_0,vision,19,9.5,10.0,True
-dxfTGcXJoc_0,vision,20,10.0,10.5,True
-dxfTGcXJoc_0,vision,21,10.5,11.0,True
-dxfTGcXJoc_0,vision,22,11.0,11.5,True
-dxfTGcXJoc_0,vision,23,11.5,12.0,True
-dxfTGcXJoc_0,vision,24,12.0,12.5,True
-dxfTGcXJoc_0,vision,25,12.5,13.0,True
-dxfTGcXJoc_0,vision,26,13.0,13.5,True
-dxfTGcXJoc_0,vision,27,13.5,14.0,True
-dxfTGcXJoc_0,vision,28,14.0,14.5,True
-dxfTGcXJoc_0,vision,29,14.5,15.0,True
-dxfTGcXJoc_0,vision,30,15.0,15.5,True
-dxfTGcXJoc_0,vision,31,15.5,16.0,True
-dxfTGcXJoc_0,vision,32,16.0,16.5,True
-dxfTGcXJoc_0,vision,33,16.5,17.0,True
-dxfTGcXJoc_0,vision,34,17.0,17.5,True
-dxfTGcXJoc_0,vision,35,17.5,18.0,True
-dxfTGcXJoc_0,vision,36,18.0,18.5,True
-dxfTGcXJoc_0,vision,37,18.5,19.0,True
-dxfTGcXJoc_0,vision,38,19.0,19.5,True
-dxfTGcXJoc_0,vision,39,19.5,20.0,True
-dxfTGcXJoc_0,vision,40,20.0,20.5,True
-dxfTGcXJoc_0,vision,41,20.5,21.0,False
-dxfTGcXJoc_0,vision,42,21.0,21.5,False
-dxfTGcXJoc_0,vision,43,21.5,22.0,False
-dxfTGcXJoc_0,vision,44,22.0,22.5,False
-dxfTGcXJoc_0,vision,45,22.5,23.0,False
-dxfTGcXJoc_0,vision,46,23.0,23.5,False
-dxfTGcXJoc_0,vision,47,23.5,24.0,False
-dxfTGcXJoc_0,vision,48,24.0,24.5,False
-dxfTGcXJoc_0,vision,49,24.5,25.0,False
-dxfTGcXJoc_1,audio,0,0.0,0.5,True
-dxfTGcXJoc_1,audio,1,0.5,1.0,True
-dxfTGcXJoc_1,audio,2,1.0,1.5,True
-dxfTGcXJoc_1,audio,3,1.5,2.0,True
-dxfTGcXJoc_1,audio,4,2.0,2.5,True
-dxfTGcXJoc_1,audio,5,2.5,3.0,True
-dxfTGcXJoc_1,audio,6,3.0,3.5,True
-dxfTGcXJoc_1,audio,7,3.5,4.0,True
-dxfTGcXJoc_1,audio,8,4.0,4.5,True
-dxfTGcXJoc_1,audio,9,4.5,5.0,True
-dxfTGcXJoc_1,audio,10,5.0,5.5,True
-dxfTGcXJoc_1,audio,11,5.5,6.0,True
-dxfTGcXJoc_1,audio,12,6.0,6.5,True
-dxfTGcXJoc_1,audio,13,6.5,7.0,True
-dxfTGcXJoc_1,audio,14,7.0,7.5,True
-dxfTGcXJoc_1,audio,15,7.5,8.0,True
-dxfTGcXJoc_1,audio,16,8.0,8.5,True
-dxfTGcXJoc_1,audio,17,8.5,9.0,True
-dxfTGcXJoc_1,audio,18,9.0,9.5,True
-dxfTGcXJoc_1,audio,19,9.5,10.0,True
-dxfTGcXJoc_1,audio,20,10.0,10.5,True
-dxfTGcXJoc_1,audio,21,10.5,11.0,True
-dxfTGcXJoc_1,audio,22,11.0,11.5,True
-dxfTGcXJoc_1,audio,23,11.5,12.0,True
-dxfTGcXJoc_1,audio,24,12.0,12.5,True
-dxfTGcXJoc_1,audio,25,12.5,13.0,True
-dxfTGcXJoc_1,audio,26,13.0,13.5,True
-dxfTGcXJoc_1,audio,27,13.5,14.0,True
-dxfTGcXJoc_1,audio,28,14.0,14.5,True
-dxfTGcXJoc_1,audio,29,14.5,15.0,True
-dxfTGcXJoc_1,audio,30,15.0,15.5,True
-dxfTGcXJoc_1,audio,31,15.5,16.0,True
-dxfTGcXJoc_1,audio,32,16.0,16.5,False
-dxfTGcXJoc_1,audio,33,16.5,17.0,False
-dxfTGcXJoc_1,audio,34,17.0,17.5,False
-dxfTGcXJoc_1,audio,35,17.5,18.0,False
-dxfTGcXJoc_1,audio,36,18.0,18.5,False
-dxfTGcXJoc_1,audio,37,18.5,19.0,False
-dxfTGcXJoc_1,audio,38,19.0,19.5,False
-dxfTGcXJoc_1,audio,39,19.5,20.0,False
-dxfTGcXJoc_1,audio,40,20.0,20.5,False
-dxfTGcXJoc_1,audio,41,20.5,21.0,False
-dxfTGcXJoc_1,audio,42,21.0,21.5,False
-dxfTGcXJoc_1,audio,43,21.5,22.0,False
-dxfTGcXJoc_1,audio,44,22.0,22.5,False
-dxfTGcXJoc_1,audio,45,22.5,23.0,False
-dxfTGcXJoc_1,audio,46,23.0,23.5,False
-dxfTGcXJoc_1,audio,47,23.5,24.0,False
-dxfTGcXJoc_1,audio,48,24.0,24.5,False
-dxfTGcXJoc_1,audio,49,24.5,25.0,False
-dxfTGcXJoc_1,vision,0,0.0,0.5,True
-dxfTGcXJoc_1,vision,1,0.5,1.0,True
-dxfTGcXJoc_1,vision,2,1.0,1.5,True
-dxfTGcXJoc_1,vision,3,1.5,2.0,True
-dxfTGcXJoc_1,vision,4,2.0,2.5,True
-dxfTGcXJoc_1,vision,5,2.5,3.0,True
-dxfTGcXJoc_1,vision,6,3.0,3.5,True
-dxfTGcXJoc_1,vision,7,3.5,4.0,True
-dxfTGcXJoc_1,vision,8,4.0,4.5,True
-dxfTGcXJoc_1,vision,9,4.5,5.0,True
-dxfTGcXJoc_1,vision,10,5.0,5.5,True
-dxfTGcXJoc_1,vision,11,5.5,6.0,True
-dxfTGcXJoc_1,vision,12,6.0,6.5,True
-dxfTGcXJoc_1,vision,13,6.5,7.0,True
-dxfTGcXJoc_1,vision,14,7.0,7.5,True
-dxfTGcXJoc_1,vision,15,7.5,8.0,True
-dxfTGcXJoc_1,vision,16,8.0,8.5,True
-dxfTGcXJoc_1,vision,17,8.5,9.0,True
-dxfTGcXJoc_1,vision,18,9.0,9.5,True
-dxfTGcXJoc_1,vision,19,9.5,10.0,True
-dxfTGcXJoc_1,vision,20,10.0,10.5,True
-dxfTGcXJoc_1,vision,21,10.5,11.0,True
-dxfTGcXJoc_1,vision,22,11.0,11.5,True
-dxfTGcXJoc_1,vision,23,11.5,12.0,True
-dxfTGcXJoc_1,vision,24,12.0,12.5,True
-dxfTGcXJoc_1,vision,25,12.5,13.0,True
-dxfTGcXJoc_1,vision,26,13.0,13.5,True
-dxfTGcXJoc_1,vision,27,13.5,14.0,True
-dxfTGcXJoc_1,vision,28,14.0,14.5,True
-dxfTGcXJoc_1,vision,29,14.5,15.0,True
-dxfTGcXJoc_1,vision,30,15.0,15.5,True
-dxfTGcXJoc_1,vision,31,15.5,16.0,True
-dxfTGcXJoc_1,vision,32,16.0,16.5,True
-dxfTGcXJoc_1,vision,33,16.5,17.0,False
-dxfTGcXJoc_1,vision,34,17.0,17.5,False
-dxfTGcXJoc_1,vision,35,17.5,18.0,False
-dxfTGcXJoc_1,vision,36,18.0,18.5,False
-dxfTGcXJoc_1,vision,37,18.5,19.0,False
-dxfTGcXJoc_1,vision,38,19.0,19.5,False
-dxfTGcXJoc_1,vision,39,19.5,20.0,False
-dxfTGcXJoc_1,vision,40,20.0,20.5,False
-dxfTGcXJoc_1,vision,41,20.5,21.0,False
-dxfTGcXJoc_1,vision,42,21.0,21.5,False
-dxfTGcXJoc_1,vision,43,21.5,22.0,False
-dxfTGcXJoc_1,vision,44,22.0,22.5,False
-dxfTGcXJoc_1,vision,45,22.5,23.0,False
-dxfTGcXJoc_1,vision,46,23.0,23.5,False
-dxfTGcXJoc_1,vision,47,23.5,24.0,False
-dxfTGcXJoc_1,vision,48,24.0,24.5,False
-dxfTGcXJoc_1,vision,49,24.5,25.0,False
-dxfTGcXJoc_2,audio,0,0.0,0.5,True
-dxfTGcXJoc_2,audio,1,0.5,1.0,True
-dxfTGcXJoc_2,audio,2,1.0,1.5,True
-dxfTGcXJoc_2,audio,3,1.5,2.0,True
-dxfTGcXJoc_2,audio,4,2.0,2.5,True
-dxfTGcXJoc_2,audio,5,2.5,3.0,True
-dxfTGcXJoc_2,audio,6,3.0,3.5,True
-dxfTGcXJoc_2,audio,7,3.5,4.0,True
-dxfTGcXJoc_2,audio,8,4.0,4.5,True
-dxfTGcXJoc_2,audio,9,4.5,5.0,True
-dxfTGcXJoc_2,audio,10,5.0,5.5,True
-dxfTGcXJoc_2,audio,11,5.5,6.0,True
-dxfTGcXJoc_2,audio,12,6.0,6.5,True
-dxfTGcXJoc_2,audio,13,6.5,7.0,True
-dxfTGcXJoc_2,audio,14,7.0,7.5,True
-dxfTGcXJoc_2,audio,15,7.5,8.0,True
-dxfTGcXJoc_2,audio,16,8.0,8.5,True
-dxfTGcXJoc_2,audio,17,8.5,9.0,True
-dxfTGcXJoc_2,audio,18,9.0,9.5,True
-dxfTGcXJoc_2,audio,19,9.5,10.0,True
-dxfTGcXJoc_2,audio,20,10.0,10.5,True
-dxfTGcXJoc_2,audio,21,10.5,11.0,True
-dxfTGcXJoc_2,audio,22,11.0,11.5,True
-dxfTGcXJoc_2,audio,23,11.5,12.0,True
-dxfTGcXJoc_2,audio,24,12.0,12.5,True
-dxfTGcXJoc_2,audio,25,12.5,13.0,True
-dxfTGcXJoc_2,audio,26,13.0,13.5,True
-dxfTGcXJoc_2,audio,27,13.5,14.0,True
-dxfTGcXJoc_2,audio,28,14.0,14.5,True
-dxfTGcXJoc_2,audio,29,14.5,15.0,True
-dxfTGcXJoc_2,audio,30,15.0,15.5,True
-dxfTGcXJoc_2,audio,31,15.5,16.0,True
-dxfTGcXJoc_2,audio,32,16.0,16.5,True
-dxfTGcXJoc_2,audio,33,16.5,17.0,True
-dxfTGcXJoc_2,audio,34,17.0,17.5,False
-dxfTGcXJoc_2,audio,35,17.5,18.0,False
-dxfTGcXJoc_2,audio,36,18.0,18.5,False
-dxfTGcXJoc_2,audio,37,18.5,19.0,False
-dxfTGcXJoc_2,audio,38,19.0,19.5,False
-dxfTGcXJoc_2,audio,39,19.5,20.0,False
-dxfTGcXJoc_2,audio,40,20.0,20.5,False
-dxfTGcXJoc_2,audio,41,20.5,21.0,False
-dxfTGcXJoc_2,audio,42,21.0,21.5,False
-dxfTGcXJoc_2,audio,43,21.5,22.0,False
-dxfTGcXJoc_2,audio,44,22.0,22.5,False
-dxfTGcXJoc_2,audio,45,22.5,23.0,False
-dxfTGcXJoc_2,audio,46,23.0,23.5,False
-dxfTGcXJoc_2,audio,47,23.5,24.0,False
-dxfTGcXJoc_2,audio,48,24.0,24.5,False
-dxfTGcXJoc_2,audio,49,24.5,25.0,False
-dxfTGcXJoc_2,vision,0,0.0,0.5,True
-dxfTGcXJoc_2,vision,1,0.5,1.0,True
-dxfTGcXJoc_2,vision,2,1.0,1.5,True
-dxfTGcXJoc_2,vision,3,1.5,2.0,True
-dxfTGcXJoc_2,vision,4,2.0,2.5,True
-dxfTGcXJoc_2,vision,5,2.5,3.0,True
-dxfTGcXJoc_2,vision,6,3.0,3.5,True
-dxfTGcXJoc_2,vision,7,3.5,4.0,True
-dxfTGcXJoc_2,vision,8,4.0,4.5,True
-dxfTGcXJoc_2,vision,9,4.5,5.0,True
-dxfTGcXJoc_2,vision,10,5.0,5.5,True
-dxfTGcXJoc_2,vision,11,5.5,6.0,True
-dxfTGcXJoc_2,vision,12,6.0,6.5,True
-dxfTGcXJoc_2,vision,13,6.5,7.0,True
-dxfTGcXJoc_2,vision,14,7.0,7.5,True
-dxfTGcXJoc_2,vision,15,7.5,8.0,True
-dxfTGcXJoc_2,vision,16,8.0,8.5,True
-dxfTGcXJoc_2,vision,17,8.5,9.0,True
-dxfTGcXJoc_2,vision,18,9.0,9.5,True
-dxfTGcXJoc_2,vision,19,9.5,10.0,True
-dxfTGcXJoc_2,vision,20,10.0,10.5,True
-dxfTGcXJoc_2,vision,21,10.5,11.0,True
-dxfTGcXJoc_2,vision,22,11.0,11.5,True
-dxfTGcXJoc_2,vision,23,11.5,12.0,True
-dxfTGcXJoc_2,vision,24,12.0,12.5,True
-dxfTGcXJoc_2,vision,25,12.5,13.0,True
-dxfTGcXJoc_2,vision,26,13.0,13.5,True
-dxfTGcXJoc_2,vision,27,13.5,14.0,True
-dxfTGcXJoc_2,vision,28,14.0,14.5,True
-dxfTGcXJoc_2,vision,29,14.5,15.0,True
-dxfTGcXJoc_2,vision,30,15.0,15.5,True
-dxfTGcXJoc_2,vision,31,15.5,16.0,True
-dxfTGcXJoc_2,vision,32,16.0,16.5,True
-dxfTGcXJoc_2,vision,33,16.5,17.0,True
-dxfTGcXJoc_2,vision,34,17.0,17.5,False
-dxfTGcXJoc_2,vision,35,17.5,18.0,False
-dxfTGcXJoc_2,vision,36,18.0,18.5,False
-dxfTGcXJoc_2,vision,37,18.5,19.0,False
-dxfTGcXJoc_2,vision,38,19.0,19.5,False
-dxfTGcXJoc_2,vision,39,19.5,20.0,False
-dxfTGcXJoc_2,vision,40,20.0,20.5,False
-dxfTGcXJoc_2,vision,41,20.5,21.0,False
-dxfTGcXJoc_2,vision,42,21.0,21.5,False
-dxfTGcXJoc_2,vision,43,21.5,22.0,False
-dxfTGcXJoc_2,vision,44,22.0,22.5,False
-dxfTGcXJoc_2,vision,45,22.5,23.0,False
-dxfTGcXJoc_2,vision,46,23.0,23.5,False
-dxfTGcXJoc_2,vision,47,23.5,24.0,False
-dxfTGcXJoc_2,vision,48,24.0,24.5,False
-dxfTGcXJoc_2,vision,49,24.5,25.0,False
-dxfTGcXJoc_6,audio,0,0.0,0.5,True
-dxfTGcXJoc_6,audio,1,0.5,1.0,True
-dxfTGcXJoc_6,audio,2,1.0,1.5,True
-dxfTGcXJoc_6,audio,3,1.5,2.0,True
-dxfTGcXJoc_6,audio,4,2.0,2.5,True
-dxfTGcXJoc_6,audio,5,2.5,3.0,True
-dxfTGcXJoc_6,audio,6,3.0,3.5,True
-dxfTGcXJoc_6,audio,7,3.5,4.0,True
-dxfTGcXJoc_6,audio,8,4.0,4.5,True
-dxfTGcXJoc_6,audio,9,4.5,5.0,True
-dxfTGcXJoc_6,audio,10,5.0,5.5,True
-dxfTGcXJoc_6,audio,11,5.5,6.0,True
-dxfTGcXJoc_6,audio,12,6.0,6.5,True
-dxfTGcXJoc_6,audio,13,6.5,7.0,True
-dxfTGcXJoc_6,audio,14,7.0,7.5,True
-dxfTGcXJoc_6,audio,15,7.5,8.0,True
-dxfTGcXJoc_6,audio,16,8.0,8.5,True
-dxfTGcXJoc_6,audio,17,8.5,9.0,True
-dxfTGcXJoc_6,audio,18,9.0,9.5,True
-dxfTGcXJoc_6,audio,19,9.5,10.0,True
-dxfTGcXJoc_6,audio,20,10.0,10.5,True
-dxfTGcXJoc_6,audio,21,10.5,11.0,True
-dxfTGcXJoc_6,audio,22,11.0,11.5,True
-dxfTGcXJoc_6,audio,23,11.5,12.0,True
-dxfTGcXJoc_6,audio,24,12.0,12.5,True
-dxfTGcXJoc_6,audio,25,12.5,13.0,True
-dxfTGcXJoc_6,audio,26,13.0,13.5,False
-dxfTGcXJoc_6,audio,27,13.5,14.0,False
-dxfTGcXJoc_6,audio,28,14.0,14.5,False
-dxfTGcXJoc_6,audio,29,14.5,15.0,False
-dxfTGcXJoc_6,audio,30,15.0,15.5,False
-dxfTGcXJoc_6,audio,31,15.5,16.0,False
-dxfTGcXJoc_6,audio,32,16.0,16.5,False
-dxfTGcXJoc_6,audio,33,16.5,17.0,False
-dxfTGcXJoc_6,audio,34,17.0,17.5,False
-dxfTGcXJoc_6,audio,35,17.5,18.0,False
-dxfTGcXJoc_6,audio,36,18.0,18.5,False
-dxfTGcXJoc_6,audio,37,18.5,19.0,False
-dxfTGcXJoc_6,audio,38,19.0,19.5,False
-dxfTGcXJoc_6,audio,39,19.5,20.0,False
-dxfTGcXJoc_6,audio,40,20.0,20.5,False
-dxfTGcXJoc_6,audio,41,20.5,21.0,False
-dxfTGcXJoc_6,audio,42,21.0,21.5,False
-dxfTGcXJoc_6,audio,43,21.5,22.0,False
-dxfTGcXJoc_6,audio,44,22.0,22.5,False
-dxfTGcXJoc_6,audio,45,22.5,23.0,False
-dxfTGcXJoc_6,audio,46,23.0,23.5,False
-dxfTGcXJoc_6,audio,47,23.5,24.0,False
-dxfTGcXJoc_6,audio,48,24.0,24.5,False
-dxfTGcXJoc_6,audio,49,24.5,25.0,False
-dxfTGcXJoc_6,vision,0,0.0,0.5,True
-dxfTGcXJoc_6,vision,1,0.5,1.0,True
-dxfTGcXJoc_6,vision,2,1.0,1.5,True
-dxfTGcXJoc_6,vision,3,1.5,2.0,True
-dxfTGcXJoc_6,vision,4,2.0,2.5,True
-dxfTGcXJoc_6,vision,5,2.5,3.0,True
-dxfTGcXJoc_6,vision,6,3.0,3.5,True
-dxfTGcXJoc_6,vision,7,3.5,4.0,True
-dxfTGcXJoc_6,vision,8,4.0,4.5,True
-dxfTGcXJoc_6,vision,9,4.5,5.0,True
-dxfTGcXJoc_6,vision,10,5.0,5.5,True
-dxfTGcXJoc_6,vision,11,5.5,6.0,True
-dxfTGcXJoc_6,vision,12,6.0,6.5,True
-dxfTGcXJoc_6,vision,13,6.5,7.0,True
-dxfTGcXJoc_6,vision,14,7.0,7.5,True
-dxfTGcXJoc_6,vision,15,7.5,8.0,True
-dxfTGcXJoc_6,vision,16,8.0,8.5,True
-dxfTGcXJoc_6,vision,17,8.5,9.0,True
-dxfTGcXJoc_6,vision,18,9.0,9.5,True
-dxfTGcXJoc_6,vision,19,9.5,10.0,True
-dxfTGcXJoc_6,vision,20,10.0,10.5,True
-dxfTGcXJoc_6,vision,21,10.5,11.0,True
-dxfTGcXJoc_6,vision,22,11.0,11.5,True
-dxfTGcXJoc_6,vision,23,11.5,12.0,True
-dxfTGcXJoc_6,vision,24,12.0,12.5,True
-dxfTGcXJoc_6,vision,25,12.5,13.0,True
-dxfTGcXJoc_6,vision,26,13.0,13.5,False
-dxfTGcXJoc_6,vision,27,13.5,14.0,False
-dxfTGcXJoc_6,vision,28,14.0,14.5,False
-dxfTGcXJoc_6,vision,29,14.5,15.0,False
-dxfTGcXJoc_6,vision,30,15.0,15.5,False
-dxfTGcXJoc_6,vision,31,15.5,16.0,False
-dxfTGcXJoc_6,vision,32,16.0,16.5,False
-dxfTGcXJoc_6,vision,33,16.5,17.0,False
-dxfTGcXJoc_6,vision,34,17.0,17.5,False
-dxfTGcXJoc_6,vision,35,17.5,18.0,False
-dxfTGcXJoc_6,vision,36,18.0,18.5,False
-dxfTGcXJoc_6,vision,37,18.5,19.0,False
-dxfTGcXJoc_6,vision,38,19.0,19.5,False
-dxfTGcXJoc_6,vision,39,19.5,20.0,False
-dxfTGcXJoc_6,vision,40,20.0,20.5,False
-dxfTGcXJoc_6,vision,41,20.5,21.0,False
-dxfTGcXJoc_6,vision,42,21.0,21.5,False
-dxfTGcXJoc_6,vision,43,21.5,22.0,False
-dxfTGcXJoc_6,vision,44,22.0,22.5,False
-dxfTGcXJoc_6,vision,45,22.5,23.0,False
-dxfTGcXJoc_6,vision,46,23.0,23.5,False
-dxfTGcXJoc_6,vision,47,23.5,24.0,False
-dxfTGcXJoc_6,vision,48,24.0,24.5,False
-dxfTGcXJoc_6,vision,49,24.5,25.0,False
-egA8-b7-3M_1,audio,0,0.0,0.5,True
-egA8-b7-3M_1,audio,1,0.5,1.0,True
-egA8-b7-3M_1,audio,2,1.0,1.5,True
-egA8-b7-3M_1,audio,3,1.5,2.0,True
-egA8-b7-3M_1,audio,4,2.0,2.5,True
-egA8-b7-3M_1,audio,5,2.5,3.0,True
-egA8-b7-3M_1,audio,6,3.0,3.5,True
-egA8-b7-3M_1,audio,7,3.5,4.0,True
-egA8-b7-3M_1,audio,8,4.0,4.5,True
-egA8-b7-3M_1,audio,9,4.5,5.0,True
-egA8-b7-3M_1,audio,10,5.0,5.5,True
-egA8-b7-3M_1,audio,11,5.5,6.0,True
-egA8-b7-3M_1,audio,12,6.0,6.5,True
-egA8-b7-3M_1,audio,13,6.5,7.0,True
-egA8-b7-3M_1,audio,14,7.0,7.5,True
-egA8-b7-3M_1,audio,15,7.5,8.0,True
-egA8-b7-3M_1,audio,16,8.0,8.5,True
-egA8-b7-3M_1,audio,17,8.5,9.0,True
-egA8-b7-3M_1,audio,18,9.0,9.5,True
-egA8-b7-3M_1,audio,19,9.5,10.0,True
-egA8-b7-3M_1,audio,20,10.0,10.5,True
-egA8-b7-3M_1,audio,21,10.5,11.0,False
-egA8-b7-3M_1,audio,22,11.0,11.5,False
-egA8-b7-3M_1,audio,23,11.5,12.0,False
-egA8-b7-3M_1,audio,24,12.0,12.5,False
-egA8-b7-3M_1,audio,25,12.5,13.0,False
-egA8-b7-3M_1,audio,26,13.0,13.5,False
-egA8-b7-3M_1,audio,27,13.5,14.0,False
-egA8-b7-3M_1,audio,28,14.0,14.5,False
-egA8-b7-3M_1,audio,29,14.5,15.0,False
-egA8-b7-3M_1,audio,30,15.0,15.5,False
-egA8-b7-3M_1,audio,31,15.5,16.0,False
-egA8-b7-3M_1,audio,32,16.0,16.5,False
-egA8-b7-3M_1,audio,33,16.5,17.0,False
-egA8-b7-3M_1,audio,34,17.0,17.5,False
-egA8-b7-3M_1,audio,35,17.5,18.0,False
-egA8-b7-3M_1,audio,36,18.0,18.5,False
-egA8-b7-3M_1,audio,37,18.5,19.0,False
-egA8-b7-3M_1,audio,38,19.0,19.5,False
-egA8-b7-3M_1,audio,39,19.5,20.0,False
-egA8-b7-3M_1,audio,40,20.0,20.5,False
-egA8-b7-3M_1,audio,41,20.5,21.0,False
-egA8-b7-3M_1,audio,42,21.0,21.5,False
-egA8-b7-3M_1,audio,43,21.5,22.0,False
-egA8-b7-3M_1,audio,44,22.0,22.5,False
-egA8-b7-3M_1,audio,45,22.5,23.0,False
-egA8-b7-3M_1,audio,46,23.0,23.5,False
-egA8-b7-3M_1,audio,47,23.5,24.0,False
-egA8-b7-3M_1,audio,48,24.0,24.5,False
-egA8-b7-3M_1,audio,49,24.5,25.0,False
-egA8-b7-3M_1,vision,0,0.0,0.5,True
-egA8-b7-3M_1,vision,1,0.5,1.0,True
-egA8-b7-3M_1,vision,2,1.0,1.5,True
-egA8-b7-3M_1,vision,3,1.5,2.0,True
-egA8-b7-3M_1,vision,4,2.0,2.5,True
-egA8-b7-3M_1,vision,5,2.5,3.0,True
-egA8-b7-3M_1,vision,6,3.0,3.5,True
-egA8-b7-3M_1,vision,7,3.5,4.0,True
-egA8-b7-3M_1,vision,8,4.0,4.5,True
-egA8-b7-3M_1,vision,9,4.5,5.0,True
-egA8-b7-3M_1,vision,10,5.0,5.5,True
-egA8-b7-3M_1,vision,11,5.5,6.0,True
-egA8-b7-3M_1,vision,12,6.0,6.5,True
-egA8-b7-3M_1,vision,13,6.5,7.0,True
-egA8-b7-3M_1,vision,14,7.0,7.5,True
-egA8-b7-3M_1,vision,15,7.5,8.0,True
-egA8-b7-3M_1,vision,16,8.0,8.5,True
-egA8-b7-3M_1,vision,17,8.5,9.0,True
-egA8-b7-3M_1,vision,18,9.0,9.5,True
-egA8-b7-3M_1,vision,19,9.5,10.0,True
-egA8-b7-3M_1,vision,20,10.0,10.5,True
-egA8-b7-3M_1,vision,21,10.5,11.0,False
-egA8-b7-3M_1,vision,22,11.0,11.5,False
-egA8-b7-3M_1,vision,23,11.5,12.0,False
-egA8-b7-3M_1,vision,24,12.0,12.5,False
-egA8-b7-3M_1,vision,25,12.5,13.0,False
-egA8-b7-3M_1,vision,26,13.0,13.5,False
-egA8-b7-3M_1,vision,27,13.5,14.0,False
-egA8-b7-3M_1,vision,28,14.0,14.5,False
-egA8-b7-3M_1,vision,29,14.5,15.0,False
-egA8-b7-3M_1,vision,30,15.0,15.5,False
-egA8-b7-3M_1,vision,31,15.5,16.0,False
-egA8-b7-3M_1,vision,32,16.0,16.5,False
-egA8-b7-3M_1,vision,33,16.5,17.0,False
-egA8-b7-3M_1,vision,34,17.0,17.5,False
-egA8-b7-3M_1,vision,35,17.5,18.0,False
-egA8-b7-3M_1,vision,36,18.0,18.5,False
-egA8-b7-3M_1,vision,37,18.5,19.0,False
-egA8-b7-3M_1,vision,38,19.0,19.5,False
-egA8-b7-3M_1,vision,39,19.5,20.0,False
-egA8-b7-3M_1,vision,40,20.0,20.5,False
-egA8-b7-3M_1,vision,41,20.5,21.0,False
-egA8-b7-3M_1,vision,42,21.0,21.5,False
-egA8-b7-3M_1,vision,43,21.5,22.0,False
-egA8-b7-3M_1,vision,44,22.0,22.5,False
-egA8-b7-3M_1,vision,45,22.5,23.0,False
-egA8-b7-3M_1,vision,46,23.0,23.5,False
-egA8-b7-3M_1,vision,47,23.5,24.0,False
-egA8-b7-3M_1,vision,48,24.0,24.5,False
-egA8-b7-3M_1,vision,49,24.5,25.0,False
-egA8-b7-3M_13,audio,0,0.0,0.5,True
-egA8-b7-3M_13,audio,1,0.5,1.0,True
-egA8-b7-3M_13,audio,2,1.0,1.5,True
-egA8-b7-3M_13,audio,3,1.5,2.0,True
-egA8-b7-3M_13,audio,4,2.0,2.5,True
-egA8-b7-3M_13,audio,5,2.5,3.0,True
-egA8-b7-3M_13,audio,6,3.0,3.5,True
-egA8-b7-3M_13,audio,7,3.5,4.0,True
-egA8-b7-3M_13,audio,8,4.0,4.5,False
-egA8-b7-3M_13,audio,9,4.5,5.0,False
-egA8-b7-3M_13,audio,10,5.0,5.5,False
-egA8-b7-3M_13,audio,11,5.5,6.0,False
-egA8-b7-3M_13,audio,12,6.0,6.5,False
-egA8-b7-3M_13,audio,13,6.5,7.0,False
-egA8-b7-3M_13,audio,14,7.0,7.5,False
-egA8-b7-3M_13,audio,15,7.5,8.0,False
-egA8-b7-3M_13,audio,16,8.0,8.5,False
-egA8-b7-3M_13,audio,17,8.5,9.0,False
-egA8-b7-3M_13,audio,18,9.0,9.5,False
-egA8-b7-3M_13,audio,19,9.5,10.0,False
-egA8-b7-3M_13,audio,20,10.0,10.5,False
-egA8-b7-3M_13,audio,21,10.5,11.0,False
-egA8-b7-3M_13,audio,22,11.0,11.5,False
-egA8-b7-3M_13,audio,23,11.5,12.0,False
-egA8-b7-3M_13,audio,24,12.0,12.5,False
-egA8-b7-3M_13,audio,25,12.5,13.0,False
-egA8-b7-3M_13,audio,26,13.0,13.5,False
-egA8-b7-3M_13,audio,27,13.5,14.0,False
-egA8-b7-3M_13,audio,28,14.0,14.5,False
-egA8-b7-3M_13,audio,29,14.5,15.0,False
-egA8-b7-3M_13,audio,30,15.0,15.5,False
-egA8-b7-3M_13,audio,31,15.5,16.0,False
-egA8-b7-3M_13,audio,32,16.0,16.5,False
-egA8-b7-3M_13,audio,33,16.5,17.0,False
-egA8-b7-3M_13,audio,34,17.0,17.5,False
-egA8-b7-3M_13,audio,35,17.5,18.0,False
-egA8-b7-3M_13,audio,36,18.0,18.5,False
-egA8-b7-3M_13,audio,37,18.5,19.0,False
-egA8-b7-3M_13,audio,38,19.0,19.5,False
-egA8-b7-3M_13,audio,39,19.5,20.0,False
-egA8-b7-3M_13,audio,40,20.0,20.5,False
-egA8-b7-3M_13,audio,41,20.5,21.0,False
-egA8-b7-3M_13,audio,42,21.0,21.5,False
-egA8-b7-3M_13,audio,43,21.5,22.0,False
-egA8-b7-3M_13,audio,44,22.0,22.5,False
-egA8-b7-3M_13,audio,45,22.5,23.0,False
-egA8-b7-3M_13,audio,46,23.0,23.5,False
-egA8-b7-3M_13,audio,47,23.5,24.0,False
-egA8-b7-3M_13,audio,48,24.0,24.5,False
-egA8-b7-3M_13,audio,49,24.5,25.0,False
-egA8-b7-3M_13,vision,0,0.0,0.5,True
-egA8-b7-3M_13,vision,1,0.5,1.0,True
-egA8-b7-3M_13,vision,2,1.0,1.5,True
-egA8-b7-3M_13,vision,3,1.5,2.0,True
-egA8-b7-3M_13,vision,4,2.0,2.5,True
-egA8-b7-3M_13,vision,5,2.5,3.0,True
-egA8-b7-3M_13,vision,6,3.0,3.5,True
-egA8-b7-3M_13,vision,7,3.5,4.0,True
-egA8-b7-3M_13,vision,8,4.0,4.5,True
-egA8-b7-3M_13,vision,9,4.5,5.0,False
-egA8-b7-3M_13,vision,10,5.0,5.5,False
-egA8-b7-3M_13,vision,11,5.5,6.0,False
-egA8-b7-3M_13,vision,12,6.0,6.5,False
-egA8-b7-3M_13,vision,13,6.5,7.0,False
-egA8-b7-3M_13,vision,14,7.0,7.5,False
-egA8-b7-3M_13,vision,15,7.5,8.0,False
-egA8-b7-3M_13,vision,16,8.0,8.5,False
-egA8-b7-3M_13,vision,17,8.5,9.0,False
-egA8-b7-3M_13,vision,18,9.0,9.5,False
-egA8-b7-3M_13,vision,19,9.5,10.0,False
-egA8-b7-3M_13,vision,20,10.0,10.5,False
-egA8-b7-3M_13,vision,21,10.5,11.0,False
-egA8-b7-3M_13,vision,22,11.0,11.5,False
-egA8-b7-3M_13,vision,23,11.5,12.0,False
-egA8-b7-3M_13,vision,24,12.0,12.5,False
-egA8-b7-3M_13,vision,25,12.5,13.0,False
-egA8-b7-3M_13,vision,26,13.0,13.5,False
-egA8-b7-3M_13,vision,27,13.5,14.0,False
-egA8-b7-3M_13,vision,28,14.0,14.5,False
-egA8-b7-3M_13,vision,29,14.5,15.0,False
-egA8-b7-3M_13,vision,30,15.0,15.5,False
-egA8-b7-3M_13,vision,31,15.5,16.0,False
-egA8-b7-3M_13,vision,32,16.0,16.5,False
-egA8-b7-3M_13,vision,33,16.5,17.0,False
-egA8-b7-3M_13,vision,34,17.0,17.5,False
-egA8-b7-3M_13,vision,35,17.5,18.0,False
-egA8-b7-3M_13,vision,36,18.0,18.5,False
-egA8-b7-3M_13,vision,37,18.5,19.0,False
-egA8-b7-3M_13,vision,38,19.0,19.5,False
-egA8-b7-3M_13,vision,39,19.5,20.0,False
-egA8-b7-3M_13,vision,40,20.0,20.5,False
-egA8-b7-3M_13,vision,41,20.5,21.0,False
-egA8-b7-3M_13,vision,42,21.0,21.5,False
-egA8-b7-3M_13,vision,43,21.5,22.0,False
-egA8-b7-3M_13,vision,44,22.0,22.5,False
-egA8-b7-3M_13,vision,45,22.5,23.0,False
-egA8-b7-3M_13,vision,46,23.0,23.5,False
-egA8-b7-3M_13,vision,47,23.5,24.0,False
-egA8-b7-3M_13,vision,48,24.0,24.5,False
-egA8-b7-3M_13,vision,49,24.5,25.0,False
-egA8-b7-3M_16,audio,0,0.0,0.5,True
-egA8-b7-3M_16,audio,1,0.5,1.0,True
-egA8-b7-3M_16,audio,2,1.0,1.5,True
-egA8-b7-3M_16,audio,3,1.5,2.0,True
-egA8-b7-3M_16,audio,4,2.0,2.5,True
-egA8-b7-3M_16,audio,5,2.5,3.0,True
-egA8-b7-3M_16,audio,6,3.0,3.5,True
-egA8-b7-3M_16,audio,7,3.5,4.0,True
-egA8-b7-3M_16,audio,8,4.0,4.5,True
-egA8-b7-3M_16,audio,9,4.5,5.0,True
-egA8-b7-3M_16,audio,10,5.0,5.5,True
-egA8-b7-3M_16,audio,11,5.5,6.0,False
-egA8-b7-3M_16,audio,12,6.0,6.5,False
-egA8-b7-3M_16,audio,13,6.5,7.0,False
-egA8-b7-3M_16,audio,14,7.0,7.5,False
-egA8-b7-3M_16,audio,15,7.5,8.0,False
-egA8-b7-3M_16,audio,16,8.0,8.5,False
-egA8-b7-3M_16,audio,17,8.5,9.0,False
-egA8-b7-3M_16,audio,18,9.0,9.5,False
-egA8-b7-3M_16,audio,19,9.5,10.0,False
-egA8-b7-3M_16,audio,20,10.0,10.5,False
-egA8-b7-3M_16,audio,21,10.5,11.0,False
-egA8-b7-3M_16,audio,22,11.0,11.5,False
-egA8-b7-3M_16,audio,23,11.5,12.0,False
-egA8-b7-3M_16,audio,24,12.0,12.5,False
-egA8-b7-3M_16,audio,25,12.5,13.0,False
-egA8-b7-3M_16,audio,26,13.0,13.5,False
-egA8-b7-3M_16,audio,27,13.5,14.0,False
-egA8-b7-3M_16,audio,28,14.0,14.5,False
-egA8-b7-3M_16,audio,29,14.5,15.0,False
-egA8-b7-3M_16,audio,30,15.0,15.5,False
-egA8-b7-3M_16,audio,31,15.5,16.0,False
-egA8-b7-3M_16,audio,32,16.0,16.5,False
-egA8-b7-3M_16,audio,33,16.5,17.0,False
-egA8-b7-3M_16,audio,34,17.0,17.5,False
-egA8-b7-3M_16,audio,35,17.5,18.0,False
-egA8-b7-3M_16,audio,36,18.0,18.5,False
-egA8-b7-3M_16,audio,37,18.5,19.0,False
-egA8-b7-3M_16,audio,38,19.0,19.5,False
-egA8-b7-3M_16,audio,39,19.5,20.0,False
-egA8-b7-3M_16,audio,40,20.0,20.5,False
-egA8-b7-3M_16,audio,41,20.5,21.0,False
-egA8-b7-3M_16,audio,42,21.0,21.5,False
-egA8-b7-3M_16,audio,43,21.5,22.0,False
-egA8-b7-3M_16,audio,44,22.0,22.5,False
-egA8-b7-3M_16,audio,45,22.5,23.0,False
-egA8-b7-3M_16,audio,46,23.0,23.5,False
-egA8-b7-3M_16,audio,47,23.5,24.0,False
-egA8-b7-3M_16,audio,48,24.0,24.5,False
-egA8-b7-3M_16,audio,49,24.5,25.0,False
-egA8-b7-3M_16,vision,0,0.0,0.5,True
-egA8-b7-3M_16,vision,1,0.5,1.0,True
-egA8-b7-3M_16,vision,2,1.0,1.5,True
-egA8-b7-3M_16,vision,3,1.5,2.0,True
-egA8-b7-3M_16,vision,4,2.0,2.5,True
-egA8-b7-3M_16,vision,5,2.5,3.0,True
-egA8-b7-3M_16,vision,6,3.0,3.5,True
-egA8-b7-3M_16,vision,7,3.5,4.0,True
-egA8-b7-3M_16,vision,8,4.0,4.5,True
-egA8-b7-3M_16,vision,9,4.5,5.0,True
-egA8-b7-3M_16,vision,10,5.0,5.5,True
-egA8-b7-3M_16,vision,11,5.5,6.0,True
-egA8-b7-3M_16,vision,12,6.0,6.5,False
-egA8-b7-3M_16,vision,13,6.5,7.0,False
-egA8-b7-3M_16,vision,14,7.0,7.5,False
-egA8-b7-3M_16,vision,15,7.5,8.0,False
-egA8-b7-3M_16,vision,16,8.0,8.5,False
-egA8-b7-3M_16,vision,17,8.5,9.0,False
-egA8-b7-3M_16,vision,18,9.0,9.5,False
-egA8-b7-3M_16,vision,19,9.5,10.0,False
-egA8-b7-3M_16,vision,20,10.0,10.5,False
-egA8-b7-3M_16,vision,21,10.5,11.0,False
-egA8-b7-3M_16,vision,22,11.0,11.5,False
-egA8-b7-3M_16,vision,23,11.5,12.0,False
-egA8-b7-3M_16,vision,24,12.0,12.5,False
-egA8-b7-3M_16,vision,25,12.5,13.0,False
-egA8-b7-3M_16,vision,26,13.0,13.5,False
-egA8-b7-3M_16,vision,27,13.5,14.0,False
-egA8-b7-3M_16,vision,28,14.0,14.5,False
-egA8-b7-3M_16,vision,29,14.5,15.0,False
-egA8-b7-3M_16,vision,30,15.0,15.5,False
-egA8-b7-3M_16,vision,31,15.5,16.0,False
-egA8-b7-3M_16,vision,32,16.0,16.5,False
-egA8-b7-3M_16,vision,33,16.5,17.0,False
-egA8-b7-3M_16,vision,34,17.0,17.5,False
-egA8-b7-3M_16,vision,35,17.5,18.0,False
-egA8-b7-3M_16,vision,36,18.0,18.5,False
-egA8-b7-3M_16,vision,37,18.5,19.0,False
-egA8-b7-3M_16,vision,38,19.0,19.5,False
-egA8-b7-3M_16,vision,39,19.5,20.0,False
-egA8-b7-3M_16,vision,40,20.0,20.5,False
-egA8-b7-3M_16,vision,41,20.5,21.0,False
-egA8-b7-3M_16,vision,42,21.0,21.5,False
-egA8-b7-3M_16,vision,43,21.5,22.0,False
-egA8-b7-3M_16,vision,44,22.0,22.5,False
-egA8-b7-3M_16,vision,45,22.5,23.0,False
-egA8-b7-3M_16,vision,46,23.0,23.5,False
-egA8-b7-3M_16,vision,47,23.5,24.0,False
-egA8-b7-3M_16,vision,48,24.0,24.5,False
-egA8-b7-3M_16,vision,49,24.5,25.0,False
-egA8-b7-3M_17,audio,0,0.0,0.5,True
-egA8-b7-3M_17,audio,1,0.5,1.0,True
-egA8-b7-3M_17,audio,2,1.0,1.5,True
-egA8-b7-3M_17,audio,3,1.5,2.0,True
-egA8-b7-3M_17,audio,4,2.0,2.5,True
-egA8-b7-3M_17,audio,5,2.5,3.0,True
-egA8-b7-3M_17,audio,6,3.0,3.5,True
-egA8-b7-3M_17,audio,7,3.5,4.0,True
-egA8-b7-3M_17,audio,8,4.0,4.5,True
-egA8-b7-3M_17,audio,9,4.5,5.0,True
-egA8-b7-3M_17,audio,10,5.0,5.5,True
-egA8-b7-3M_17,audio,11,5.5,6.0,True
-egA8-b7-3M_17,audio,12,6.0,6.5,True
-egA8-b7-3M_17,audio,13,6.5,7.0,True
-egA8-b7-3M_17,audio,14,7.0,7.5,True
-egA8-b7-3M_17,audio,15,7.5,8.0,False
-egA8-b7-3M_17,audio,16,8.0,8.5,False
-egA8-b7-3M_17,audio,17,8.5,9.0,False
-egA8-b7-3M_17,audio,18,9.0,9.5,False
-egA8-b7-3M_17,audio,19,9.5,10.0,False
-egA8-b7-3M_17,audio,20,10.0,10.5,False
-egA8-b7-3M_17,audio,21,10.5,11.0,False
-egA8-b7-3M_17,audio,22,11.0,11.5,False
-egA8-b7-3M_17,audio,23,11.5,12.0,False
-egA8-b7-3M_17,audio,24,12.0,12.5,False
-egA8-b7-3M_17,audio,25,12.5,13.0,False
-egA8-b7-3M_17,audio,26,13.0,13.5,False
-egA8-b7-3M_17,audio,27,13.5,14.0,False
-egA8-b7-3M_17,audio,28,14.0,14.5,False
-egA8-b7-3M_17,audio,29,14.5,15.0,False
-egA8-b7-3M_17,audio,30,15.0,15.5,False
-egA8-b7-3M_17,audio,31,15.5,16.0,False
-egA8-b7-3M_17,audio,32,16.0,16.5,False
-egA8-b7-3M_17,audio,33,16.5,17.0,False
-egA8-b7-3M_17,audio,34,17.0,17.5,False
-egA8-b7-3M_17,audio,35,17.5,18.0,False
-egA8-b7-3M_17,audio,36,18.0,18.5,False
-egA8-b7-3M_17,audio,37,18.5,19.0,False
-egA8-b7-3M_17,audio,38,19.0,19.5,False
-egA8-b7-3M_17,audio,39,19.5,20.0,False
-egA8-b7-3M_17,audio,40,20.0,20.5,False
-egA8-b7-3M_17,audio,41,20.5,21.0,False
-egA8-b7-3M_17,audio,42,21.0,21.5,False
-egA8-b7-3M_17,audio,43,21.5,22.0,False
-egA8-b7-3M_17,audio,44,22.0,22.5,False
-egA8-b7-3M_17,audio,45,22.5,23.0,False
-egA8-b7-3M_17,audio,46,23.0,23.5,False
-egA8-b7-3M_17,audio,47,23.5,24.0,False
-egA8-b7-3M_17,audio,48,24.0,24.5,False
-egA8-b7-3M_17,audio,49,24.5,25.0,False
-egA8-b7-3M_17,vision,0,0.0,0.5,True
-egA8-b7-3M_17,vision,1,0.5,1.0,True
-egA8-b7-3M_17,vision,2,1.0,1.5,True
-egA8-b7-3M_17,vision,3,1.5,2.0,True
-egA8-b7-3M_17,vision,4,2.0,2.5,True
-egA8-b7-3M_17,vision,5,2.5,3.0,True
-egA8-b7-3M_17,vision,6,3.0,3.5,True
-egA8-b7-3M_17,vision,7,3.5,4.0,True
-egA8-b7-3M_17,vision,8,4.0,4.5,True
-egA8-b7-3M_17,vision,9,4.5,5.0,True
-egA8-b7-3M_17,vision,10,5.0,5.5,True
-egA8-b7-3M_17,vision,11,5.5,6.0,True
-egA8-b7-3M_17,vision,12,6.0,6.5,True
-egA8-b7-3M_17,vision,13,6.5,7.0,True
-egA8-b7-3M_17,vision,14,7.0,7.5,True
-egA8-b7-3M_17,vision,15,7.5,8.0,False
-egA8-b7-3M_17,vision,16,8.0,8.5,False
-egA8-b7-3M_17,vision,17,8.5,9.0,False
-egA8-b7-3M_17,vision,18,9.0,9.5,False
-egA8-b7-3M_17,vision,19,9.5,10.0,False
-egA8-b7-3M_17,vision,20,10.0,10.5,False
-egA8-b7-3M_17,vision,21,10.5,11.0,False
-egA8-b7-3M_17,vision,22,11.0,11.5,False
-egA8-b7-3M_17,vision,23,11.5,12.0,False
-egA8-b7-3M_17,vision,24,12.0,12.5,False
-egA8-b7-3M_17,vision,25,12.5,13.0,False
-egA8-b7-3M_17,vision,26,13.0,13.5,False
-egA8-b7-3M_17,vision,27,13.5,14.0,False
-egA8-b7-3M_17,vision,28,14.0,14.5,False
-egA8-b7-3M_17,vision,29,14.5,15.0,False
-egA8-b7-3M_17,vision,30,15.0,15.5,False
-egA8-b7-3M_17,vision,31,15.5,16.0,False
-egA8-b7-3M_17,vision,32,16.0,16.5,False
-egA8-b7-3M_17,vision,33,16.5,17.0,False
-egA8-b7-3M_17,vision,34,17.0,17.5,False
-egA8-b7-3M_17,vision,35,17.5,18.0,False
-egA8-b7-3M_17,vision,36,18.0,18.5,False
-egA8-b7-3M_17,vision,37,18.5,19.0,False
-egA8-b7-3M_17,vision,38,19.0,19.5,False
-egA8-b7-3M_17,vision,39,19.5,20.0,False
-egA8-b7-3M_17,vision,40,20.0,20.5,False
-egA8-b7-3M_17,vision,41,20.5,21.0,False
-egA8-b7-3M_17,vision,42,21.0,21.5,False
-egA8-b7-3M_17,vision,43,21.5,22.0,False
-egA8-b7-3M_17,vision,44,22.0,22.5,False
-egA8-b7-3M_17,vision,45,22.5,23.0,False
-egA8-b7-3M_17,vision,46,23.0,23.5,False
-egA8-b7-3M_17,vision,47,23.5,24.0,False
-egA8-b7-3M_17,vision,48,24.0,24.5,False
-egA8-b7-3M_17,vision,49,24.5,25.0,False
-egA8-b7-3M_18,audio,0,0.0,0.5,True
-egA8-b7-3M_18,audio,1,0.5,1.0,True
-egA8-b7-3M_18,audio,2,1.0,1.5,True
-egA8-b7-3M_18,audio,3,1.5,2.0,True
-egA8-b7-3M_18,audio,4,2.0,2.5,True
-egA8-b7-3M_18,audio,5,2.5,3.0,True
-egA8-b7-3M_18,audio,6,3.0,3.5,True
-egA8-b7-3M_18,audio,7,3.5,4.0,True
-egA8-b7-3M_18,audio,8,4.0,4.5,True
-egA8-b7-3M_18,audio,9,4.5,5.0,True
-egA8-b7-3M_18,audio,10,5.0,5.5,True
-egA8-b7-3M_18,audio,11,5.5,6.0,True
-egA8-b7-3M_18,audio,12,6.0,6.5,True
-egA8-b7-3M_18,audio,13,6.5,7.0,True
-egA8-b7-3M_18,audio,14,7.0,7.5,True
-egA8-b7-3M_18,audio,15,7.5,8.0,True
-egA8-b7-3M_18,audio,16,8.0,8.5,True
-egA8-b7-3M_18,audio,17,8.5,9.0,False
-egA8-b7-3M_18,audio,18,9.0,9.5,False
-egA8-b7-3M_18,audio,19,9.5,10.0,False
-egA8-b7-3M_18,audio,20,10.0,10.5,False
-egA8-b7-3M_18,audio,21,10.5,11.0,False
-egA8-b7-3M_18,audio,22,11.0,11.5,False
-egA8-b7-3M_18,audio,23,11.5,12.0,False
-egA8-b7-3M_18,audio,24,12.0,12.5,False
-egA8-b7-3M_18,audio,25,12.5,13.0,False
-egA8-b7-3M_18,audio,26,13.0,13.5,False
-egA8-b7-3M_18,audio,27,13.5,14.0,False
-egA8-b7-3M_18,audio,28,14.0,14.5,False
-egA8-b7-3M_18,audio,29,14.5,15.0,False
-egA8-b7-3M_18,audio,30,15.0,15.5,False
-egA8-b7-3M_18,audio,31,15.5,16.0,False
-egA8-b7-3M_18,audio,32,16.0,16.5,False
-egA8-b7-3M_18,audio,33,16.5,17.0,False
-egA8-b7-3M_18,audio,34,17.0,17.5,False
-egA8-b7-3M_18,audio,35,17.5,18.0,False
-egA8-b7-3M_18,audio,36,18.0,18.5,False
-egA8-b7-3M_18,audio,37,18.5,19.0,False
-egA8-b7-3M_18,audio,38,19.0,19.5,False
-egA8-b7-3M_18,audio,39,19.5,20.0,False
-egA8-b7-3M_18,audio,40,20.0,20.5,False
-egA8-b7-3M_18,audio,41,20.5,21.0,False
-egA8-b7-3M_18,audio,42,21.0,21.5,False
-egA8-b7-3M_18,audio,43,21.5,22.0,False
-egA8-b7-3M_18,audio,44,22.0,22.5,False
-egA8-b7-3M_18,audio,45,22.5,23.0,False
-egA8-b7-3M_18,audio,46,23.0,23.5,False
-egA8-b7-3M_18,audio,47,23.5,24.0,False
-egA8-b7-3M_18,audio,48,24.0,24.5,False
-egA8-b7-3M_18,audio,49,24.5,25.0,False
-egA8-b7-3M_18,vision,0,0.0,0.5,True
-egA8-b7-3M_18,vision,1,0.5,1.0,True
-egA8-b7-3M_18,vision,2,1.0,1.5,True
-egA8-b7-3M_18,vision,3,1.5,2.0,True
-egA8-b7-3M_18,vision,4,2.0,2.5,True
-egA8-b7-3M_18,vision,5,2.5,3.0,True
-egA8-b7-3M_18,vision,6,3.0,3.5,True
-egA8-b7-3M_18,vision,7,3.5,4.0,True
-egA8-b7-3M_18,vision,8,4.0,4.5,True
-egA8-b7-3M_18,vision,9,4.5,5.0,True
-egA8-b7-3M_18,vision,10,5.0,5.5,True
-egA8-b7-3M_18,vision,11,5.5,6.0,True
-egA8-b7-3M_18,vision,12,6.0,6.5,True
-egA8-b7-3M_18,vision,13,6.5,7.0,True
-egA8-b7-3M_18,vision,14,7.0,7.5,True
-egA8-b7-3M_18,vision,15,7.5,8.0,True
-egA8-b7-3M_18,vision,16,8.0,8.5,True
-egA8-b7-3M_18,vision,17,8.5,9.0,False
-egA8-b7-3M_18,vision,18,9.0,9.5,False
-egA8-b7-3M_18,vision,19,9.5,10.0,False
-egA8-b7-3M_18,vision,20,10.0,10.5,False
-egA8-b7-3M_18,vision,21,10.5,11.0,False
-egA8-b7-3M_18,vision,22,11.0,11.5,False
-egA8-b7-3M_18,vision,23,11.5,12.0,False
-egA8-b7-3M_18,vision,24,12.0,12.5,False
-egA8-b7-3M_18,vision,25,12.5,13.0,False
-egA8-b7-3M_18,vision,26,13.0,13.5,False
-egA8-b7-3M_18,vision,27,13.5,14.0,False
-egA8-b7-3M_18,vision,28,14.0,14.5,False
-egA8-b7-3M_18,vision,29,14.5,15.0,False
-egA8-b7-3M_18,vision,30,15.0,15.5,False
-egA8-b7-3M_18,vision,31,15.5,16.0,False
-egA8-b7-3M_18,vision,32,16.0,16.5,False
-egA8-b7-3M_18,vision,33,16.5,17.0,False
-egA8-b7-3M_18,vision,34,17.0,17.5,False
-egA8-b7-3M_18,vision,35,17.5,18.0,False
-egA8-b7-3M_18,vision,36,18.0,18.5,False
-egA8-b7-3M_18,vision,37,18.5,19.0,False
-egA8-b7-3M_18,vision,38,19.0,19.5,False
-egA8-b7-3M_18,vision,39,19.5,20.0,False
-egA8-b7-3M_18,vision,40,20.0,20.5,False
-egA8-b7-3M_18,vision,41,20.5,21.0,False
-egA8-b7-3M_18,vision,42,21.0,21.5,False
-egA8-b7-3M_18,vision,43,21.5,22.0,False
-egA8-b7-3M_18,vision,44,22.0,22.5,False
-egA8-b7-3M_18,vision,45,22.5,23.0,False
-egA8-b7-3M_18,vision,46,23.0,23.5,False
-egA8-b7-3M_18,vision,47,23.5,24.0,False
-egA8-b7-3M_18,vision,48,24.0,24.5,False
-egA8-b7-3M_18,vision,49,24.5,25.0,False
-egA8-b7-3M_20,audio,0,0.0,0.5,True
-egA8-b7-3M_20,audio,1,0.5,1.0,True
-egA8-b7-3M_20,audio,2,1.0,1.5,True
-egA8-b7-3M_20,audio,3,1.5,2.0,True
-egA8-b7-3M_20,audio,4,2.0,2.5,True
-egA8-b7-3M_20,audio,5,2.5,3.0,True
-egA8-b7-3M_20,audio,6,3.0,3.5,True
-egA8-b7-3M_20,audio,7,3.5,4.0,True
-egA8-b7-3M_20,audio,8,4.0,4.5,True
-egA8-b7-3M_20,audio,9,4.5,5.0,True
-egA8-b7-3M_20,audio,10,5.0,5.5,True
-egA8-b7-3M_20,audio,11,5.5,6.0,True
-egA8-b7-3M_20,audio,12,6.0,6.5,True
-egA8-b7-3M_20,audio,13,6.5,7.0,False
-egA8-b7-3M_20,audio,14,7.0,7.5,False
-egA8-b7-3M_20,audio,15,7.5,8.0,False
-egA8-b7-3M_20,audio,16,8.0,8.5,False
-egA8-b7-3M_20,audio,17,8.5,9.0,False
-egA8-b7-3M_20,audio,18,9.0,9.5,False
-egA8-b7-3M_20,audio,19,9.5,10.0,False
-egA8-b7-3M_20,audio,20,10.0,10.5,False
-egA8-b7-3M_20,audio,21,10.5,11.0,False
-egA8-b7-3M_20,audio,22,11.0,11.5,False
-egA8-b7-3M_20,audio,23,11.5,12.0,False
-egA8-b7-3M_20,audio,24,12.0,12.5,False
-egA8-b7-3M_20,audio,25,12.5,13.0,False
-egA8-b7-3M_20,audio,26,13.0,13.5,False
-egA8-b7-3M_20,audio,27,13.5,14.0,False
-egA8-b7-3M_20,audio,28,14.0,14.5,False
-egA8-b7-3M_20,audio,29,14.5,15.0,False
-egA8-b7-3M_20,audio,30,15.0,15.5,False
-egA8-b7-3M_20,audio,31,15.5,16.0,False
-egA8-b7-3M_20,audio,32,16.0,16.5,False
-egA8-b7-3M_20,audio,33,16.5,17.0,False
-egA8-b7-3M_20,audio,34,17.0,17.5,False
-egA8-b7-3M_20,audio,35,17.5,18.0,False
-egA8-b7-3M_20,audio,36,18.0,18.5,False
-egA8-b7-3M_20,audio,37,18.5,19.0,False
-egA8-b7-3M_20,audio,38,19.0,19.5,False
-egA8-b7-3M_20,audio,39,19.5,20.0,False
-egA8-b7-3M_20,audio,40,20.0,20.5,False
-egA8-b7-3M_20,audio,41,20.5,21.0,False
-egA8-b7-3M_20,audio,42,21.0,21.5,False
-egA8-b7-3M_20,audio,43,21.5,22.0,False
-egA8-b7-3M_20,audio,44,22.0,22.5,False
-egA8-b7-3M_20,audio,45,22.5,23.0,False
-egA8-b7-3M_20,audio,46,23.0,23.5,False
-egA8-b7-3M_20,audio,47,23.5,24.0,False
-egA8-b7-3M_20,audio,48,24.0,24.5,False
-egA8-b7-3M_20,audio,49,24.5,25.0,False
-egA8-b7-3M_20,vision,0,0.0,0.5,True
-egA8-b7-3M_20,vision,1,0.5,1.0,True
-egA8-b7-3M_20,vision,2,1.0,1.5,True
-egA8-b7-3M_20,vision,3,1.5,2.0,True
-egA8-b7-3M_20,vision,4,2.0,2.5,True
-egA8-b7-3M_20,vision,5,2.5,3.0,True
-egA8-b7-3M_20,vision,6,3.0,3.5,True
-egA8-b7-3M_20,vision,7,3.5,4.0,True
-egA8-b7-3M_20,vision,8,4.0,4.5,True
-egA8-b7-3M_20,vision,9,4.5,5.0,True
-egA8-b7-3M_20,vision,10,5.0,5.5,True
-egA8-b7-3M_20,vision,11,5.5,6.0,True
-egA8-b7-3M_20,vision,12,6.0,6.5,True
-egA8-b7-3M_20,vision,13,6.5,7.0,True
-egA8-b7-3M_20,vision,14,7.0,7.5,False
-egA8-b7-3M_20,vision,15,7.5,8.0,False
-egA8-b7-3M_20,vision,16,8.0,8.5,False
-egA8-b7-3M_20,vision,17,8.5,9.0,False
-egA8-b7-3M_20,vision,18,9.0,9.5,False
-egA8-b7-3M_20,vision,19,9.5,10.0,False
-egA8-b7-3M_20,vision,20,10.0,10.5,False
-egA8-b7-3M_20,vision,21,10.5,11.0,False
-egA8-b7-3M_20,vision,22,11.0,11.5,False
-egA8-b7-3M_20,vision,23,11.5,12.0,False
-egA8-b7-3M_20,vision,24,12.0,12.5,False
-egA8-b7-3M_20,vision,25,12.5,13.0,False
-egA8-b7-3M_20,vision,26,13.0,13.5,False
-egA8-b7-3M_20,vision,27,13.5,14.0,False
-egA8-b7-3M_20,vision,28,14.0,14.5,False
-egA8-b7-3M_20,vision,29,14.5,15.0,False
-egA8-b7-3M_20,vision,30,15.0,15.5,False
-egA8-b7-3M_20,vision,31,15.5,16.0,False
-egA8-b7-3M_20,vision,32,16.0,16.5,False
-egA8-b7-3M_20,vision,33,16.5,17.0,False
-egA8-b7-3M_20,vision,34,17.0,17.5,False
-egA8-b7-3M_20,vision,35,17.5,18.0,False
-egA8-b7-3M_20,vision,36,18.0,18.5,False
-egA8-b7-3M_20,vision,37,18.5,19.0,False
-egA8-b7-3M_20,vision,38,19.0,19.5,False
-egA8-b7-3M_20,vision,39,19.5,20.0,False
-egA8-b7-3M_20,vision,40,20.0,20.5,False
-egA8-b7-3M_20,vision,41,20.5,21.0,False
-egA8-b7-3M_20,vision,42,21.0,21.5,False
-egA8-b7-3M_20,vision,43,21.5,22.0,False
-egA8-b7-3M_20,vision,44,22.0,22.5,False
-egA8-b7-3M_20,vision,45,22.5,23.0,False
-egA8-b7-3M_20,vision,46,23.0,23.5,False
-egA8-b7-3M_20,vision,47,23.5,24.0,False
-egA8-b7-3M_20,vision,48,24.0,24.5,False
-egA8-b7-3M_20,vision,49,24.5,25.0,False
-egA8-b7-3M_26,audio,0,0.0,0.5,True
-egA8-b7-3M_26,audio,1,0.5,1.0,True
-egA8-b7-3M_26,audio,2,1.0,1.5,True
-egA8-b7-3M_26,audio,3,1.5,2.0,True
-egA8-b7-3M_26,audio,4,2.0,2.5,True
-egA8-b7-3M_26,audio,5,2.5,3.0,True
-egA8-b7-3M_26,audio,6,3.0,3.5,True
-egA8-b7-3M_26,audio,7,3.5,4.0,True
-egA8-b7-3M_26,audio,8,4.0,4.5,True
-egA8-b7-3M_26,audio,9,4.5,5.0,True
-egA8-b7-3M_26,audio,10,5.0,5.5,True
-egA8-b7-3M_26,audio,11,5.5,6.0,True
-egA8-b7-3M_26,audio,12,6.0,6.5,False
-egA8-b7-3M_26,audio,13,6.5,7.0,False
-egA8-b7-3M_26,audio,14,7.0,7.5,False
-egA8-b7-3M_26,audio,15,7.5,8.0,False
-egA8-b7-3M_26,audio,16,8.0,8.5,False
-egA8-b7-3M_26,audio,17,8.5,9.0,False
-egA8-b7-3M_26,audio,18,9.0,9.5,False
-egA8-b7-3M_26,audio,19,9.5,10.0,False
-egA8-b7-3M_26,audio,20,10.0,10.5,False
-egA8-b7-3M_26,audio,21,10.5,11.0,False
-egA8-b7-3M_26,audio,22,11.0,11.5,False
-egA8-b7-3M_26,audio,23,11.5,12.0,False
-egA8-b7-3M_26,audio,24,12.0,12.5,False
-egA8-b7-3M_26,audio,25,12.5,13.0,False
-egA8-b7-3M_26,audio,26,13.0,13.5,False
-egA8-b7-3M_26,audio,27,13.5,14.0,False
-egA8-b7-3M_26,audio,28,14.0,14.5,False
-egA8-b7-3M_26,audio,29,14.5,15.0,False
-egA8-b7-3M_26,audio,30,15.0,15.5,False
-egA8-b7-3M_26,audio,31,15.5,16.0,False
-egA8-b7-3M_26,audio,32,16.0,16.5,False
-egA8-b7-3M_26,audio,33,16.5,17.0,False
-egA8-b7-3M_26,audio,34,17.0,17.5,False
-egA8-b7-3M_26,audio,35,17.5,18.0,False
-egA8-b7-3M_26,audio,36,18.0,18.5,False
-egA8-b7-3M_26,audio,37,18.5,19.0,False
-egA8-b7-3M_26,audio,38,19.0,19.5,False
-egA8-b7-3M_26,audio,39,19.5,20.0,False
-egA8-b7-3M_26,audio,40,20.0,20.5,False
-egA8-b7-3M_26,audio,41,20.5,21.0,False
-egA8-b7-3M_26,audio,42,21.0,21.5,False
-egA8-b7-3M_26,audio,43,21.5,22.0,False
-egA8-b7-3M_26,audio,44,22.0,22.5,False
-egA8-b7-3M_26,audio,45,22.5,23.0,False
-egA8-b7-3M_26,audio,46,23.0,23.5,False
-egA8-b7-3M_26,audio,47,23.5,24.0,False
-egA8-b7-3M_26,audio,48,24.0,24.5,False
-egA8-b7-3M_26,audio,49,24.5,25.0,False
-egA8-b7-3M_26,vision,0,0.0,0.5,True
-egA8-b7-3M_26,vision,1,0.5,1.0,True
-egA8-b7-3M_26,vision,2,1.0,1.5,True
-egA8-b7-3M_26,vision,3,1.5,2.0,True
-egA8-b7-3M_26,vision,4,2.0,2.5,True
-egA8-b7-3M_26,vision,5,2.5,3.0,True
-egA8-b7-3M_26,vision,6,3.0,3.5,True
-egA8-b7-3M_26,vision,7,3.5,4.0,True
-egA8-b7-3M_26,vision,8,4.0,4.5,True
-egA8-b7-3M_26,vision,9,4.5,5.0,True
-egA8-b7-3M_26,vision,10,5.0,5.5,True
-egA8-b7-3M_26,vision,11,5.5,6.0,True
-egA8-b7-3M_26,vision,12,6.0,6.5,False
-egA8-b7-3M_26,vision,13,6.5,7.0,False
-egA8-b7-3M_26,vision,14,7.0,7.5,False
-egA8-b7-3M_26,vision,15,7.5,8.0,False
-egA8-b7-3M_26,vision,16,8.0,8.5,False
-egA8-b7-3M_26,vision,17,8.5,9.0,False
-egA8-b7-3M_26,vision,18,9.0,9.5,False
-egA8-b7-3M_26,vision,19,9.5,10.0,False
-egA8-b7-3M_26,vision,20,10.0,10.5,False
-egA8-b7-3M_26,vision,21,10.5,11.0,False
-egA8-b7-3M_26,vision,22,11.0,11.5,False
-egA8-b7-3M_26,vision,23,11.5,12.0,False
-egA8-b7-3M_26,vision,24,12.0,12.5,False
-egA8-b7-3M_26,vision,25,12.5,13.0,False
-egA8-b7-3M_26,vision,26,13.0,13.5,False
-egA8-b7-3M_26,vision,27,13.5,14.0,False
-egA8-b7-3M_26,vision,28,14.0,14.5,False
-egA8-b7-3M_26,vision,29,14.5,15.0,False
-egA8-b7-3M_26,vision,30,15.0,15.5,False
-egA8-b7-3M_26,vision,31,15.5,16.0,False
-egA8-b7-3M_26,vision,32,16.0,16.5,False
-egA8-b7-3M_26,vision,33,16.5,17.0,False
-egA8-b7-3M_26,vision,34,17.0,17.5,False
-egA8-b7-3M_26,vision,35,17.5,18.0,False
-egA8-b7-3M_26,vision,36,18.0,18.5,False
-egA8-b7-3M_26,vision,37,18.5,19.0,False
-egA8-b7-3M_26,vision,38,19.0,19.5,False
-egA8-b7-3M_26,vision,39,19.5,20.0,False
-egA8-b7-3M_26,vision,40,20.0,20.5,False
-egA8-b7-3M_26,vision,41,20.5,21.0,False
-egA8-b7-3M_26,vision,42,21.0,21.5,False
-egA8-b7-3M_26,vision,43,21.5,22.0,False
-egA8-b7-3M_26,vision,44,22.0,22.5,False
-egA8-b7-3M_26,vision,45,22.5,23.0,False
-egA8-b7-3M_26,vision,46,23.0,23.5,False
-egA8-b7-3M_26,vision,47,23.5,24.0,False
-egA8-b7-3M_26,vision,48,24.0,24.5,False
-egA8-b7-3M_26,vision,49,24.5,25.0,False
-egA8-b7-3M_6,audio,0,0.0,0.5,True
-egA8-b7-3M_6,audio,1,0.5,1.0,True
-egA8-b7-3M_6,audio,2,1.0,1.5,True
-egA8-b7-3M_6,audio,3,1.5,2.0,True
-egA8-b7-3M_6,audio,4,2.0,2.5,True
-egA8-b7-3M_6,audio,5,2.5,3.0,True
-egA8-b7-3M_6,audio,6,3.0,3.5,True
-egA8-b7-3M_6,audio,7,3.5,4.0,True
-egA8-b7-3M_6,audio,8,4.0,4.5,True
-egA8-b7-3M_6,audio,9,4.5,5.0,True
-egA8-b7-3M_6,audio,10,5.0,5.5,True
-egA8-b7-3M_6,audio,11,5.5,6.0,True
-egA8-b7-3M_6,audio,12,6.0,6.5,True
-egA8-b7-3M_6,audio,13,6.5,7.0,False
-egA8-b7-3M_6,audio,14,7.0,7.5,False
-egA8-b7-3M_6,audio,15,7.5,8.0,False
-egA8-b7-3M_6,audio,16,8.0,8.5,False
-egA8-b7-3M_6,audio,17,8.5,9.0,False
-egA8-b7-3M_6,audio,18,9.0,9.5,False
-egA8-b7-3M_6,audio,19,9.5,10.0,False
-egA8-b7-3M_6,audio,20,10.0,10.5,False
-egA8-b7-3M_6,audio,21,10.5,11.0,False
-egA8-b7-3M_6,audio,22,11.0,11.5,False
-egA8-b7-3M_6,audio,23,11.5,12.0,False
-egA8-b7-3M_6,audio,24,12.0,12.5,False
-egA8-b7-3M_6,audio,25,12.5,13.0,False
-egA8-b7-3M_6,audio,26,13.0,13.5,False
-egA8-b7-3M_6,audio,27,13.5,14.0,False
-egA8-b7-3M_6,audio,28,14.0,14.5,False
-egA8-b7-3M_6,audio,29,14.5,15.0,False
-egA8-b7-3M_6,audio,30,15.0,15.5,False
-egA8-b7-3M_6,audio,31,15.5,16.0,False
-egA8-b7-3M_6,audio,32,16.0,16.5,False
-egA8-b7-3M_6,audio,33,16.5,17.0,False
-egA8-b7-3M_6,audio,34,17.0,17.5,False
-egA8-b7-3M_6,audio,35,17.5,18.0,False
-egA8-b7-3M_6,audio,36,18.0,18.5,False
-egA8-b7-3M_6,audio,37,18.5,19.0,False
-egA8-b7-3M_6,audio,38,19.0,19.5,False
-egA8-b7-3M_6,audio,39,19.5,20.0,False
-egA8-b7-3M_6,audio,40,20.0,20.5,False
-egA8-b7-3M_6,audio,41,20.5,21.0,False
-egA8-b7-3M_6,audio,42,21.0,21.5,False
-egA8-b7-3M_6,audio,43,21.5,22.0,False
-egA8-b7-3M_6,audio,44,22.0,22.5,False
-egA8-b7-3M_6,audio,45,22.5,23.0,False
-egA8-b7-3M_6,audio,46,23.0,23.5,False
-egA8-b7-3M_6,audio,47,23.5,24.0,False
-egA8-b7-3M_6,audio,48,24.0,24.5,False
-egA8-b7-3M_6,audio,49,24.5,25.0,False
-egA8-b7-3M_6,vision,0,0.0,0.5,True
-egA8-b7-3M_6,vision,1,0.5,1.0,True
-egA8-b7-3M_6,vision,2,1.0,1.5,True
-egA8-b7-3M_6,vision,3,1.5,2.0,True
-egA8-b7-3M_6,vision,4,2.0,2.5,True
-egA8-b7-3M_6,vision,5,2.5,3.0,True
-egA8-b7-3M_6,vision,6,3.0,3.5,True
-egA8-b7-3M_6,vision,7,3.5,4.0,True
-egA8-b7-3M_6,vision,8,4.0,4.5,True
-egA8-b7-3M_6,vision,9,4.5,5.0,True
-egA8-b7-3M_6,vision,10,5.0,5.5,True
-egA8-b7-3M_6,vision,11,5.5,6.0,True
-egA8-b7-3M_6,vision,12,6.0,6.5,True
-egA8-b7-3M_6,vision,13,6.5,7.0,False
-egA8-b7-3M_6,vision,14,7.0,7.5,False
-egA8-b7-3M_6,vision,15,7.5,8.0,False
-egA8-b7-3M_6,vision,16,8.0,8.5,False
-egA8-b7-3M_6,vision,17,8.5,9.0,False
-egA8-b7-3M_6,vision,18,9.0,9.5,False
-egA8-b7-3M_6,vision,19,9.5,10.0,False
-egA8-b7-3M_6,vision,20,10.0,10.5,False
-egA8-b7-3M_6,vision,21,10.5,11.0,False
-egA8-b7-3M_6,vision,22,11.0,11.5,False
-egA8-b7-3M_6,vision,23,11.5,12.0,False
-egA8-b7-3M_6,vision,24,12.0,12.5,False
-egA8-b7-3M_6,vision,25,12.5,13.0,False
-egA8-b7-3M_6,vision,26,13.0,13.5,False
-egA8-b7-3M_6,vision,27,13.5,14.0,False
-egA8-b7-3M_6,vision,28,14.0,14.5,False
-egA8-b7-3M_6,vision,29,14.5,15.0,False
-egA8-b7-3M_6,vision,30,15.0,15.5,False
-egA8-b7-3M_6,vision,31,15.5,16.0,False
-egA8-b7-3M_6,vision,32,16.0,16.5,False
-egA8-b7-3M_6,vision,33,16.5,17.0,False
-egA8-b7-3M_6,vision,34,17.0,17.5,False
-egA8-b7-3M_6,vision,35,17.5,18.0,False
-egA8-b7-3M_6,vision,36,18.0,18.5,False
-egA8-b7-3M_6,vision,37,18.5,19.0,False
-egA8-b7-3M_6,vision,38,19.0,19.5,False
-egA8-b7-3M_6,vision,39,19.5,20.0,False
-egA8-b7-3M_6,vision,40,20.0,20.5,False
-egA8-b7-3M_6,vision,41,20.5,21.0,False
-egA8-b7-3M_6,vision,42,21.0,21.5,False
-egA8-b7-3M_6,vision,43,21.5,22.0,False
-egA8-b7-3M_6,vision,44,22.0,22.5,False
-egA8-b7-3M_6,vision,45,22.5,23.0,False
-egA8-b7-3M_6,vision,46,23.0,23.5,False
-egA8-b7-3M_6,vision,47,23.5,24.0,False
-egA8-b7-3M_6,vision,48,24.0,24.5,False
-egA8-b7-3M_6,vision,49,24.5,25.0,False
-egA8-b7-3M_9,audio,0,0.0,0.5,True
-egA8-b7-3M_9,audio,1,0.5,1.0,True
-egA8-b7-3M_9,audio,2,1.0,1.5,True
-egA8-b7-3M_9,audio,3,1.5,2.0,True
-egA8-b7-3M_9,audio,4,2.0,2.5,True
-egA8-b7-3M_9,audio,5,2.5,3.0,True
-egA8-b7-3M_9,audio,6,3.0,3.5,True
-egA8-b7-3M_9,audio,7,3.5,4.0,True
-egA8-b7-3M_9,audio,8,4.0,4.5,True
-egA8-b7-3M_9,audio,9,4.5,5.0,True
-egA8-b7-3M_9,audio,10,5.0,5.5,False
-egA8-b7-3M_9,audio,11,5.5,6.0,False
-egA8-b7-3M_9,audio,12,6.0,6.5,False
-egA8-b7-3M_9,audio,13,6.5,7.0,False
-egA8-b7-3M_9,audio,14,7.0,7.5,False
-egA8-b7-3M_9,audio,15,7.5,8.0,False
-egA8-b7-3M_9,audio,16,8.0,8.5,False
-egA8-b7-3M_9,audio,17,8.5,9.0,False
-egA8-b7-3M_9,audio,18,9.0,9.5,False
-egA8-b7-3M_9,audio,19,9.5,10.0,False
-egA8-b7-3M_9,audio,20,10.0,10.5,False
-egA8-b7-3M_9,audio,21,10.5,11.0,False
-egA8-b7-3M_9,audio,22,11.0,11.5,False
-egA8-b7-3M_9,audio,23,11.5,12.0,False
-egA8-b7-3M_9,audio,24,12.0,12.5,False
-egA8-b7-3M_9,audio,25,12.5,13.0,False
-egA8-b7-3M_9,audio,26,13.0,13.5,False
-egA8-b7-3M_9,audio,27,13.5,14.0,False
-egA8-b7-3M_9,audio,28,14.0,14.5,False
-egA8-b7-3M_9,audio,29,14.5,15.0,False
-egA8-b7-3M_9,audio,30,15.0,15.5,False
-egA8-b7-3M_9,audio,31,15.5,16.0,False
-egA8-b7-3M_9,audio,32,16.0,16.5,False
-egA8-b7-3M_9,audio,33,16.5,17.0,False
-egA8-b7-3M_9,audio,34,17.0,17.5,False
-egA8-b7-3M_9,audio,35,17.5,18.0,False
-egA8-b7-3M_9,audio,36,18.0,18.5,False
-egA8-b7-3M_9,audio,37,18.5,19.0,False
-egA8-b7-3M_9,audio,38,19.0,19.5,False
-egA8-b7-3M_9,audio,39,19.5,20.0,False
-egA8-b7-3M_9,audio,40,20.0,20.5,False
-egA8-b7-3M_9,audio,41,20.5,21.0,False
-egA8-b7-3M_9,audio,42,21.0,21.5,False
-egA8-b7-3M_9,audio,43,21.5,22.0,False
-egA8-b7-3M_9,audio,44,22.0,22.5,False
-egA8-b7-3M_9,audio,45,22.5,23.0,False
-egA8-b7-3M_9,audio,46,23.0,23.5,False
-egA8-b7-3M_9,audio,47,23.5,24.0,False
-egA8-b7-3M_9,audio,48,24.0,24.5,False
-egA8-b7-3M_9,audio,49,24.5,25.0,False
-egA8-b7-3M_9,vision,0,0.0,0.5,True
-egA8-b7-3M_9,vision,1,0.5,1.0,True
-egA8-b7-3M_9,vision,2,1.0,1.5,True
-egA8-b7-3M_9,vision,3,1.5,2.0,True
-egA8-b7-3M_9,vision,4,2.0,2.5,True
-egA8-b7-3M_9,vision,5,2.5,3.0,True
-egA8-b7-3M_9,vision,6,3.0,3.5,True
-egA8-b7-3M_9,vision,7,3.5,4.0,True
-egA8-b7-3M_9,vision,8,4.0,4.5,True
-egA8-b7-3M_9,vision,9,4.5,5.0,True
-egA8-b7-3M_9,vision,10,5.0,5.5,False
-egA8-b7-3M_9,vision,11,5.5,6.0,False
-egA8-b7-3M_9,vision,12,6.0,6.5,False
-egA8-b7-3M_9,vision,13,6.5,7.0,False
-egA8-b7-3M_9,vision,14,7.0,7.5,False
-egA8-b7-3M_9,vision,15,7.5,8.0,False
-egA8-b7-3M_9,vision,16,8.0,8.5,False
-egA8-b7-3M_9,vision,17,8.5,9.0,False
-egA8-b7-3M_9,vision,18,9.0,9.5,False
-egA8-b7-3M_9,vision,19,9.5,10.0,False
-egA8-b7-3M_9,vision,20,10.0,10.5,False
-egA8-b7-3M_9,vision,21,10.5,11.0,False
-egA8-b7-3M_9,vision,22,11.0,11.5,False
-egA8-b7-3M_9,vision,23,11.5,12.0,False
-egA8-b7-3M_9,vision,24,12.0,12.5,False
-egA8-b7-3M_9,vision,25,12.5,13.0,False
-egA8-b7-3M_9,vision,26,13.0,13.5,False
-egA8-b7-3M_9,vision,27,13.5,14.0,False
-egA8-b7-3M_9,vision,28,14.0,14.5,False
-egA8-b7-3M_9,vision,29,14.5,15.0,False
-egA8-b7-3M_9,vision,30,15.0,15.5,False
-egA8-b7-3M_9,vision,31,15.5,16.0,False
-egA8-b7-3M_9,vision,32,16.0,16.5,False
-egA8-b7-3M_9,vision,33,16.5,17.0,False
-egA8-b7-3M_9,vision,34,17.0,17.5,False
-egA8-b7-3M_9,vision,35,17.5,18.0,False
-egA8-b7-3M_9,vision,36,18.0,18.5,False
-egA8-b7-3M_9,vision,37,18.5,19.0,False
-egA8-b7-3M_9,vision,38,19.0,19.5,False
-egA8-b7-3M_9,vision,39,19.5,20.0,False
-egA8-b7-3M_9,vision,40,20.0,20.5,False
-egA8-b7-3M_9,vision,41,20.5,21.0,False
-egA8-b7-3M_9,vision,42,21.0,21.5,False
-egA8-b7-3M_9,vision,43,21.5,22.0,False
-egA8-b7-3M_9,vision,44,22.0,22.5,False
-egA8-b7-3M_9,vision,45,22.5,23.0,False
-egA8-b7-3M_9,vision,46,23.0,23.5,False
-egA8-b7-3M_9,vision,47,23.5,24.0,False
-egA8-b7-3M_9,vision,48,24.0,24.5,False
-egA8-b7-3M_9,vision,49,24.5,25.0,False
-hnBHBN8p5A_6,audio,0,0.0,0.5,True
-hnBHBN8p5A_6,audio,1,0.5,1.0,True
-hnBHBN8p5A_6,audio,2,1.0,1.5,True
-hnBHBN8p5A_6,audio,3,1.5,2.0,True
-hnBHBN8p5A_6,audio,4,2.0,2.5,True
-hnBHBN8p5A_6,audio,5,2.5,3.0,True
-hnBHBN8p5A_6,audio,6,3.0,3.5,True
-hnBHBN8p5A_6,audio,7,3.5,4.0,True
-hnBHBN8p5A_6,audio,8,4.0,4.5,True
-hnBHBN8p5A_6,audio,9,4.5,5.0,True
-hnBHBN8p5A_6,audio,10,5.0,5.5,True
-hnBHBN8p5A_6,audio,11,5.5,6.0,True
-hnBHBN8p5A_6,audio,12,6.0,6.5,True
-hnBHBN8p5A_6,audio,13,6.5,7.0,False
-hnBHBN8p5A_6,audio,14,7.0,7.5,False
-hnBHBN8p5A_6,audio,15,7.5,8.0,False
-hnBHBN8p5A_6,audio,16,8.0,8.5,False
-hnBHBN8p5A_6,audio,17,8.5,9.0,False
-hnBHBN8p5A_6,audio,18,9.0,9.5,False
-hnBHBN8p5A_6,audio,19,9.5,10.0,False
-hnBHBN8p5A_6,audio,20,10.0,10.5,False
-hnBHBN8p5A_6,audio,21,10.5,11.0,False
-hnBHBN8p5A_6,audio,22,11.0,11.5,False
-hnBHBN8p5A_6,audio,23,11.5,12.0,False
-hnBHBN8p5A_6,audio,24,12.0,12.5,False
-hnBHBN8p5A_6,audio,25,12.5,13.0,False
-hnBHBN8p5A_6,audio,26,13.0,13.5,False
-hnBHBN8p5A_6,audio,27,13.5,14.0,False
-hnBHBN8p5A_6,audio,28,14.0,14.5,False
-hnBHBN8p5A_6,audio,29,14.5,15.0,False
-hnBHBN8p5A_6,audio,30,15.0,15.5,False
-hnBHBN8p5A_6,audio,31,15.5,16.0,False
-hnBHBN8p5A_6,audio,32,16.0,16.5,False
-hnBHBN8p5A_6,audio,33,16.5,17.0,False
-hnBHBN8p5A_6,audio,34,17.0,17.5,False
-hnBHBN8p5A_6,audio,35,17.5,18.0,False
-hnBHBN8p5A_6,audio,36,18.0,18.5,False
-hnBHBN8p5A_6,audio,37,18.5,19.0,False
-hnBHBN8p5A_6,audio,38,19.0,19.5,False
-hnBHBN8p5A_6,audio,39,19.5,20.0,False
-hnBHBN8p5A_6,audio,40,20.0,20.5,False
-hnBHBN8p5A_6,audio,41,20.5,21.0,False
-hnBHBN8p5A_6,audio,42,21.0,21.5,False
-hnBHBN8p5A_6,audio,43,21.5,22.0,False
-hnBHBN8p5A_6,audio,44,22.0,22.5,False
-hnBHBN8p5A_6,audio,45,22.5,23.0,False
-hnBHBN8p5A_6,audio,46,23.0,23.5,False
-hnBHBN8p5A_6,audio,47,23.5,24.0,False
-hnBHBN8p5A_6,audio,48,24.0,24.5,False
-hnBHBN8p5A_6,audio,49,24.5,25.0,False
-hnBHBN8p5A_6,vision,0,0.0,0.5,True
-hnBHBN8p5A_6,vision,1,0.5,1.0,True
-hnBHBN8p5A_6,vision,2,1.0,1.5,True
-hnBHBN8p5A_6,vision,3,1.5,2.0,True
-hnBHBN8p5A_6,vision,4,2.0,2.5,True
-hnBHBN8p5A_6,vision,5,2.5,3.0,True
-hnBHBN8p5A_6,vision,6,3.0,3.5,True
-hnBHBN8p5A_6,vision,7,3.5,4.0,True
-hnBHBN8p5A_6,vision,8,4.0,4.5,True
-hnBHBN8p5A_6,vision,9,4.5,5.0,True
-hnBHBN8p5A_6,vision,10,5.0,5.5,True
-hnBHBN8p5A_6,vision,11,5.5,6.0,True
-hnBHBN8p5A_6,vision,12,6.0,6.5,True
-hnBHBN8p5A_6,vision,13,6.5,7.0,False
-hnBHBN8p5A_6,vision,14,7.0,7.5,False
-hnBHBN8p5A_6,vision,15,7.5,8.0,False
-hnBHBN8p5A_6,vision,16,8.0,8.5,False
-hnBHBN8p5A_6,vision,17,8.5,9.0,False
-hnBHBN8p5A_6,vision,18,9.0,9.5,False
-hnBHBN8p5A_6,vision,19,9.5,10.0,False
-hnBHBN8p5A_6,vision,20,10.0,10.5,False
-hnBHBN8p5A_6,vision,21,10.5,11.0,False
-hnBHBN8p5A_6,vision,22,11.0,11.5,False
-hnBHBN8p5A_6,vision,23,11.5,12.0,False
-hnBHBN8p5A_6,vision,24,12.0,12.5,False
-hnBHBN8p5A_6,vision,25,12.5,13.0,False
-hnBHBN8p5A_6,vision,26,13.0,13.5,False
-hnBHBN8p5A_6,vision,27,13.5,14.0,False
-hnBHBN8p5A_6,vision,28,14.0,14.5,False
-hnBHBN8p5A_6,vision,29,14.5,15.0,False
-hnBHBN8p5A_6,vision,30,15.0,15.5,False
-hnBHBN8p5A_6,vision,31,15.5,16.0,False
-hnBHBN8p5A_6,vision,32,16.0,16.5,False
-hnBHBN8p5A_6,vision,33,16.5,17.0,False
-hnBHBN8p5A_6,vision,34,17.0,17.5,False
-hnBHBN8p5A_6,vision,35,17.5,18.0,False
-hnBHBN8p5A_6,vision,36,18.0,18.5,False
-hnBHBN8p5A_6,vision,37,18.5,19.0,False
-hnBHBN8p5A_6,vision,38,19.0,19.5,False
-hnBHBN8p5A_6,vision,39,19.5,20.0,False
-hnBHBN8p5A_6,vision,40,20.0,20.5,False
-hnBHBN8p5A_6,vision,41,20.5,21.0,False
-hnBHBN8p5A_6,vision,42,21.0,21.5,False
-hnBHBN8p5A_6,vision,43,21.5,22.0,False
-hnBHBN8p5A_6,vision,44,22.0,22.5,False
-hnBHBN8p5A_6,vision,45,22.5,23.0,False
-hnBHBN8p5A_6,vision,46,23.0,23.5,False
-hnBHBN8p5A_6,vision,47,23.5,24.0,False
-hnBHBN8p5A_6,vision,48,24.0,24.5,False
-hnBHBN8p5A_6,vision,49,24.5,25.0,False
-hnBHBN8p5A_7,audio,0,0.0,0.5,True
-hnBHBN8p5A_7,audio,1,0.5,1.0,True
-hnBHBN8p5A_7,audio,2,1.0,1.5,True
-hnBHBN8p5A_7,audio,3,1.5,2.0,True
-hnBHBN8p5A_7,audio,4,2.0,2.5,True
-hnBHBN8p5A_7,audio,5,2.5,3.0,True
-hnBHBN8p5A_7,audio,6,3.0,3.5,True
-hnBHBN8p5A_7,audio,7,3.5,4.0,True
-hnBHBN8p5A_7,audio,8,4.0,4.5,True
-hnBHBN8p5A_7,audio,9,4.5,5.0,True
-hnBHBN8p5A_7,audio,10,5.0,5.5,True
-hnBHBN8p5A_7,audio,11,5.5,6.0,True
-hnBHBN8p5A_7,audio,12,6.0,6.5,True
-hnBHBN8p5A_7,audio,13,6.5,7.0,True
-hnBHBN8p5A_7,audio,14,7.0,7.5,True
-hnBHBN8p5A_7,audio,15,7.5,8.0,False
-hnBHBN8p5A_7,audio,16,8.0,8.5,False
-hnBHBN8p5A_7,audio,17,8.5,9.0,False
-hnBHBN8p5A_7,audio,18,9.0,9.5,False
-hnBHBN8p5A_7,audio,19,9.5,10.0,False
-hnBHBN8p5A_7,audio,20,10.0,10.5,False
-hnBHBN8p5A_7,audio,21,10.5,11.0,False
-hnBHBN8p5A_7,audio,22,11.0,11.5,False
-hnBHBN8p5A_7,audio,23,11.5,12.0,False
-hnBHBN8p5A_7,audio,24,12.0,12.5,False
-hnBHBN8p5A_7,audio,25,12.5,13.0,False
-hnBHBN8p5A_7,audio,26,13.0,13.5,False
-hnBHBN8p5A_7,audio,27,13.5,14.0,False
-hnBHBN8p5A_7,audio,28,14.0,14.5,False
-hnBHBN8p5A_7,audio,29,14.5,15.0,False
-hnBHBN8p5A_7,audio,30,15.0,15.5,False
-hnBHBN8p5A_7,audio,31,15.5,16.0,False
-hnBHBN8p5A_7,audio,32,16.0,16.5,False
-hnBHBN8p5A_7,audio,33,16.5,17.0,False
-hnBHBN8p5A_7,audio,34,17.0,17.5,False
-hnBHBN8p5A_7,audio,35,17.5,18.0,False
-hnBHBN8p5A_7,audio,36,18.0,18.5,False
-hnBHBN8p5A_7,audio,37,18.5,19.0,False
-hnBHBN8p5A_7,audio,38,19.0,19.5,False
-hnBHBN8p5A_7,audio,39,19.5,20.0,False
-hnBHBN8p5A_7,audio,40,20.0,20.5,False
-hnBHBN8p5A_7,audio,41,20.5,21.0,False
-hnBHBN8p5A_7,audio,42,21.0,21.5,False
-hnBHBN8p5A_7,audio,43,21.5,22.0,False
-hnBHBN8p5A_7,audio,44,22.0,22.5,False
-hnBHBN8p5A_7,audio,45,22.5,23.0,False
-hnBHBN8p5A_7,audio,46,23.0,23.5,False
-hnBHBN8p5A_7,audio,47,23.5,24.0,False
-hnBHBN8p5A_7,audio,48,24.0,24.5,False
-hnBHBN8p5A_7,audio,49,24.5,25.0,False
-hnBHBN8p5A_7,vision,0,0.0,0.5,True
-hnBHBN8p5A_7,vision,1,0.5,1.0,True
-hnBHBN8p5A_7,vision,2,1.0,1.5,True
-hnBHBN8p5A_7,vision,3,1.5,2.0,True
-hnBHBN8p5A_7,vision,4,2.0,2.5,True
-hnBHBN8p5A_7,vision,5,2.5,3.0,True
-hnBHBN8p5A_7,vision,6,3.0,3.5,True
-hnBHBN8p5A_7,vision,7,3.5,4.0,True
-hnBHBN8p5A_7,vision,8,4.0,4.5,True
-hnBHBN8p5A_7,vision,9,4.5,5.0,True
-hnBHBN8p5A_7,vision,10,5.0,5.5,True
-hnBHBN8p5A_7,vision,11,5.5,6.0,True
-hnBHBN8p5A_7,vision,12,6.0,6.5,True
-hnBHBN8p5A_7,vision,13,6.5,7.0,True
-hnBHBN8p5A_7,vision,14,7.0,7.5,True
-hnBHBN8p5A_7,vision,15,7.5,8.0,False
-hnBHBN8p5A_7,vision,16,8.0,8.5,False
-hnBHBN8p5A_7,vision,17,8.5,9.0,False
-hnBHBN8p5A_7,vision,18,9.0,9.5,False
-hnBHBN8p5A_7,vision,19,9.5,10.0,False
-hnBHBN8p5A_7,vision,20,10.0,10.5,False
-hnBHBN8p5A_7,vision,21,10.5,11.0,False
-hnBHBN8p5A_7,vision,22,11.0,11.5,False
-hnBHBN8p5A_7,vision,23,11.5,12.0,False
-hnBHBN8p5A_7,vision,24,12.0,12.5,False
-hnBHBN8p5A_7,vision,25,12.5,13.0,False
-hnBHBN8p5A_7,vision,26,13.0,13.5,False
-hnBHBN8p5A_7,vision,27,13.5,14.0,False
-hnBHBN8p5A_7,vision,28,14.0,14.5,False
-hnBHBN8p5A_7,vision,29,14.5,15.0,False
-hnBHBN8p5A_7,vision,30,15.0,15.5,False
-hnBHBN8p5A_7,vision,31,15.5,16.0,False
-hnBHBN8p5A_7,vision,32,16.0,16.5,False
-hnBHBN8p5A_7,vision,33,16.5,17.0,False
-hnBHBN8p5A_7,vision,34,17.0,17.5,False
-hnBHBN8p5A_7,vision,35,17.5,18.0,False
-hnBHBN8p5A_7,vision,36,18.0,18.5,False
-hnBHBN8p5A_7,vision,37,18.5,19.0,False
-hnBHBN8p5A_7,vision,38,19.0,19.5,False
-hnBHBN8p5A_7,vision,39,19.5,20.0,False
-hnBHBN8p5A_7,vision,40,20.0,20.5,False
-hnBHBN8p5A_7,vision,41,20.5,21.0,False
-hnBHBN8p5A_7,vision,42,21.0,21.5,False
-hnBHBN8p5A_7,vision,43,21.5,22.0,False
-hnBHBN8p5A_7,vision,44,22.0,22.5,False
-hnBHBN8p5A_7,vision,45,22.5,23.0,False
-hnBHBN8p5A_7,vision,46,23.0,23.5,False
-hnBHBN8p5A_7,vision,47,23.5,24.0,False
-hnBHBN8p5A_7,vision,48,24.0,24.5,False
-hnBHBN8p5A_7,vision,49,24.5,25.0,False
-iRBcNs9oI8_3,audio,0,0.0,0.5,True
-iRBcNs9oI8_3,audio,1,0.5,1.0,True
-iRBcNs9oI8_3,audio,2,1.0,1.5,True
-iRBcNs9oI8_3,audio,3,1.5,2.0,True
-iRBcNs9oI8_3,audio,4,2.0,2.5,True
-iRBcNs9oI8_3,audio,5,2.5,3.0,True
-iRBcNs9oI8_3,audio,6,3.0,3.5,True
-iRBcNs9oI8_3,audio,7,3.5,4.0,True
-iRBcNs9oI8_3,audio,8,4.0,4.5,True
-iRBcNs9oI8_3,audio,9,4.5,5.0,True
-iRBcNs9oI8_3,audio,10,5.0,5.5,True
-iRBcNs9oI8_3,audio,11,5.5,6.0,False
-iRBcNs9oI8_3,audio,12,6.0,6.5,False
-iRBcNs9oI8_3,audio,13,6.5,7.0,False
-iRBcNs9oI8_3,audio,14,7.0,7.5,False
-iRBcNs9oI8_3,audio,15,7.5,8.0,False
-iRBcNs9oI8_3,audio,16,8.0,8.5,False
-iRBcNs9oI8_3,audio,17,8.5,9.0,False
-iRBcNs9oI8_3,audio,18,9.0,9.5,False
-iRBcNs9oI8_3,audio,19,9.5,10.0,False
-iRBcNs9oI8_3,audio,20,10.0,10.5,False
-iRBcNs9oI8_3,audio,21,10.5,11.0,False
-iRBcNs9oI8_3,audio,22,11.0,11.5,False
-iRBcNs9oI8_3,audio,23,11.5,12.0,False
-iRBcNs9oI8_3,audio,24,12.0,12.5,False
-iRBcNs9oI8_3,audio,25,12.5,13.0,False
-iRBcNs9oI8_3,audio,26,13.0,13.5,False
-iRBcNs9oI8_3,audio,27,13.5,14.0,False
-iRBcNs9oI8_3,audio,28,14.0,14.5,False
-iRBcNs9oI8_3,audio,29,14.5,15.0,False
-iRBcNs9oI8_3,audio,30,15.0,15.5,False
-iRBcNs9oI8_3,audio,31,15.5,16.0,False
-iRBcNs9oI8_3,audio,32,16.0,16.5,False
-iRBcNs9oI8_3,audio,33,16.5,17.0,False
-iRBcNs9oI8_3,audio,34,17.0,17.5,False
-iRBcNs9oI8_3,audio,35,17.5,18.0,False
-iRBcNs9oI8_3,audio,36,18.0,18.5,False
-iRBcNs9oI8_3,audio,37,18.5,19.0,False
-iRBcNs9oI8_3,audio,38,19.0,19.5,False
-iRBcNs9oI8_3,audio,39,19.5,20.0,False
-iRBcNs9oI8_3,audio,40,20.0,20.5,False
-iRBcNs9oI8_3,audio,41,20.5,21.0,False
-iRBcNs9oI8_3,audio,42,21.0,21.5,False
-iRBcNs9oI8_3,audio,43,21.5,22.0,False
-iRBcNs9oI8_3,audio,44,22.0,22.5,False
-iRBcNs9oI8_3,audio,45,22.5,23.0,False
-iRBcNs9oI8_3,audio,46,23.0,23.5,False
-iRBcNs9oI8_3,audio,47,23.5,24.0,False
-iRBcNs9oI8_3,audio,48,24.0,24.5,False
-iRBcNs9oI8_3,audio,49,24.5,25.0,False
-iRBcNs9oI8_3,vision,0,0.0,0.5,True
-iRBcNs9oI8_3,vision,1,0.5,1.0,True
-iRBcNs9oI8_3,vision,2,1.0,1.5,True
-iRBcNs9oI8_3,vision,3,1.5,2.0,True
-iRBcNs9oI8_3,vision,4,2.0,2.5,True
-iRBcNs9oI8_3,vision,5,2.5,3.0,True
-iRBcNs9oI8_3,vision,6,3.0,3.5,True
-iRBcNs9oI8_3,vision,7,3.5,4.0,True
-iRBcNs9oI8_3,vision,8,4.0,4.5,True
-iRBcNs9oI8_3,vision,9,4.5,5.0,True
-iRBcNs9oI8_3,vision,10,5.0,5.5,True
-iRBcNs9oI8_3,vision,11,5.5,6.0,True
-iRBcNs9oI8_3,vision,12,6.0,6.5,False
-iRBcNs9oI8_3,vision,13,6.5,7.0,False
-iRBcNs9oI8_3,vision,14,7.0,7.5,False
-iRBcNs9oI8_3,vision,15,7.5,8.0,False
-iRBcNs9oI8_3,vision,16,8.0,8.5,False
-iRBcNs9oI8_3,vision,17,8.5,9.0,False
-iRBcNs9oI8_3,vision,18,9.0,9.5,False
-iRBcNs9oI8_3,vision,19,9.5,10.0,False
-iRBcNs9oI8_3,vision,20,10.0,10.5,False
-iRBcNs9oI8_3,vision,21,10.5,11.0,False
-iRBcNs9oI8_3,vision,22,11.0,11.5,False
-iRBcNs9oI8_3,vision,23,11.5,12.0,False
-iRBcNs9oI8_3,vision,24,12.0,12.5,False
-iRBcNs9oI8_3,vision,25,12.5,13.0,False
-iRBcNs9oI8_3,vision,26,13.0,13.5,False
-iRBcNs9oI8_3,vision,27,13.5,14.0,False
-iRBcNs9oI8_3,vision,28,14.0,14.5,False
-iRBcNs9oI8_3,vision,29,14.5,15.0,False
-iRBcNs9oI8_3,vision,30,15.0,15.5,False
-iRBcNs9oI8_3,vision,31,15.5,16.0,False
-iRBcNs9oI8_3,vision,32,16.0,16.5,False
-iRBcNs9oI8_3,vision,33,16.5,17.0,False
-iRBcNs9oI8_3,vision,34,17.0,17.5,False
-iRBcNs9oI8_3,vision,35,17.5,18.0,False
-iRBcNs9oI8_3,vision,36,18.0,18.5,False
-iRBcNs9oI8_3,vision,37,18.5,19.0,False
-iRBcNs9oI8_3,vision,38,19.0,19.5,False
-iRBcNs9oI8_3,vision,39,19.5,20.0,False
-iRBcNs9oI8_3,vision,40,20.0,20.5,False
-iRBcNs9oI8_3,vision,41,20.5,21.0,False
-iRBcNs9oI8_3,vision,42,21.0,21.5,False
-iRBcNs9oI8_3,vision,43,21.5,22.0,False
-iRBcNs9oI8_3,vision,44,22.0,22.5,False
-iRBcNs9oI8_3,vision,45,22.5,23.0,False
-iRBcNs9oI8_3,vision,46,23.0,23.5,False
-iRBcNs9oI8_3,vision,47,23.5,24.0,False
-iRBcNs9oI8_3,vision,48,24.0,24.5,False
-iRBcNs9oI8_3,vision,49,24.5,25.0,False
-iRBcNs9oI8_6,audio,0,0.0,0.5,True
-iRBcNs9oI8_6,audio,1,0.5,1.0,True
-iRBcNs9oI8_6,audio,2,1.0,1.5,True
-iRBcNs9oI8_6,audio,3,1.5,2.0,True
-iRBcNs9oI8_6,audio,4,2.0,2.5,True
-iRBcNs9oI8_6,audio,5,2.5,3.0,True
-iRBcNs9oI8_6,audio,6,3.0,3.5,False
-iRBcNs9oI8_6,audio,7,3.5,4.0,False
-iRBcNs9oI8_6,audio,8,4.0,4.5,False
-iRBcNs9oI8_6,audio,9,4.5,5.0,False
-iRBcNs9oI8_6,audio,10,5.0,5.5,False
-iRBcNs9oI8_6,audio,11,5.5,6.0,False
-iRBcNs9oI8_6,audio,12,6.0,6.5,False
-iRBcNs9oI8_6,audio,13,6.5,7.0,False
-iRBcNs9oI8_6,audio,14,7.0,7.5,False
-iRBcNs9oI8_6,audio,15,7.5,8.0,False
-iRBcNs9oI8_6,audio,16,8.0,8.5,False
-iRBcNs9oI8_6,audio,17,8.5,9.0,False
-iRBcNs9oI8_6,audio,18,9.0,9.5,False
-iRBcNs9oI8_6,audio,19,9.5,10.0,False
-iRBcNs9oI8_6,audio,20,10.0,10.5,False
-iRBcNs9oI8_6,audio,21,10.5,11.0,False
-iRBcNs9oI8_6,audio,22,11.0,11.5,False
-iRBcNs9oI8_6,audio,23,11.5,12.0,False
-iRBcNs9oI8_6,audio,24,12.0,12.5,False
-iRBcNs9oI8_6,audio,25,12.5,13.0,False
-iRBcNs9oI8_6,audio,26,13.0,13.5,False
-iRBcNs9oI8_6,audio,27,13.5,14.0,False
-iRBcNs9oI8_6,audio,28,14.0,14.5,False
-iRBcNs9oI8_6,audio,29,14.5,15.0,False
-iRBcNs9oI8_6,audio,30,15.0,15.5,False
-iRBcNs9oI8_6,audio,31,15.5,16.0,False
-iRBcNs9oI8_6,audio,32,16.0,16.5,False
-iRBcNs9oI8_6,audio,33,16.5,17.0,False
-iRBcNs9oI8_6,audio,34,17.0,17.5,False
-iRBcNs9oI8_6,audio,35,17.5,18.0,False
-iRBcNs9oI8_6,audio,36,18.0,18.5,False
-iRBcNs9oI8_6,audio,37,18.5,19.0,False
-iRBcNs9oI8_6,audio,38,19.0,19.5,False
-iRBcNs9oI8_6,audio,39,19.5,20.0,False
-iRBcNs9oI8_6,audio,40,20.0,20.5,False
-iRBcNs9oI8_6,audio,41,20.5,21.0,False
-iRBcNs9oI8_6,audio,42,21.0,21.5,False
-iRBcNs9oI8_6,audio,43,21.5,22.0,False
-iRBcNs9oI8_6,audio,44,22.0,22.5,False
-iRBcNs9oI8_6,audio,45,22.5,23.0,False
-iRBcNs9oI8_6,audio,46,23.0,23.5,False
-iRBcNs9oI8_6,audio,47,23.5,24.0,False
-iRBcNs9oI8_6,audio,48,24.0,24.5,False
-iRBcNs9oI8_6,audio,49,24.5,25.0,False
-iRBcNs9oI8_6,vision,0,0.0,0.5,True
-iRBcNs9oI8_6,vision,1,0.5,1.0,True
-iRBcNs9oI8_6,vision,2,1.0,1.5,True
-iRBcNs9oI8_6,vision,3,1.5,2.0,True
-iRBcNs9oI8_6,vision,4,2.0,2.5,True
-iRBcNs9oI8_6,vision,5,2.5,3.0,True
-iRBcNs9oI8_6,vision,6,3.0,3.5,False
-iRBcNs9oI8_6,vision,7,3.5,4.0,False
-iRBcNs9oI8_6,vision,8,4.0,4.5,False
-iRBcNs9oI8_6,vision,9,4.5,5.0,False
-iRBcNs9oI8_6,vision,10,5.0,5.5,False
-iRBcNs9oI8_6,vision,11,5.5,6.0,False
-iRBcNs9oI8_6,vision,12,6.0,6.5,False
-iRBcNs9oI8_6,vision,13,6.5,7.0,False
-iRBcNs9oI8_6,vision,14,7.0,7.5,False
-iRBcNs9oI8_6,vision,15,7.5,8.0,False
-iRBcNs9oI8_6,vision,16,8.0,8.5,False
-iRBcNs9oI8_6,vision,17,8.5,9.0,False
-iRBcNs9oI8_6,vision,18,9.0,9.5,False
-iRBcNs9oI8_6,vision,19,9.5,10.0,False
-iRBcNs9oI8_6,vision,20,10.0,10.5,False
-iRBcNs9oI8_6,vision,21,10.5,11.0,False
-iRBcNs9oI8_6,vision,22,11.0,11.5,False
-iRBcNs9oI8_6,vision,23,11.5,12.0,False
-iRBcNs9oI8_6,vision,24,12.0,12.5,False
-iRBcNs9oI8_6,vision,25,12.5,13.0,False
-iRBcNs9oI8_6,vision,26,13.0,13.5,False
-iRBcNs9oI8_6,vision,27,13.5,14.0,False
-iRBcNs9oI8_6,vision,28,14.0,14.5,False
-iRBcNs9oI8_6,vision,29,14.5,15.0,False
-iRBcNs9oI8_6,vision,30,15.0,15.5,False
-iRBcNs9oI8_6,vision,31,15.5,16.0,False
-iRBcNs9oI8_6,vision,32,16.0,16.5,False
-iRBcNs9oI8_6,vision,33,16.5,17.0,False
-iRBcNs9oI8_6,vision,34,17.0,17.5,False
-iRBcNs9oI8_6,vision,35,17.5,18.0,False
-iRBcNs9oI8_6,vision,36,18.0,18.5,False
-iRBcNs9oI8_6,vision,37,18.5,19.0,False
-iRBcNs9oI8_6,vision,38,19.0,19.5,False
-iRBcNs9oI8_6,vision,39,19.5,20.0,False
-iRBcNs9oI8_6,vision,40,20.0,20.5,False
-iRBcNs9oI8_6,vision,41,20.5,21.0,False
-iRBcNs9oI8_6,vision,42,21.0,21.5,False
-iRBcNs9oI8_6,vision,43,21.5,22.0,False
-iRBcNs9oI8_6,vision,44,22.0,22.5,False
-iRBcNs9oI8_6,vision,45,22.5,23.0,False
-iRBcNs9oI8_6,vision,46,23.0,23.5,False
-iRBcNs9oI8_6,vision,47,23.5,24.0,False
-iRBcNs9oI8_6,vision,48,24.0,24.5,False
-iRBcNs9oI8_6,vision,49,24.5,25.0,False
-iRBcNs9oI8_7,audio,0,0.0,0.5,True
-iRBcNs9oI8_7,audio,1,0.5,1.0,True
-iRBcNs9oI8_7,audio,2,1.0,1.5,True
-iRBcNs9oI8_7,audio,3,1.5,2.0,True
-iRBcNs9oI8_7,audio,4,2.0,2.5,True
-iRBcNs9oI8_7,audio,5,2.5,3.0,True
-iRBcNs9oI8_7,audio,6,3.0,3.5,True
-iRBcNs9oI8_7,audio,7,3.5,4.0,True
-iRBcNs9oI8_7,audio,8,4.0,4.5,False
-iRBcNs9oI8_7,audio,9,4.5,5.0,False
-iRBcNs9oI8_7,audio,10,5.0,5.5,False
-iRBcNs9oI8_7,audio,11,5.5,6.0,False
-iRBcNs9oI8_7,audio,12,6.0,6.5,False
-iRBcNs9oI8_7,audio,13,6.5,7.0,False
-iRBcNs9oI8_7,audio,14,7.0,7.5,False
-iRBcNs9oI8_7,audio,15,7.5,8.0,False
-iRBcNs9oI8_7,audio,16,8.0,8.5,False
-iRBcNs9oI8_7,audio,17,8.5,9.0,False
-iRBcNs9oI8_7,audio,18,9.0,9.5,False
-iRBcNs9oI8_7,audio,19,9.5,10.0,False
-iRBcNs9oI8_7,audio,20,10.0,10.5,False
-iRBcNs9oI8_7,audio,21,10.5,11.0,False
-iRBcNs9oI8_7,audio,22,11.0,11.5,False
-iRBcNs9oI8_7,audio,23,11.5,12.0,False
-iRBcNs9oI8_7,audio,24,12.0,12.5,False
-iRBcNs9oI8_7,audio,25,12.5,13.0,False
-iRBcNs9oI8_7,audio,26,13.0,13.5,False
-iRBcNs9oI8_7,audio,27,13.5,14.0,False
-iRBcNs9oI8_7,audio,28,14.0,14.5,False
-iRBcNs9oI8_7,audio,29,14.5,15.0,False
-iRBcNs9oI8_7,audio,30,15.0,15.5,False
-iRBcNs9oI8_7,audio,31,15.5,16.0,False
-iRBcNs9oI8_7,audio,32,16.0,16.5,False
-iRBcNs9oI8_7,audio,33,16.5,17.0,False
-iRBcNs9oI8_7,audio,34,17.0,17.5,False
-iRBcNs9oI8_7,audio,35,17.5,18.0,False
-iRBcNs9oI8_7,audio,36,18.0,18.5,False
-iRBcNs9oI8_7,audio,37,18.5,19.0,False
-iRBcNs9oI8_7,audio,38,19.0,19.5,False
-iRBcNs9oI8_7,audio,39,19.5,20.0,False
-iRBcNs9oI8_7,audio,40,20.0,20.5,False
-iRBcNs9oI8_7,audio,41,20.5,21.0,False
-iRBcNs9oI8_7,audio,42,21.0,21.5,False
-iRBcNs9oI8_7,audio,43,21.5,22.0,False
-iRBcNs9oI8_7,audio,44,22.0,22.5,False
-iRBcNs9oI8_7,audio,45,22.5,23.0,False
-iRBcNs9oI8_7,audio,46,23.0,23.5,False
-iRBcNs9oI8_7,audio,47,23.5,24.0,False
-iRBcNs9oI8_7,audio,48,24.0,24.5,False
-iRBcNs9oI8_7,audio,49,24.5,25.0,False
-iRBcNs9oI8_7,vision,0,0.0,0.5,True
-iRBcNs9oI8_7,vision,1,0.5,1.0,True
-iRBcNs9oI8_7,vision,2,1.0,1.5,True
-iRBcNs9oI8_7,vision,3,1.5,2.0,True
-iRBcNs9oI8_7,vision,4,2.0,2.5,True
-iRBcNs9oI8_7,vision,5,2.5,3.0,True
-iRBcNs9oI8_7,vision,6,3.0,3.5,True
-iRBcNs9oI8_7,vision,7,3.5,4.0,True
-iRBcNs9oI8_7,vision,8,4.0,4.5,False
-iRBcNs9oI8_7,vision,9,4.5,5.0,False
-iRBcNs9oI8_7,vision,10,5.0,5.5,False
-iRBcNs9oI8_7,vision,11,5.5,6.0,False
-iRBcNs9oI8_7,vision,12,6.0,6.5,False
-iRBcNs9oI8_7,vision,13,6.5,7.0,False
-iRBcNs9oI8_7,vision,14,7.0,7.5,False
-iRBcNs9oI8_7,vision,15,7.5,8.0,False
-iRBcNs9oI8_7,vision,16,8.0,8.5,False
-iRBcNs9oI8_7,vision,17,8.5,9.0,False
-iRBcNs9oI8_7,vision,18,9.0,9.5,False
-iRBcNs9oI8_7,vision,19,9.5,10.0,False
-iRBcNs9oI8_7,vision,20,10.0,10.5,False
-iRBcNs9oI8_7,vision,21,10.5,11.0,False
-iRBcNs9oI8_7,vision,22,11.0,11.5,False
-iRBcNs9oI8_7,vision,23,11.5,12.0,False
-iRBcNs9oI8_7,vision,24,12.0,12.5,False
-iRBcNs9oI8_7,vision,25,12.5,13.0,False
-iRBcNs9oI8_7,vision,26,13.0,13.5,False
-iRBcNs9oI8_7,vision,27,13.5,14.0,False
-iRBcNs9oI8_7,vision,28,14.0,14.5,False
-iRBcNs9oI8_7,vision,29,14.5,15.0,False
-iRBcNs9oI8_7,vision,30,15.0,15.5,False
-iRBcNs9oI8_7,vision,31,15.5,16.0,False
-iRBcNs9oI8_7,vision,32,16.0,16.5,False
-iRBcNs9oI8_7,vision,33,16.5,17.0,False
-iRBcNs9oI8_7,vision,34,17.0,17.5,False
-iRBcNs9oI8_7,vision,35,17.5,18.0,False
-iRBcNs9oI8_7,vision,36,18.0,18.5,False
-iRBcNs9oI8_7,vision,37,18.5,19.0,False
-iRBcNs9oI8_7,vision,38,19.0,19.5,False
-iRBcNs9oI8_7,vision,39,19.5,20.0,False
-iRBcNs9oI8_7,vision,40,20.0,20.5,False
-iRBcNs9oI8_7,vision,41,20.5,21.0,False
-iRBcNs9oI8_7,vision,42,21.0,21.5,False
-iRBcNs9oI8_7,vision,43,21.5,22.0,False
-iRBcNs9oI8_7,vision,44,22.0,22.5,False
-iRBcNs9oI8_7,vision,45,22.5,23.0,False
-iRBcNs9oI8_7,vision,46,23.0,23.5,False
-iRBcNs9oI8_7,vision,47,23.5,24.0,False
-iRBcNs9oI8_7,vision,48,24.0,24.5,False
-iRBcNs9oI8_7,vision,49,24.5,25.0,False
-iRBcNs9oI8_8,audio,0,0.0,0.5,True
-iRBcNs9oI8_8,audio,1,0.5,1.0,True
-iRBcNs9oI8_8,audio,2,1.0,1.5,True
-iRBcNs9oI8_8,audio,3,1.5,2.0,True
-iRBcNs9oI8_8,audio,4,2.0,2.5,True
-iRBcNs9oI8_8,audio,5,2.5,3.0,True
-iRBcNs9oI8_8,audio,6,3.0,3.5,True
-iRBcNs9oI8_8,audio,7,3.5,4.0,True
-iRBcNs9oI8_8,audio,8,4.0,4.5,True
-iRBcNs9oI8_8,audio,9,4.5,5.0,True
-iRBcNs9oI8_8,audio,10,5.0,5.5,True
-iRBcNs9oI8_8,audio,11,5.5,6.0,True
-iRBcNs9oI8_8,audio,12,6.0,6.5,True
-iRBcNs9oI8_8,audio,13,6.5,7.0,True
-iRBcNs9oI8_8,audio,14,7.0,7.5,True
-iRBcNs9oI8_8,audio,15,7.5,8.0,True
-iRBcNs9oI8_8,audio,16,8.0,8.5,False
-iRBcNs9oI8_8,audio,17,8.5,9.0,False
-iRBcNs9oI8_8,audio,18,9.0,9.5,False
-iRBcNs9oI8_8,audio,19,9.5,10.0,False
-iRBcNs9oI8_8,audio,20,10.0,10.5,False
-iRBcNs9oI8_8,audio,21,10.5,11.0,False
-iRBcNs9oI8_8,audio,22,11.0,11.5,False
-iRBcNs9oI8_8,audio,23,11.5,12.0,False
-iRBcNs9oI8_8,audio,24,12.0,12.5,False
-iRBcNs9oI8_8,audio,25,12.5,13.0,False
-iRBcNs9oI8_8,audio,26,13.0,13.5,False
-iRBcNs9oI8_8,audio,27,13.5,14.0,False
-iRBcNs9oI8_8,audio,28,14.0,14.5,False
-iRBcNs9oI8_8,audio,29,14.5,15.0,False
-iRBcNs9oI8_8,audio,30,15.0,15.5,False
-iRBcNs9oI8_8,audio,31,15.5,16.0,False
-iRBcNs9oI8_8,audio,32,16.0,16.5,False
-iRBcNs9oI8_8,audio,33,16.5,17.0,False
-iRBcNs9oI8_8,audio,34,17.0,17.5,False
-iRBcNs9oI8_8,audio,35,17.5,18.0,False
-iRBcNs9oI8_8,audio,36,18.0,18.5,False
-iRBcNs9oI8_8,audio,37,18.5,19.0,False
-iRBcNs9oI8_8,audio,38,19.0,19.5,False
-iRBcNs9oI8_8,audio,39,19.5,20.0,False
-iRBcNs9oI8_8,audio,40,20.0,20.5,False
-iRBcNs9oI8_8,audio,41,20.5,21.0,False
-iRBcNs9oI8_8,audio,42,21.0,21.5,False
-iRBcNs9oI8_8,audio,43,21.5,22.0,False
-iRBcNs9oI8_8,audio,44,22.0,22.5,False
-iRBcNs9oI8_8,audio,45,22.5,23.0,False
-iRBcNs9oI8_8,audio,46,23.0,23.5,False
-iRBcNs9oI8_8,audio,47,23.5,24.0,False
-iRBcNs9oI8_8,audio,48,24.0,24.5,False
-iRBcNs9oI8_8,audio,49,24.5,25.0,False
-iRBcNs9oI8_8,vision,0,0.0,0.5,True
-iRBcNs9oI8_8,vision,1,0.5,1.0,True
-iRBcNs9oI8_8,vision,2,1.0,1.5,True
-iRBcNs9oI8_8,vision,3,1.5,2.0,True
-iRBcNs9oI8_8,vision,4,2.0,2.5,True
-iRBcNs9oI8_8,vision,5,2.5,3.0,True
-iRBcNs9oI8_8,vision,6,3.0,3.5,True
-iRBcNs9oI8_8,vision,7,3.5,4.0,True
-iRBcNs9oI8_8,vision,8,4.0,4.5,True
-iRBcNs9oI8_8,vision,9,4.5,5.0,True
-iRBcNs9oI8_8,vision,10,5.0,5.5,True
-iRBcNs9oI8_8,vision,11,5.5,6.0,True
-iRBcNs9oI8_8,vision,12,6.0,6.5,True
-iRBcNs9oI8_8,vision,13,6.5,7.0,True
-iRBcNs9oI8_8,vision,14,7.0,7.5,True
-iRBcNs9oI8_8,vision,15,7.5,8.0,True
-iRBcNs9oI8_8,vision,16,8.0,8.5,True
-iRBcNs9oI8_8,vision,17,8.5,9.0,False
-iRBcNs9oI8_8,vision,18,9.0,9.5,False
-iRBcNs9oI8_8,vision,19,9.5,10.0,False
-iRBcNs9oI8_8,vision,20,10.0,10.5,False
-iRBcNs9oI8_8,vision,21,10.5,11.0,False
-iRBcNs9oI8_8,vision,22,11.0,11.5,False
-iRBcNs9oI8_8,vision,23,11.5,12.0,False
-iRBcNs9oI8_8,vision,24,12.0,12.5,False
-iRBcNs9oI8_8,vision,25,12.5,13.0,False
-iRBcNs9oI8_8,vision,26,13.0,13.5,False
-iRBcNs9oI8_8,vision,27,13.5,14.0,False
-iRBcNs9oI8_8,vision,28,14.0,14.5,False
-iRBcNs9oI8_8,vision,29,14.5,15.0,False
-iRBcNs9oI8_8,vision,30,15.0,15.5,False
-iRBcNs9oI8_8,vision,31,15.5,16.0,False
-iRBcNs9oI8_8,vision,32,16.0,16.5,False
-iRBcNs9oI8_8,vision,33,16.5,17.0,False
-iRBcNs9oI8_8,vision,34,17.0,17.5,False
-iRBcNs9oI8_8,vision,35,17.5,18.0,False
-iRBcNs9oI8_8,vision,36,18.0,18.5,False
-iRBcNs9oI8_8,vision,37,18.5,19.0,False
-iRBcNs9oI8_8,vision,38,19.0,19.5,False
-iRBcNs9oI8_8,vision,39,19.5,20.0,False
-iRBcNs9oI8_8,vision,40,20.0,20.5,False
-iRBcNs9oI8_8,vision,41,20.5,21.0,False
-iRBcNs9oI8_8,vision,42,21.0,21.5,False
-iRBcNs9oI8_8,vision,43,21.5,22.0,False
-iRBcNs9oI8_8,vision,44,22.0,22.5,False
-iRBcNs9oI8_8,vision,45,22.5,23.0,False
-iRBcNs9oI8_8,vision,46,23.0,23.5,False
-iRBcNs9oI8_8,vision,47,23.5,24.0,False
-iRBcNs9oI8_8,vision,48,24.0,24.5,False
-iRBcNs9oI8_8,vision,49,24.5,25.0,False
-iRBcNs9oI8_9,audio,0,0.0,0.5,True
-iRBcNs9oI8_9,audio,1,0.5,1.0,True
-iRBcNs9oI8_9,audio,2,1.0,1.5,True
-iRBcNs9oI8_9,audio,3,1.5,2.0,True
-iRBcNs9oI8_9,audio,4,2.0,2.5,True
-iRBcNs9oI8_9,audio,5,2.5,3.0,True
-iRBcNs9oI8_9,audio,6,3.0,3.5,True
-iRBcNs9oI8_9,audio,7,3.5,4.0,False
-iRBcNs9oI8_9,audio,8,4.0,4.5,False
-iRBcNs9oI8_9,audio,9,4.5,5.0,False
-iRBcNs9oI8_9,audio,10,5.0,5.5,False
-iRBcNs9oI8_9,audio,11,5.5,6.0,False
-iRBcNs9oI8_9,audio,12,6.0,6.5,False
-iRBcNs9oI8_9,audio,13,6.5,7.0,False
-iRBcNs9oI8_9,audio,14,7.0,7.5,False
-iRBcNs9oI8_9,audio,15,7.5,8.0,False
-iRBcNs9oI8_9,audio,16,8.0,8.5,False
-iRBcNs9oI8_9,audio,17,8.5,9.0,False
-iRBcNs9oI8_9,audio,18,9.0,9.5,False
-iRBcNs9oI8_9,audio,19,9.5,10.0,False
-iRBcNs9oI8_9,audio,20,10.0,10.5,False
-iRBcNs9oI8_9,audio,21,10.5,11.0,False
-iRBcNs9oI8_9,audio,22,11.0,11.5,False
-iRBcNs9oI8_9,audio,23,11.5,12.0,False
-iRBcNs9oI8_9,audio,24,12.0,12.5,False
-iRBcNs9oI8_9,audio,25,12.5,13.0,False
-iRBcNs9oI8_9,audio,26,13.0,13.5,False
-iRBcNs9oI8_9,audio,27,13.5,14.0,False
-iRBcNs9oI8_9,audio,28,14.0,14.5,False
-iRBcNs9oI8_9,audio,29,14.5,15.0,False
-iRBcNs9oI8_9,audio,30,15.0,15.5,False
-iRBcNs9oI8_9,audio,31,15.5,16.0,False
-iRBcNs9oI8_9,audio,32,16.0,16.5,False
-iRBcNs9oI8_9,audio,33,16.5,17.0,False
-iRBcNs9oI8_9,audio,34,17.0,17.5,False
-iRBcNs9oI8_9,audio,35,17.5,18.0,False
-iRBcNs9oI8_9,audio,36,18.0,18.5,False
-iRBcNs9oI8_9,audio,37,18.5,19.0,False
-iRBcNs9oI8_9,audio,38,19.0,19.5,False
-iRBcNs9oI8_9,audio,39,19.5,20.0,False
-iRBcNs9oI8_9,audio,40,20.0,20.5,False
-iRBcNs9oI8_9,audio,41,20.5,21.0,False
-iRBcNs9oI8_9,audio,42,21.0,21.5,False
-iRBcNs9oI8_9,audio,43,21.5,22.0,False
-iRBcNs9oI8_9,audio,44,22.0,22.5,False
-iRBcNs9oI8_9,audio,45,22.5,23.0,False
-iRBcNs9oI8_9,audio,46,23.0,23.5,False
-iRBcNs9oI8_9,audio,47,23.5,24.0,False
-iRBcNs9oI8_9,audio,48,24.0,24.5,False
-iRBcNs9oI8_9,audio,49,24.5,25.0,False
-iRBcNs9oI8_9,vision,0,0.0,0.5,True
-iRBcNs9oI8_9,vision,1,0.5,1.0,True
-iRBcNs9oI8_9,vision,2,1.0,1.5,True
-iRBcNs9oI8_9,vision,3,1.5,2.0,True
-iRBcNs9oI8_9,vision,4,2.0,2.5,True
-iRBcNs9oI8_9,vision,5,2.5,3.0,True
-iRBcNs9oI8_9,vision,6,3.0,3.5,True
-iRBcNs9oI8_9,vision,7,3.5,4.0,False
-iRBcNs9oI8_9,vision,8,4.0,4.5,False
-iRBcNs9oI8_9,vision,9,4.5,5.0,False
-iRBcNs9oI8_9,vision,10,5.0,5.5,False
-iRBcNs9oI8_9,vision,11,5.5,6.0,False
-iRBcNs9oI8_9,vision,12,6.0,6.5,False
-iRBcNs9oI8_9,vision,13,6.5,7.0,False
-iRBcNs9oI8_9,vision,14,7.0,7.5,False
-iRBcNs9oI8_9,vision,15,7.5,8.0,False
-iRBcNs9oI8_9,vision,16,8.0,8.5,False
-iRBcNs9oI8_9,vision,17,8.5,9.0,False
-iRBcNs9oI8_9,vision,18,9.0,9.5,False
-iRBcNs9oI8_9,vision,19,9.5,10.0,False
-iRBcNs9oI8_9,vision,20,10.0,10.5,False
-iRBcNs9oI8_9,vision,21,10.5,11.0,False
-iRBcNs9oI8_9,vision,22,11.0,11.5,False
-iRBcNs9oI8_9,vision,23,11.5,12.0,False
-iRBcNs9oI8_9,vision,24,12.0,12.5,False
-iRBcNs9oI8_9,vision,25,12.5,13.0,False
-iRBcNs9oI8_9,vision,26,13.0,13.5,False
-iRBcNs9oI8_9,vision,27,13.5,14.0,False
-iRBcNs9oI8_9,vision,28,14.0,14.5,False
-iRBcNs9oI8_9,vision,29,14.5,15.0,False
-iRBcNs9oI8_9,vision,30,15.0,15.5,False
-iRBcNs9oI8_9,vision,31,15.5,16.0,False
-iRBcNs9oI8_9,vision,32,16.0,16.5,False
-iRBcNs9oI8_9,vision,33,16.5,17.0,False
-iRBcNs9oI8_9,vision,34,17.0,17.5,False
-iRBcNs9oI8_9,vision,35,17.5,18.0,False
-iRBcNs9oI8_9,vision,36,18.0,18.5,False
-iRBcNs9oI8_9,vision,37,18.5,19.0,False
-iRBcNs9oI8_9,vision,38,19.0,19.5,False
-iRBcNs9oI8_9,vision,39,19.5,20.0,False
-iRBcNs9oI8_9,vision,40,20.0,20.5,False
-iRBcNs9oI8_9,vision,41,20.5,21.0,False
-iRBcNs9oI8_9,vision,42,21.0,21.5,False
-iRBcNs9oI8_9,vision,43,21.5,22.0,False
-iRBcNs9oI8_9,vision,44,22.0,22.5,False
-iRBcNs9oI8_9,vision,45,22.5,23.0,False
-iRBcNs9oI8_9,vision,46,23.0,23.5,False
-iRBcNs9oI8_9,vision,47,23.5,24.0,False
-iRBcNs9oI8_9,vision,48,24.0,24.5,False
-iRBcNs9oI8_9,vision,49,24.5,25.0,False
-lzEya4AM_4_5,audio,0,0.0,0.5,True
-lzEya4AM_4_5,audio,1,0.5,1.0,True
-lzEya4AM_4_5,audio,2,1.0,1.5,True
-lzEya4AM_4_5,audio,3,1.5,2.0,True
-lzEya4AM_4_5,audio,4,2.0,2.5,True
-lzEya4AM_4_5,audio,5,2.5,3.0,True
-lzEya4AM_4_5,audio,6,3.0,3.5,True
-lzEya4AM_4_5,audio,7,3.5,4.0,True
-lzEya4AM_4_5,audio,8,4.0,4.5,True
-lzEya4AM_4_5,audio,9,4.5,5.0,True
-lzEya4AM_4_5,audio,10,5.0,5.5,True
-lzEya4AM_4_5,audio,11,5.5,6.0,True
-lzEya4AM_4_5,audio,12,6.0,6.5,True
-lzEya4AM_4_5,audio,13,6.5,7.0,True
-lzEya4AM_4_5,audio,14,7.0,7.5,True
-lzEya4AM_4_5,audio,15,7.5,8.0,True
-lzEya4AM_4_5,audio,16,8.0,8.5,False
-lzEya4AM_4_5,audio,17,8.5,9.0,False
-lzEya4AM_4_5,audio,18,9.0,9.5,False
-lzEya4AM_4_5,audio,19,9.5,10.0,False
-lzEya4AM_4_5,audio,20,10.0,10.5,False
-lzEya4AM_4_5,audio,21,10.5,11.0,False
-lzEya4AM_4_5,audio,22,11.0,11.5,False
-lzEya4AM_4_5,audio,23,11.5,12.0,False
-lzEya4AM_4_5,audio,24,12.0,12.5,False
-lzEya4AM_4_5,audio,25,12.5,13.0,False
-lzEya4AM_4_5,audio,26,13.0,13.5,False
-lzEya4AM_4_5,audio,27,13.5,14.0,False
-lzEya4AM_4_5,audio,28,14.0,14.5,False
-lzEya4AM_4_5,audio,29,14.5,15.0,False
-lzEya4AM_4_5,audio,30,15.0,15.5,False
-lzEya4AM_4_5,audio,31,15.5,16.0,False
-lzEya4AM_4_5,audio,32,16.0,16.5,False
-lzEya4AM_4_5,audio,33,16.5,17.0,False
-lzEya4AM_4_5,audio,34,17.0,17.5,False
-lzEya4AM_4_5,audio,35,17.5,18.0,False
-lzEya4AM_4_5,audio,36,18.0,18.5,False
-lzEya4AM_4_5,audio,37,18.5,19.0,False
-lzEya4AM_4_5,audio,38,19.0,19.5,False
-lzEya4AM_4_5,audio,39,19.5,20.0,False
-lzEya4AM_4_5,audio,40,20.0,20.5,False
-lzEya4AM_4_5,audio,41,20.5,21.0,False
-lzEya4AM_4_5,audio,42,21.0,21.5,False
-lzEya4AM_4_5,audio,43,21.5,22.0,False
-lzEya4AM_4_5,audio,44,22.0,22.5,False
-lzEya4AM_4_5,audio,45,22.5,23.0,False
-lzEya4AM_4_5,audio,46,23.0,23.5,False
-lzEya4AM_4_5,audio,47,23.5,24.0,False
-lzEya4AM_4_5,audio,48,24.0,24.5,False
-lzEya4AM_4_5,audio,49,24.5,25.0,False
-lzEya4AM_4_5,vision,0,0.0,0.5,True
-lzEya4AM_4_5,vision,1,0.5,1.0,True
-lzEya4AM_4_5,vision,2,1.0,1.5,True
-lzEya4AM_4_5,vision,3,1.5,2.0,True
-lzEya4AM_4_5,vision,4,2.0,2.5,True
-lzEya4AM_4_5,vision,5,2.5,3.0,True
-lzEya4AM_4_5,vision,6,3.0,3.5,True
-lzEya4AM_4_5,vision,7,3.5,4.0,True
-lzEya4AM_4_5,vision,8,4.0,4.5,True
-lzEya4AM_4_5,vision,9,4.5,5.0,True
-lzEya4AM_4_5,vision,10,5.0,5.5,True
-lzEya4AM_4_5,vision,11,5.5,6.0,True
-lzEya4AM_4_5,vision,12,6.0,6.5,True
-lzEya4AM_4_5,vision,13,6.5,7.0,True
-lzEya4AM_4_5,vision,14,7.0,7.5,True
-lzEya4AM_4_5,vision,15,7.5,8.0,True
-lzEya4AM_4_5,vision,16,8.0,8.5,False
-lzEya4AM_4_5,vision,17,8.5,9.0,False
-lzEya4AM_4_5,vision,18,9.0,9.5,False
-lzEya4AM_4_5,vision,19,9.5,10.0,False
-lzEya4AM_4_5,vision,20,10.0,10.5,False
-lzEya4AM_4_5,vision,21,10.5,11.0,False
-lzEya4AM_4_5,vision,22,11.0,11.5,False
-lzEya4AM_4_5,vision,23,11.5,12.0,False
-lzEya4AM_4_5,vision,24,12.0,12.5,False
-lzEya4AM_4_5,vision,25,12.5,13.0,False
-lzEya4AM_4_5,vision,26,13.0,13.5,False
-lzEya4AM_4_5,vision,27,13.5,14.0,False
-lzEya4AM_4_5,vision,28,14.0,14.5,False
-lzEya4AM_4_5,vision,29,14.5,15.0,False
-lzEya4AM_4_5,vision,30,15.0,15.5,False
-lzEya4AM_4_5,vision,31,15.5,16.0,False
-lzEya4AM_4_5,vision,32,16.0,16.5,False
-lzEya4AM_4_5,vision,33,16.5,17.0,False
-lzEya4AM_4_5,vision,34,17.0,17.5,False
-lzEya4AM_4_5,vision,35,17.5,18.0,False
-lzEya4AM_4_5,vision,36,18.0,18.5,False
-lzEya4AM_4_5,vision,37,18.5,19.0,False
-lzEya4AM_4_5,vision,38,19.0,19.5,False
-lzEya4AM_4_5,vision,39,19.5,20.0,False
-lzEya4AM_4_5,vision,40,20.0,20.5,False
-lzEya4AM_4_5,vision,41,20.5,21.0,False
-lzEya4AM_4_5,vision,42,21.0,21.5,False
-lzEya4AM_4_5,vision,43,21.5,22.0,False
-lzEya4AM_4_5,vision,44,22.0,22.5,False
-lzEya4AM_4_5,vision,45,22.5,23.0,False
-lzEya4AM_4_5,vision,46,23.0,23.5,False
-lzEya4AM_4_5,vision,47,23.5,24.0,False
-lzEya4AM_4_5,vision,48,24.0,24.5,False
-lzEya4AM_4_5,vision,49,24.5,25.0,False
-lzEya4AM_4_6,audio,0,0.0,0.5,True
-lzEya4AM_4_6,audio,1,0.5,1.0,True
-lzEya4AM_4_6,audio,2,1.0,1.5,True
-lzEya4AM_4_6,audio,3,1.5,2.0,True
-lzEya4AM_4_6,audio,4,2.0,2.5,True
-lzEya4AM_4_6,audio,5,2.5,3.0,True
-lzEya4AM_4_6,audio,6,3.0,3.5,True
-lzEya4AM_4_6,audio,7,3.5,4.0,True
-lzEya4AM_4_6,audio,8,4.0,4.5,True
-lzEya4AM_4_6,audio,9,4.5,5.0,True
-lzEya4AM_4_6,audio,10,5.0,5.5,True
-lzEya4AM_4_6,audio,11,5.5,6.0,True
-lzEya4AM_4_6,audio,12,6.0,6.5,True
-lzEya4AM_4_6,audio,13,6.5,7.0,True
-lzEya4AM_4_6,audio,14,7.0,7.5,True
-lzEya4AM_4_6,audio,15,7.5,8.0,True
-lzEya4AM_4_6,audio,16,8.0,8.5,True
-lzEya4AM_4_6,audio,17,8.5,9.0,True
-lzEya4AM_4_6,audio,18,9.0,9.5,True
-lzEya4AM_4_6,audio,19,9.5,10.0,True
-lzEya4AM_4_6,audio,20,10.0,10.5,True
-lzEya4AM_4_6,audio,21,10.5,11.0,True
-lzEya4AM_4_6,audio,22,11.0,11.5,True
-lzEya4AM_4_6,audio,23,11.5,12.0,True
-lzEya4AM_4_6,audio,24,12.0,12.5,True
-lzEya4AM_4_6,audio,25,12.5,13.0,True
-lzEya4AM_4_6,audio,26,13.0,13.5,True
-lzEya4AM_4_6,audio,27,13.5,14.0,True
-lzEya4AM_4_6,audio,28,14.0,14.5,True
-lzEya4AM_4_6,audio,29,14.5,15.0,True
-lzEya4AM_4_6,audio,30,15.0,15.5,False
-lzEya4AM_4_6,audio,31,15.5,16.0,False
-lzEya4AM_4_6,audio,32,16.0,16.5,False
-lzEya4AM_4_6,audio,33,16.5,17.0,False
-lzEya4AM_4_6,audio,34,17.0,17.5,False
-lzEya4AM_4_6,audio,35,17.5,18.0,False
-lzEya4AM_4_6,audio,36,18.0,18.5,False
-lzEya4AM_4_6,audio,37,18.5,19.0,False
-lzEya4AM_4_6,audio,38,19.0,19.5,False
-lzEya4AM_4_6,audio,39,19.5,20.0,False
-lzEya4AM_4_6,audio,40,20.0,20.5,False
-lzEya4AM_4_6,audio,41,20.5,21.0,False
-lzEya4AM_4_6,audio,42,21.0,21.5,False
-lzEya4AM_4_6,audio,43,21.5,22.0,False
-lzEya4AM_4_6,audio,44,22.0,22.5,False
-lzEya4AM_4_6,audio,45,22.5,23.0,False
-lzEya4AM_4_6,audio,46,23.0,23.5,False
-lzEya4AM_4_6,audio,47,23.5,24.0,False
-lzEya4AM_4_6,audio,48,24.0,24.5,False
-lzEya4AM_4_6,audio,49,24.5,25.0,False
-lzEya4AM_4_6,vision,0,0.0,0.5,True
-lzEya4AM_4_6,vision,1,0.5,1.0,True
-lzEya4AM_4_6,vision,2,1.0,1.5,True
-lzEya4AM_4_6,vision,3,1.5,2.0,True
-lzEya4AM_4_6,vision,4,2.0,2.5,True
-lzEya4AM_4_6,vision,5,2.5,3.0,True
-lzEya4AM_4_6,vision,6,3.0,3.5,True
-lzEya4AM_4_6,vision,7,3.5,4.0,True
-lzEya4AM_4_6,vision,8,4.0,4.5,True
-lzEya4AM_4_6,vision,9,4.5,5.0,True
-lzEya4AM_4_6,vision,10,5.0,5.5,True
-lzEya4AM_4_6,vision,11,5.5,6.0,True
-lzEya4AM_4_6,vision,12,6.0,6.5,True
-lzEya4AM_4_6,vision,13,6.5,7.0,True
-lzEya4AM_4_6,vision,14,7.0,7.5,True
-lzEya4AM_4_6,vision,15,7.5,8.0,True
-lzEya4AM_4_6,vision,16,8.0,8.5,True
-lzEya4AM_4_6,vision,17,8.5,9.0,True
-lzEya4AM_4_6,vision,18,9.0,9.5,True
-lzEya4AM_4_6,vision,19,9.5,10.0,True
-lzEya4AM_4_6,vision,20,10.0,10.5,True
-lzEya4AM_4_6,vision,21,10.5,11.0,True
-lzEya4AM_4_6,vision,22,11.0,11.5,True
-lzEya4AM_4_6,vision,23,11.5,12.0,True
-lzEya4AM_4_6,vision,24,12.0,12.5,True
-lzEya4AM_4_6,vision,25,12.5,13.0,True
-lzEya4AM_4_6,vision,26,13.0,13.5,True
-lzEya4AM_4_6,vision,27,13.5,14.0,True
-lzEya4AM_4_6,vision,28,14.0,14.5,True
-lzEya4AM_4_6,vision,29,14.5,15.0,True
-lzEya4AM_4_6,vision,30,15.0,15.5,False
-lzEya4AM_4_6,vision,31,15.5,16.0,False
-lzEya4AM_4_6,vision,32,16.0,16.5,False
-lzEya4AM_4_6,vision,33,16.5,17.0,False
-lzEya4AM_4_6,vision,34,17.0,17.5,False
-lzEya4AM_4_6,vision,35,17.5,18.0,False
-lzEya4AM_4_6,vision,36,18.0,18.5,False
-lzEya4AM_4_6,vision,37,18.5,19.0,False
-lzEya4AM_4_6,vision,38,19.0,19.5,False
-lzEya4AM_4_6,vision,39,19.5,20.0,False
-lzEya4AM_4_6,vision,40,20.0,20.5,False
-lzEya4AM_4_6,vision,41,20.5,21.0,False
-lzEya4AM_4_6,vision,42,21.0,21.5,False
-lzEya4AM_4_6,vision,43,21.5,22.0,False
-lzEya4AM_4_6,vision,44,22.0,22.5,False
-lzEya4AM_4_6,vision,45,22.5,23.0,False
-lzEya4AM_4_6,vision,46,23.0,23.5,False
-lzEya4AM_4_6,vision,47,23.5,24.0,False
-lzEya4AM_4_6,vision,48,24.0,24.5,False
-lzEya4AM_4_6,vision,49,24.5,25.0,False
-mJ2ud6oKI8_1,audio,0,0.0,0.5,True
-mJ2ud6oKI8_1,audio,1,0.5,1.0,True
-mJ2ud6oKI8_1,audio,2,1.0,1.5,True
-mJ2ud6oKI8_1,audio,3,1.5,2.0,True
-mJ2ud6oKI8_1,audio,4,2.0,2.5,True
-mJ2ud6oKI8_1,audio,5,2.5,3.0,True
-mJ2ud6oKI8_1,audio,6,3.0,3.5,True
-mJ2ud6oKI8_1,audio,7,3.5,4.0,True
-mJ2ud6oKI8_1,audio,8,4.0,4.5,True
-mJ2ud6oKI8_1,audio,9,4.5,5.0,True
-mJ2ud6oKI8_1,audio,10,5.0,5.5,True
-mJ2ud6oKI8_1,audio,11,5.5,6.0,True
-mJ2ud6oKI8_1,audio,12,6.0,6.5,True
-mJ2ud6oKI8_1,audio,13,6.5,7.0,False
-mJ2ud6oKI8_1,audio,14,7.0,7.5,False
-mJ2ud6oKI8_1,audio,15,7.5,8.0,False
-mJ2ud6oKI8_1,audio,16,8.0,8.5,False
-mJ2ud6oKI8_1,audio,17,8.5,9.0,False
-mJ2ud6oKI8_1,audio,18,9.0,9.5,False
-mJ2ud6oKI8_1,audio,19,9.5,10.0,False
-mJ2ud6oKI8_1,audio,20,10.0,10.5,False
-mJ2ud6oKI8_1,audio,21,10.5,11.0,False
-mJ2ud6oKI8_1,audio,22,11.0,11.5,False
-mJ2ud6oKI8_1,audio,23,11.5,12.0,False
-mJ2ud6oKI8_1,audio,24,12.0,12.5,False
-mJ2ud6oKI8_1,audio,25,12.5,13.0,False
-mJ2ud6oKI8_1,audio,26,13.0,13.5,False
-mJ2ud6oKI8_1,audio,27,13.5,14.0,False
-mJ2ud6oKI8_1,audio,28,14.0,14.5,False
-mJ2ud6oKI8_1,audio,29,14.5,15.0,False
-mJ2ud6oKI8_1,audio,30,15.0,15.5,False
-mJ2ud6oKI8_1,audio,31,15.5,16.0,False
-mJ2ud6oKI8_1,audio,32,16.0,16.5,False
-mJ2ud6oKI8_1,audio,33,16.5,17.0,False
-mJ2ud6oKI8_1,audio,34,17.0,17.5,False
-mJ2ud6oKI8_1,audio,35,17.5,18.0,False
-mJ2ud6oKI8_1,audio,36,18.0,18.5,False
-mJ2ud6oKI8_1,audio,37,18.5,19.0,False
-mJ2ud6oKI8_1,audio,38,19.0,19.5,False
-mJ2ud6oKI8_1,audio,39,19.5,20.0,False
-mJ2ud6oKI8_1,audio,40,20.0,20.5,False
-mJ2ud6oKI8_1,audio,41,20.5,21.0,False
-mJ2ud6oKI8_1,audio,42,21.0,21.5,False
-mJ2ud6oKI8_1,audio,43,21.5,22.0,False
-mJ2ud6oKI8_1,audio,44,22.0,22.5,False
-mJ2ud6oKI8_1,audio,45,22.5,23.0,False
-mJ2ud6oKI8_1,audio,46,23.0,23.5,False
-mJ2ud6oKI8_1,audio,47,23.5,24.0,False
-mJ2ud6oKI8_1,audio,48,24.0,24.5,False
-mJ2ud6oKI8_1,audio,49,24.5,25.0,False
-mJ2ud6oKI8_1,vision,0,0.0,0.5,True
-mJ2ud6oKI8_1,vision,1,0.5,1.0,True
-mJ2ud6oKI8_1,vision,2,1.0,1.5,True
-mJ2ud6oKI8_1,vision,3,1.5,2.0,True
-mJ2ud6oKI8_1,vision,4,2.0,2.5,True
-mJ2ud6oKI8_1,vision,5,2.5,3.0,True
-mJ2ud6oKI8_1,vision,6,3.0,3.5,True
-mJ2ud6oKI8_1,vision,7,3.5,4.0,True
-mJ2ud6oKI8_1,vision,8,4.0,4.5,True
-mJ2ud6oKI8_1,vision,9,4.5,5.0,True
-mJ2ud6oKI8_1,vision,10,5.0,5.5,True
-mJ2ud6oKI8_1,vision,11,5.5,6.0,True
-mJ2ud6oKI8_1,vision,12,6.0,6.5,True
-mJ2ud6oKI8_1,vision,13,6.5,7.0,False
-mJ2ud6oKI8_1,vision,14,7.0,7.5,False
-mJ2ud6oKI8_1,vision,15,7.5,8.0,False
-mJ2ud6oKI8_1,vision,16,8.0,8.5,False
-mJ2ud6oKI8_1,vision,17,8.5,9.0,False
-mJ2ud6oKI8_1,vision,18,9.0,9.5,False
-mJ2ud6oKI8_1,vision,19,9.5,10.0,False
-mJ2ud6oKI8_1,vision,20,10.0,10.5,False
-mJ2ud6oKI8_1,vision,21,10.5,11.0,False
-mJ2ud6oKI8_1,vision,22,11.0,11.5,False
-mJ2ud6oKI8_1,vision,23,11.5,12.0,False
-mJ2ud6oKI8_1,vision,24,12.0,12.5,False
-mJ2ud6oKI8_1,vision,25,12.5,13.0,False
-mJ2ud6oKI8_1,vision,26,13.0,13.5,False
-mJ2ud6oKI8_1,vision,27,13.5,14.0,False
-mJ2ud6oKI8_1,vision,28,14.0,14.5,False
-mJ2ud6oKI8_1,vision,29,14.5,15.0,False
-mJ2ud6oKI8_1,vision,30,15.0,15.5,False
-mJ2ud6oKI8_1,vision,31,15.5,16.0,False
-mJ2ud6oKI8_1,vision,32,16.0,16.5,False
-mJ2ud6oKI8_1,vision,33,16.5,17.0,False
-mJ2ud6oKI8_1,vision,34,17.0,17.5,False
-mJ2ud6oKI8_1,vision,35,17.5,18.0,False
-mJ2ud6oKI8_1,vision,36,18.0,18.5,False
-mJ2ud6oKI8_1,vision,37,18.5,19.0,False
-mJ2ud6oKI8_1,vision,38,19.0,19.5,False
-mJ2ud6oKI8_1,vision,39,19.5,20.0,False
-mJ2ud6oKI8_1,vision,40,20.0,20.5,False
-mJ2ud6oKI8_1,vision,41,20.5,21.0,False
-mJ2ud6oKI8_1,vision,42,21.0,21.5,False
-mJ2ud6oKI8_1,vision,43,21.5,22.0,False
-mJ2ud6oKI8_1,vision,44,22.0,22.5,False
-mJ2ud6oKI8_1,vision,45,22.5,23.0,False
-mJ2ud6oKI8_1,vision,46,23.0,23.5,False
-mJ2ud6oKI8_1,vision,47,23.5,24.0,False
-mJ2ud6oKI8_1,vision,48,24.0,24.5,False
-mJ2ud6oKI8_1,vision,49,24.5,25.0,False
-mJ2ud6oKI8_2,audio,0,0.0,0.5,True
-mJ2ud6oKI8_2,audio,1,0.5,1.0,True
-mJ2ud6oKI8_2,audio,2,1.0,1.5,True
-mJ2ud6oKI8_2,audio,3,1.5,2.0,True
-mJ2ud6oKI8_2,audio,4,2.0,2.5,True
-mJ2ud6oKI8_2,audio,5,2.5,3.0,True
-mJ2ud6oKI8_2,audio,6,3.0,3.5,True
-mJ2ud6oKI8_2,audio,7,3.5,4.0,True
-mJ2ud6oKI8_2,audio,8,4.0,4.5,True
-mJ2ud6oKI8_2,audio,9,4.5,5.0,True
-mJ2ud6oKI8_2,audio,10,5.0,5.5,True
-mJ2ud6oKI8_2,audio,11,5.5,6.0,True
-mJ2ud6oKI8_2,audio,12,6.0,6.5,False
-mJ2ud6oKI8_2,audio,13,6.5,7.0,False
-mJ2ud6oKI8_2,audio,14,7.0,7.5,False
-mJ2ud6oKI8_2,audio,15,7.5,8.0,False
-mJ2ud6oKI8_2,audio,16,8.0,8.5,False
-mJ2ud6oKI8_2,audio,17,8.5,9.0,False
-mJ2ud6oKI8_2,audio,18,9.0,9.5,False
-mJ2ud6oKI8_2,audio,19,9.5,10.0,False
-mJ2ud6oKI8_2,audio,20,10.0,10.5,False
-mJ2ud6oKI8_2,audio,21,10.5,11.0,False
-mJ2ud6oKI8_2,audio,22,11.0,11.5,False
-mJ2ud6oKI8_2,audio,23,11.5,12.0,False
-mJ2ud6oKI8_2,audio,24,12.0,12.5,False
-mJ2ud6oKI8_2,audio,25,12.5,13.0,False
-mJ2ud6oKI8_2,audio,26,13.0,13.5,False
-mJ2ud6oKI8_2,audio,27,13.5,14.0,False
-mJ2ud6oKI8_2,audio,28,14.0,14.5,False
-mJ2ud6oKI8_2,audio,29,14.5,15.0,False
-mJ2ud6oKI8_2,audio,30,15.0,15.5,False
-mJ2ud6oKI8_2,audio,31,15.5,16.0,False
-mJ2ud6oKI8_2,audio,32,16.0,16.5,False
-mJ2ud6oKI8_2,audio,33,16.5,17.0,False
-mJ2ud6oKI8_2,audio,34,17.0,17.5,False
-mJ2ud6oKI8_2,audio,35,17.5,18.0,False
-mJ2ud6oKI8_2,audio,36,18.0,18.5,False
-mJ2ud6oKI8_2,audio,37,18.5,19.0,False
-mJ2ud6oKI8_2,audio,38,19.0,19.5,False
-mJ2ud6oKI8_2,audio,39,19.5,20.0,False
-mJ2ud6oKI8_2,audio,40,20.0,20.5,False
-mJ2ud6oKI8_2,audio,41,20.5,21.0,False
-mJ2ud6oKI8_2,audio,42,21.0,21.5,False
-mJ2ud6oKI8_2,audio,43,21.5,22.0,False
-mJ2ud6oKI8_2,audio,44,22.0,22.5,False
-mJ2ud6oKI8_2,audio,45,22.5,23.0,False
-mJ2ud6oKI8_2,audio,46,23.0,23.5,False
-mJ2ud6oKI8_2,audio,47,23.5,24.0,False
-mJ2ud6oKI8_2,audio,48,24.0,24.5,False
-mJ2ud6oKI8_2,audio,49,24.5,25.0,False
-mJ2ud6oKI8_2,vision,0,0.0,0.5,True
-mJ2ud6oKI8_2,vision,1,0.5,1.0,True
-mJ2ud6oKI8_2,vision,2,1.0,1.5,True
-mJ2ud6oKI8_2,vision,3,1.5,2.0,True
-mJ2ud6oKI8_2,vision,4,2.0,2.5,True
-mJ2ud6oKI8_2,vision,5,2.5,3.0,True
-mJ2ud6oKI8_2,vision,6,3.0,3.5,True
-mJ2ud6oKI8_2,vision,7,3.5,4.0,True
-mJ2ud6oKI8_2,vision,8,4.0,4.5,True
-mJ2ud6oKI8_2,vision,9,4.5,5.0,True
-mJ2ud6oKI8_2,vision,10,5.0,5.5,True
-mJ2ud6oKI8_2,vision,11,5.5,6.0,True
-mJ2ud6oKI8_2,vision,12,6.0,6.5,False
-mJ2ud6oKI8_2,vision,13,6.5,7.0,False
-mJ2ud6oKI8_2,vision,14,7.0,7.5,False
-mJ2ud6oKI8_2,vision,15,7.5,8.0,False
-mJ2ud6oKI8_2,vision,16,8.0,8.5,False
-mJ2ud6oKI8_2,vision,17,8.5,9.0,False
-mJ2ud6oKI8_2,vision,18,9.0,9.5,False
-mJ2ud6oKI8_2,vision,19,9.5,10.0,False
-mJ2ud6oKI8_2,vision,20,10.0,10.5,False
-mJ2ud6oKI8_2,vision,21,10.5,11.0,False
-mJ2ud6oKI8_2,vision,22,11.0,11.5,False
-mJ2ud6oKI8_2,vision,23,11.5,12.0,False
-mJ2ud6oKI8_2,vision,24,12.0,12.5,False
-mJ2ud6oKI8_2,vision,25,12.5,13.0,False
-mJ2ud6oKI8_2,vision,26,13.0,13.5,False
-mJ2ud6oKI8_2,vision,27,13.5,14.0,False
-mJ2ud6oKI8_2,vision,28,14.0,14.5,False
-mJ2ud6oKI8_2,vision,29,14.5,15.0,False
-mJ2ud6oKI8_2,vision,30,15.0,15.5,False
-mJ2ud6oKI8_2,vision,31,15.5,16.0,False
-mJ2ud6oKI8_2,vision,32,16.0,16.5,False
-mJ2ud6oKI8_2,vision,33,16.5,17.0,False
-mJ2ud6oKI8_2,vision,34,17.0,17.5,False
-mJ2ud6oKI8_2,vision,35,17.5,18.0,False
-mJ2ud6oKI8_2,vision,36,18.0,18.5,False
-mJ2ud6oKI8_2,vision,37,18.5,19.0,False
-mJ2ud6oKI8_2,vision,38,19.0,19.5,False
-mJ2ud6oKI8_2,vision,39,19.5,20.0,False
-mJ2ud6oKI8_2,vision,40,20.0,20.5,False
-mJ2ud6oKI8_2,vision,41,20.5,21.0,False
-mJ2ud6oKI8_2,vision,42,21.0,21.5,False
-mJ2ud6oKI8_2,vision,43,21.5,22.0,False
-mJ2ud6oKI8_2,vision,44,22.0,22.5,False
-mJ2ud6oKI8_2,vision,45,22.5,23.0,False
-mJ2ud6oKI8_2,vision,46,23.0,23.5,False
-mJ2ud6oKI8_2,vision,47,23.5,24.0,False
-mJ2ud6oKI8_2,vision,48,24.0,24.5,False
-mJ2ud6oKI8_2,vision,49,24.5,25.0,False
-mJ2ud6oKI8_6,audio,0,0.0,0.5,True
-mJ2ud6oKI8_6,audio,1,0.5,1.0,True
-mJ2ud6oKI8_6,audio,2,1.0,1.5,True
-mJ2ud6oKI8_6,audio,3,1.5,2.0,True
-mJ2ud6oKI8_6,audio,4,2.0,2.5,True
-mJ2ud6oKI8_6,audio,5,2.5,3.0,False
-mJ2ud6oKI8_6,audio,6,3.0,3.5,False
-mJ2ud6oKI8_6,audio,7,3.5,4.0,False
-mJ2ud6oKI8_6,audio,8,4.0,4.5,False
-mJ2ud6oKI8_6,audio,9,4.5,5.0,False
-mJ2ud6oKI8_6,audio,10,5.0,5.5,False
-mJ2ud6oKI8_6,audio,11,5.5,6.0,False
-mJ2ud6oKI8_6,audio,12,6.0,6.5,False
-mJ2ud6oKI8_6,audio,13,6.5,7.0,False
-mJ2ud6oKI8_6,audio,14,7.0,7.5,False
-mJ2ud6oKI8_6,audio,15,7.5,8.0,False
-mJ2ud6oKI8_6,audio,16,8.0,8.5,False
-mJ2ud6oKI8_6,audio,17,8.5,9.0,False
-mJ2ud6oKI8_6,audio,18,9.0,9.5,False
-mJ2ud6oKI8_6,audio,19,9.5,10.0,False
-mJ2ud6oKI8_6,audio,20,10.0,10.5,False
-mJ2ud6oKI8_6,audio,21,10.5,11.0,False
-mJ2ud6oKI8_6,audio,22,11.0,11.5,False
-mJ2ud6oKI8_6,audio,23,11.5,12.0,False
-mJ2ud6oKI8_6,audio,24,12.0,12.5,False
-mJ2ud6oKI8_6,audio,25,12.5,13.0,False
-mJ2ud6oKI8_6,audio,26,13.0,13.5,False
-mJ2ud6oKI8_6,audio,27,13.5,14.0,False
-mJ2ud6oKI8_6,audio,28,14.0,14.5,False
-mJ2ud6oKI8_6,audio,29,14.5,15.0,False
-mJ2ud6oKI8_6,audio,30,15.0,15.5,False
-mJ2ud6oKI8_6,audio,31,15.5,16.0,False
-mJ2ud6oKI8_6,audio,32,16.0,16.5,False
-mJ2ud6oKI8_6,audio,33,16.5,17.0,False
-mJ2ud6oKI8_6,audio,34,17.0,17.5,False
-mJ2ud6oKI8_6,audio,35,17.5,18.0,False
-mJ2ud6oKI8_6,audio,36,18.0,18.5,False
-mJ2ud6oKI8_6,audio,37,18.5,19.0,False
-mJ2ud6oKI8_6,audio,38,19.0,19.5,False
-mJ2ud6oKI8_6,audio,39,19.5,20.0,False
-mJ2ud6oKI8_6,audio,40,20.0,20.5,False
-mJ2ud6oKI8_6,audio,41,20.5,21.0,False
-mJ2ud6oKI8_6,audio,42,21.0,21.5,False
-mJ2ud6oKI8_6,audio,43,21.5,22.0,False
-mJ2ud6oKI8_6,audio,44,22.0,22.5,False
-mJ2ud6oKI8_6,audio,45,22.5,23.0,False
-mJ2ud6oKI8_6,audio,46,23.0,23.5,False
-mJ2ud6oKI8_6,audio,47,23.5,24.0,False
-mJ2ud6oKI8_6,audio,48,24.0,24.5,False
-mJ2ud6oKI8_6,audio,49,24.5,25.0,False
-mJ2ud6oKI8_6,vision,0,0.0,0.5,True
-mJ2ud6oKI8_6,vision,1,0.5,1.0,True
-mJ2ud6oKI8_6,vision,2,1.0,1.5,True
-mJ2ud6oKI8_6,vision,3,1.5,2.0,True
-mJ2ud6oKI8_6,vision,4,2.0,2.5,True
-mJ2ud6oKI8_6,vision,5,2.5,3.0,False
-mJ2ud6oKI8_6,vision,6,3.0,3.5,False
-mJ2ud6oKI8_6,vision,7,3.5,4.0,False
-mJ2ud6oKI8_6,vision,8,4.0,4.5,False
-mJ2ud6oKI8_6,vision,9,4.5,5.0,False
-mJ2ud6oKI8_6,vision,10,5.0,5.5,False
-mJ2ud6oKI8_6,vision,11,5.5,6.0,False
-mJ2ud6oKI8_6,vision,12,6.0,6.5,False
-mJ2ud6oKI8_6,vision,13,6.5,7.0,False
-mJ2ud6oKI8_6,vision,14,7.0,7.5,False
-mJ2ud6oKI8_6,vision,15,7.5,8.0,False
-mJ2ud6oKI8_6,vision,16,8.0,8.5,False
-mJ2ud6oKI8_6,vision,17,8.5,9.0,False
-mJ2ud6oKI8_6,vision,18,9.0,9.5,False
-mJ2ud6oKI8_6,vision,19,9.5,10.0,False
-mJ2ud6oKI8_6,vision,20,10.0,10.5,False
-mJ2ud6oKI8_6,vision,21,10.5,11.0,False
-mJ2ud6oKI8_6,vision,22,11.0,11.5,False
-mJ2ud6oKI8_6,vision,23,11.5,12.0,False
-mJ2ud6oKI8_6,vision,24,12.0,12.5,False
-mJ2ud6oKI8_6,vision,25,12.5,13.0,False
-mJ2ud6oKI8_6,vision,26,13.0,13.5,False
-mJ2ud6oKI8_6,vision,27,13.5,14.0,False
-mJ2ud6oKI8_6,vision,28,14.0,14.5,False
-mJ2ud6oKI8_6,vision,29,14.5,15.0,False
-mJ2ud6oKI8_6,vision,30,15.0,15.5,False
-mJ2ud6oKI8_6,vision,31,15.5,16.0,False
-mJ2ud6oKI8_6,vision,32,16.0,16.5,False
-mJ2ud6oKI8_6,vision,33,16.5,17.0,False
-mJ2ud6oKI8_6,vision,34,17.0,17.5,False
-mJ2ud6oKI8_6,vision,35,17.5,18.0,False
-mJ2ud6oKI8_6,vision,36,18.0,18.5,False
-mJ2ud6oKI8_6,vision,37,18.5,19.0,False
-mJ2ud6oKI8_6,vision,38,19.0,19.5,False
-mJ2ud6oKI8_6,vision,39,19.5,20.0,False
-mJ2ud6oKI8_6,vision,40,20.0,20.5,False
-mJ2ud6oKI8_6,vision,41,20.5,21.0,False
-mJ2ud6oKI8_6,vision,42,21.0,21.5,False
-mJ2ud6oKI8_6,vision,43,21.5,22.0,False
-mJ2ud6oKI8_6,vision,44,22.0,22.5,False
-mJ2ud6oKI8_6,vision,45,22.5,23.0,False
-mJ2ud6oKI8_6,vision,46,23.0,23.5,False
-mJ2ud6oKI8_6,vision,47,23.5,24.0,False
-mJ2ud6oKI8_6,vision,48,24.0,24.5,False
-mJ2ud6oKI8_6,vision,49,24.5,25.0,False
-mJ2ud6oKI8_8,audio,0,0.0,0.5,True
-mJ2ud6oKI8_8,audio,1,0.5,1.0,True
-mJ2ud6oKI8_8,audio,2,1.0,1.5,True
-mJ2ud6oKI8_8,audio,3,1.5,2.0,True
-mJ2ud6oKI8_8,audio,4,2.0,2.5,True
-mJ2ud6oKI8_8,audio,5,2.5,3.0,True
-mJ2ud6oKI8_8,audio,6,3.0,3.5,True
-mJ2ud6oKI8_8,audio,7,3.5,4.0,True
-mJ2ud6oKI8_8,audio,8,4.0,4.5,True
-mJ2ud6oKI8_8,audio,9,4.5,5.0,False
-mJ2ud6oKI8_8,audio,10,5.0,5.5,False
-mJ2ud6oKI8_8,audio,11,5.5,6.0,False
-mJ2ud6oKI8_8,audio,12,6.0,6.5,False
-mJ2ud6oKI8_8,audio,13,6.5,7.0,False
-mJ2ud6oKI8_8,audio,14,7.0,7.5,False
-mJ2ud6oKI8_8,audio,15,7.5,8.0,False
-mJ2ud6oKI8_8,audio,16,8.0,8.5,False
-mJ2ud6oKI8_8,audio,17,8.5,9.0,False
-mJ2ud6oKI8_8,audio,18,9.0,9.5,False
-mJ2ud6oKI8_8,audio,19,9.5,10.0,False
-mJ2ud6oKI8_8,audio,20,10.0,10.5,False
-mJ2ud6oKI8_8,audio,21,10.5,11.0,False
-mJ2ud6oKI8_8,audio,22,11.0,11.5,False
-mJ2ud6oKI8_8,audio,23,11.5,12.0,False
-mJ2ud6oKI8_8,audio,24,12.0,12.5,False
-mJ2ud6oKI8_8,audio,25,12.5,13.0,False
-mJ2ud6oKI8_8,audio,26,13.0,13.5,False
-mJ2ud6oKI8_8,audio,27,13.5,14.0,False
-mJ2ud6oKI8_8,audio,28,14.0,14.5,False
-mJ2ud6oKI8_8,audio,29,14.5,15.0,False
-mJ2ud6oKI8_8,audio,30,15.0,15.5,False
-mJ2ud6oKI8_8,audio,31,15.5,16.0,False
-mJ2ud6oKI8_8,audio,32,16.0,16.5,False
-mJ2ud6oKI8_8,audio,33,16.5,17.0,False
-mJ2ud6oKI8_8,audio,34,17.0,17.5,False
-mJ2ud6oKI8_8,audio,35,17.5,18.0,False
-mJ2ud6oKI8_8,audio,36,18.0,18.5,False
-mJ2ud6oKI8_8,audio,37,18.5,19.0,False
-mJ2ud6oKI8_8,audio,38,19.0,19.5,False
-mJ2ud6oKI8_8,audio,39,19.5,20.0,False
-mJ2ud6oKI8_8,audio,40,20.0,20.5,False
-mJ2ud6oKI8_8,audio,41,20.5,21.0,False
-mJ2ud6oKI8_8,audio,42,21.0,21.5,False
-mJ2ud6oKI8_8,audio,43,21.5,22.0,False
-mJ2ud6oKI8_8,audio,44,22.0,22.5,False
-mJ2ud6oKI8_8,audio,45,22.5,23.0,False
-mJ2ud6oKI8_8,audio,46,23.0,23.5,False
-mJ2ud6oKI8_8,audio,47,23.5,24.0,False
-mJ2ud6oKI8_8,audio,48,24.0,24.5,False
-mJ2ud6oKI8_8,audio,49,24.5,25.0,False
-mJ2ud6oKI8_8,vision,0,0.0,0.5,True
-mJ2ud6oKI8_8,vision,1,0.5,1.0,True
-mJ2ud6oKI8_8,vision,2,1.0,1.5,True
-mJ2ud6oKI8_8,vision,3,1.5,2.0,True
-mJ2ud6oKI8_8,vision,4,2.0,2.5,True
-mJ2ud6oKI8_8,vision,5,2.5,3.0,True
-mJ2ud6oKI8_8,vision,6,3.0,3.5,True
-mJ2ud6oKI8_8,vision,7,3.5,4.0,True
-mJ2ud6oKI8_8,vision,8,4.0,4.5,True
-mJ2ud6oKI8_8,vision,9,4.5,5.0,False
-mJ2ud6oKI8_8,vision,10,5.0,5.5,False
-mJ2ud6oKI8_8,vision,11,5.5,6.0,False
-mJ2ud6oKI8_8,vision,12,6.0,6.5,False
-mJ2ud6oKI8_8,vision,13,6.5,7.0,False
-mJ2ud6oKI8_8,vision,14,7.0,7.5,False
-mJ2ud6oKI8_8,vision,15,7.5,8.0,False
-mJ2ud6oKI8_8,vision,16,8.0,8.5,False
-mJ2ud6oKI8_8,vision,17,8.5,9.0,False
-mJ2ud6oKI8_8,vision,18,9.0,9.5,False
-mJ2ud6oKI8_8,vision,19,9.5,10.0,False
-mJ2ud6oKI8_8,vision,20,10.0,10.5,False
-mJ2ud6oKI8_8,vision,21,10.5,11.0,False
-mJ2ud6oKI8_8,vision,22,11.0,11.5,False
-mJ2ud6oKI8_8,vision,23,11.5,12.0,False
-mJ2ud6oKI8_8,vision,24,12.0,12.5,False
-mJ2ud6oKI8_8,vision,25,12.5,13.0,False
-mJ2ud6oKI8_8,vision,26,13.0,13.5,False
-mJ2ud6oKI8_8,vision,27,13.5,14.0,False
-mJ2ud6oKI8_8,vision,28,14.0,14.5,False
-mJ2ud6oKI8_8,vision,29,14.5,15.0,False
-mJ2ud6oKI8_8,vision,30,15.0,15.5,False
-mJ2ud6oKI8_8,vision,31,15.5,16.0,False
-mJ2ud6oKI8_8,vision,32,16.0,16.5,False
-mJ2ud6oKI8_8,vision,33,16.5,17.0,False
-mJ2ud6oKI8_8,vision,34,17.0,17.5,False
-mJ2ud6oKI8_8,vision,35,17.5,18.0,False
-mJ2ud6oKI8_8,vision,36,18.0,18.5,False
-mJ2ud6oKI8_8,vision,37,18.5,19.0,False
-mJ2ud6oKI8_8,vision,38,19.0,19.5,False
-mJ2ud6oKI8_8,vision,39,19.5,20.0,False
-mJ2ud6oKI8_8,vision,40,20.0,20.5,False
-mJ2ud6oKI8_8,vision,41,20.5,21.0,False
-mJ2ud6oKI8_8,vision,42,21.0,21.5,False
-mJ2ud6oKI8_8,vision,43,21.5,22.0,False
-mJ2ud6oKI8_8,vision,44,22.0,22.5,False
-mJ2ud6oKI8_8,vision,45,22.5,23.0,False
-mJ2ud6oKI8_8,vision,46,23.0,23.5,False
-mJ2ud6oKI8_8,vision,47,23.5,24.0,False
-mJ2ud6oKI8_8,vision,48,24.0,24.5,False
-mJ2ud6oKI8_8,vision,49,24.5,25.0,False
-mJ2ud6oKI8_9,audio,0,0.0,0.5,True
-mJ2ud6oKI8_9,audio,1,0.5,1.0,True
-mJ2ud6oKI8_9,audio,2,1.0,1.5,True
-mJ2ud6oKI8_9,audio,3,1.5,2.0,True
-mJ2ud6oKI8_9,audio,4,2.0,2.5,True
-mJ2ud6oKI8_9,audio,5,2.5,3.0,True
-mJ2ud6oKI8_9,audio,6,3.0,3.5,True
-mJ2ud6oKI8_9,audio,7,3.5,4.0,True
-mJ2ud6oKI8_9,audio,8,4.0,4.5,True
-mJ2ud6oKI8_9,audio,9,4.5,5.0,True
-mJ2ud6oKI8_9,audio,10,5.0,5.5,True
-mJ2ud6oKI8_9,audio,11,5.5,6.0,True
-mJ2ud6oKI8_9,audio,12,6.0,6.5,True
-mJ2ud6oKI8_9,audio,13,6.5,7.0,True
-mJ2ud6oKI8_9,audio,14,7.0,7.5,False
-mJ2ud6oKI8_9,audio,15,7.5,8.0,False
-mJ2ud6oKI8_9,audio,16,8.0,8.5,False
-mJ2ud6oKI8_9,audio,17,8.5,9.0,False
-mJ2ud6oKI8_9,audio,18,9.0,9.5,False
-mJ2ud6oKI8_9,audio,19,9.5,10.0,False
-mJ2ud6oKI8_9,audio,20,10.0,10.5,False
-mJ2ud6oKI8_9,audio,21,10.5,11.0,False
-mJ2ud6oKI8_9,audio,22,11.0,11.5,False
-mJ2ud6oKI8_9,audio,23,11.5,12.0,False
-mJ2ud6oKI8_9,audio,24,12.0,12.5,False
-mJ2ud6oKI8_9,audio,25,12.5,13.0,False
-mJ2ud6oKI8_9,audio,26,13.0,13.5,False
-mJ2ud6oKI8_9,audio,27,13.5,14.0,False
-mJ2ud6oKI8_9,audio,28,14.0,14.5,False
-mJ2ud6oKI8_9,audio,29,14.5,15.0,False
-mJ2ud6oKI8_9,audio,30,15.0,15.5,False
-mJ2ud6oKI8_9,audio,31,15.5,16.0,False
-mJ2ud6oKI8_9,audio,32,16.0,16.5,False
-mJ2ud6oKI8_9,audio,33,16.5,17.0,False
-mJ2ud6oKI8_9,audio,34,17.0,17.5,False
-mJ2ud6oKI8_9,audio,35,17.5,18.0,False
-mJ2ud6oKI8_9,audio,36,18.0,18.5,False
-mJ2ud6oKI8_9,audio,37,18.5,19.0,False
-mJ2ud6oKI8_9,audio,38,19.0,19.5,False
-mJ2ud6oKI8_9,audio,39,19.5,20.0,False
-mJ2ud6oKI8_9,audio,40,20.0,20.5,False
-mJ2ud6oKI8_9,audio,41,20.5,21.0,False
-mJ2ud6oKI8_9,audio,42,21.0,21.5,False
-mJ2ud6oKI8_9,audio,43,21.5,22.0,False
-mJ2ud6oKI8_9,audio,44,22.0,22.5,False
-mJ2ud6oKI8_9,audio,45,22.5,23.0,False
-mJ2ud6oKI8_9,audio,46,23.0,23.5,False
-mJ2ud6oKI8_9,audio,47,23.5,24.0,False
-mJ2ud6oKI8_9,audio,48,24.0,24.5,False
-mJ2ud6oKI8_9,audio,49,24.5,25.0,False
-mJ2ud6oKI8_9,vision,0,0.0,0.5,True
-mJ2ud6oKI8_9,vision,1,0.5,1.0,True
-mJ2ud6oKI8_9,vision,2,1.0,1.5,True
-mJ2ud6oKI8_9,vision,3,1.5,2.0,True
-mJ2ud6oKI8_9,vision,4,2.0,2.5,True
-mJ2ud6oKI8_9,vision,5,2.5,3.0,True
-mJ2ud6oKI8_9,vision,6,3.0,3.5,True
-mJ2ud6oKI8_9,vision,7,3.5,4.0,True
-mJ2ud6oKI8_9,vision,8,4.0,4.5,True
-mJ2ud6oKI8_9,vision,9,4.5,5.0,True
-mJ2ud6oKI8_9,vision,10,5.0,5.5,True
-mJ2ud6oKI8_9,vision,11,5.5,6.0,True
-mJ2ud6oKI8_9,vision,12,6.0,6.5,True
-mJ2ud6oKI8_9,vision,13,6.5,7.0,True
-mJ2ud6oKI8_9,vision,14,7.0,7.5,False
-mJ2ud6oKI8_9,vision,15,7.5,8.0,False
-mJ2ud6oKI8_9,vision,16,8.0,8.5,False
-mJ2ud6oKI8_9,vision,17,8.5,9.0,False
-mJ2ud6oKI8_9,vision,18,9.0,9.5,False
-mJ2ud6oKI8_9,vision,19,9.5,10.0,False
-mJ2ud6oKI8_9,vision,20,10.0,10.5,False
-mJ2ud6oKI8_9,vision,21,10.5,11.0,False
-mJ2ud6oKI8_9,vision,22,11.0,11.5,False
-mJ2ud6oKI8_9,vision,23,11.5,12.0,False
-mJ2ud6oKI8_9,vision,24,12.0,12.5,False
-mJ2ud6oKI8_9,vision,25,12.5,13.0,False
-mJ2ud6oKI8_9,vision,26,13.0,13.5,False
-mJ2ud6oKI8_9,vision,27,13.5,14.0,False
-mJ2ud6oKI8_9,vision,28,14.0,14.5,False
-mJ2ud6oKI8_9,vision,29,14.5,15.0,False
-mJ2ud6oKI8_9,vision,30,15.0,15.5,False
-mJ2ud6oKI8_9,vision,31,15.5,16.0,False
-mJ2ud6oKI8_9,vision,32,16.0,16.5,False
-mJ2ud6oKI8_9,vision,33,16.5,17.0,False
-mJ2ud6oKI8_9,vision,34,17.0,17.5,False
-mJ2ud6oKI8_9,vision,35,17.5,18.0,False
-mJ2ud6oKI8_9,vision,36,18.0,18.5,False
-mJ2ud6oKI8_9,vision,37,18.5,19.0,False
-mJ2ud6oKI8_9,vision,38,19.0,19.5,False
-mJ2ud6oKI8_9,vision,39,19.5,20.0,False
-mJ2ud6oKI8_9,vision,40,20.0,20.5,False
-mJ2ud6oKI8_9,vision,41,20.5,21.0,False
-mJ2ud6oKI8_9,vision,42,21.0,21.5,False
-mJ2ud6oKI8_9,vision,43,21.5,22.0,False
-mJ2ud6oKI8_9,vision,44,22.0,22.5,False
-mJ2ud6oKI8_9,vision,45,22.5,23.0,False
-mJ2ud6oKI8_9,vision,46,23.0,23.5,False
-mJ2ud6oKI8_9,vision,47,23.5,24.0,False
-mJ2ud6oKI8_9,vision,48,24.0,24.5,False
-mJ2ud6oKI8_9,vision,49,24.5,25.0,False
-mqbVkbCndg_0,audio,0,0.0,0.5,True
-mqbVkbCndg_0,audio,1,0.5,1.0,True
-mqbVkbCndg_0,audio,2,1.0,1.5,True
-mqbVkbCndg_0,audio,3,1.5,2.0,True
-mqbVkbCndg_0,audio,4,2.0,2.5,True
-mqbVkbCndg_0,audio,5,2.5,3.0,True
-mqbVkbCndg_0,audio,6,3.0,3.5,True
-mqbVkbCndg_0,audio,7,3.5,4.0,True
-mqbVkbCndg_0,audio,8,4.0,4.5,True
-mqbVkbCndg_0,audio,9,4.5,5.0,True
-mqbVkbCndg_0,audio,10,5.0,5.5,True
-mqbVkbCndg_0,audio,11,5.5,6.0,True
-mqbVkbCndg_0,audio,12,6.0,6.5,True
-mqbVkbCndg_0,audio,13,6.5,7.0,False
-mqbVkbCndg_0,audio,14,7.0,7.5,False
-mqbVkbCndg_0,audio,15,7.5,8.0,False
-mqbVkbCndg_0,audio,16,8.0,8.5,False
-mqbVkbCndg_0,audio,17,8.5,9.0,False
-mqbVkbCndg_0,audio,18,9.0,9.5,False
-mqbVkbCndg_0,audio,19,9.5,10.0,False
-mqbVkbCndg_0,audio,20,10.0,10.5,False
-mqbVkbCndg_0,audio,21,10.5,11.0,False
-mqbVkbCndg_0,audio,22,11.0,11.5,False
-mqbVkbCndg_0,audio,23,11.5,12.0,False
-mqbVkbCndg_0,audio,24,12.0,12.5,False
-mqbVkbCndg_0,audio,25,12.5,13.0,False
-mqbVkbCndg_0,audio,26,13.0,13.5,False
-mqbVkbCndg_0,audio,27,13.5,14.0,False
-mqbVkbCndg_0,audio,28,14.0,14.5,False
-mqbVkbCndg_0,audio,29,14.5,15.0,False
-mqbVkbCndg_0,audio,30,15.0,15.5,False
-mqbVkbCndg_0,audio,31,15.5,16.0,False
-mqbVkbCndg_0,audio,32,16.0,16.5,False
-mqbVkbCndg_0,audio,33,16.5,17.0,False
-mqbVkbCndg_0,audio,34,17.0,17.5,False
-mqbVkbCndg_0,audio,35,17.5,18.0,False
-mqbVkbCndg_0,audio,36,18.0,18.5,False
-mqbVkbCndg_0,audio,37,18.5,19.0,False
-mqbVkbCndg_0,audio,38,19.0,19.5,False
-mqbVkbCndg_0,audio,39,19.5,20.0,False
-mqbVkbCndg_0,audio,40,20.0,20.5,False
-mqbVkbCndg_0,audio,41,20.5,21.0,False
-mqbVkbCndg_0,audio,42,21.0,21.5,False
-mqbVkbCndg_0,audio,43,21.5,22.0,False
-mqbVkbCndg_0,audio,44,22.0,22.5,False
-mqbVkbCndg_0,audio,45,22.5,23.0,False
-mqbVkbCndg_0,audio,46,23.0,23.5,False
-mqbVkbCndg_0,audio,47,23.5,24.0,False
-mqbVkbCndg_0,audio,48,24.0,24.5,False
-mqbVkbCndg_0,audio,49,24.5,25.0,False
-mqbVkbCndg_0,vision,0,0.0,0.5,True
-mqbVkbCndg_0,vision,1,0.5,1.0,True
-mqbVkbCndg_0,vision,2,1.0,1.5,True
-mqbVkbCndg_0,vision,3,1.5,2.0,True
-mqbVkbCndg_0,vision,4,2.0,2.5,True
-mqbVkbCndg_0,vision,5,2.5,3.0,True
-mqbVkbCndg_0,vision,6,3.0,3.5,True
-mqbVkbCndg_0,vision,7,3.5,4.0,True
-mqbVkbCndg_0,vision,8,4.0,4.5,True
-mqbVkbCndg_0,vision,9,4.5,5.0,True
-mqbVkbCndg_0,vision,10,5.0,5.5,True
-mqbVkbCndg_0,vision,11,5.5,6.0,True
-mqbVkbCndg_0,vision,12,6.0,6.5,True
-mqbVkbCndg_0,vision,13,6.5,7.0,False
-mqbVkbCndg_0,vision,14,7.0,7.5,False
-mqbVkbCndg_0,vision,15,7.5,8.0,False
-mqbVkbCndg_0,vision,16,8.0,8.5,False
-mqbVkbCndg_0,vision,17,8.5,9.0,False
-mqbVkbCndg_0,vision,18,9.0,9.5,False
-mqbVkbCndg_0,vision,19,9.5,10.0,False
-mqbVkbCndg_0,vision,20,10.0,10.5,False
-mqbVkbCndg_0,vision,21,10.5,11.0,False
-mqbVkbCndg_0,vision,22,11.0,11.5,False
-mqbVkbCndg_0,vision,23,11.5,12.0,False
-mqbVkbCndg_0,vision,24,12.0,12.5,False
-mqbVkbCndg_0,vision,25,12.5,13.0,False
-mqbVkbCndg_0,vision,26,13.0,13.5,False
-mqbVkbCndg_0,vision,27,13.5,14.0,False
-mqbVkbCndg_0,vision,28,14.0,14.5,False
-mqbVkbCndg_0,vision,29,14.5,15.0,False
-mqbVkbCndg_0,vision,30,15.0,15.5,False
-mqbVkbCndg_0,vision,31,15.5,16.0,False
-mqbVkbCndg_0,vision,32,16.0,16.5,False
-mqbVkbCndg_0,vision,33,16.5,17.0,False
-mqbVkbCndg_0,vision,34,17.0,17.5,False
-mqbVkbCndg_0,vision,35,17.5,18.0,False
-mqbVkbCndg_0,vision,36,18.0,18.5,False
-mqbVkbCndg_0,vision,37,18.5,19.0,False
-mqbVkbCndg_0,vision,38,19.0,19.5,False
-mqbVkbCndg_0,vision,39,19.5,20.0,False
-mqbVkbCndg_0,vision,40,20.0,20.5,False
-mqbVkbCndg_0,vision,41,20.5,21.0,False
-mqbVkbCndg_0,vision,42,21.0,21.5,False
-mqbVkbCndg_0,vision,43,21.5,22.0,False
-mqbVkbCndg_0,vision,44,22.0,22.5,False
-mqbVkbCndg_0,vision,45,22.5,23.0,False
-mqbVkbCndg_0,vision,46,23.0,23.5,False
-mqbVkbCndg_0,vision,47,23.5,24.0,False
-mqbVkbCndg_0,vision,48,24.0,24.5,False
-mqbVkbCndg_0,vision,49,24.5,25.0,False
-qDkUB0GgYY_6,audio,0,0.0,0.5,True
-qDkUB0GgYY_6,audio,1,0.5,1.0,True
-qDkUB0GgYY_6,audio,2,1.0,1.5,True
-qDkUB0GgYY_6,audio,3,1.5,2.0,True
-qDkUB0GgYY_6,audio,4,2.0,2.5,True
-qDkUB0GgYY_6,audio,5,2.5,3.0,True
-qDkUB0GgYY_6,audio,6,3.0,3.5,True
-qDkUB0GgYY_6,audio,7,3.5,4.0,True
-qDkUB0GgYY_6,audio,8,4.0,4.5,True
-qDkUB0GgYY_6,audio,9,4.5,5.0,True
-qDkUB0GgYY_6,audio,10,5.0,5.5,False
-qDkUB0GgYY_6,audio,11,5.5,6.0,False
-qDkUB0GgYY_6,audio,12,6.0,6.5,False
-qDkUB0GgYY_6,audio,13,6.5,7.0,False
-qDkUB0GgYY_6,audio,14,7.0,7.5,False
-qDkUB0GgYY_6,audio,15,7.5,8.0,False
-qDkUB0GgYY_6,audio,16,8.0,8.5,False
-qDkUB0GgYY_6,audio,17,8.5,9.0,False
-qDkUB0GgYY_6,audio,18,9.0,9.5,False
-qDkUB0GgYY_6,audio,19,9.5,10.0,False
-qDkUB0GgYY_6,audio,20,10.0,10.5,False
-qDkUB0GgYY_6,audio,21,10.5,11.0,False
-qDkUB0GgYY_6,audio,22,11.0,11.5,False
-qDkUB0GgYY_6,audio,23,11.5,12.0,False
-qDkUB0GgYY_6,audio,24,12.0,12.5,False
-qDkUB0GgYY_6,audio,25,12.5,13.0,False
-qDkUB0GgYY_6,audio,26,13.0,13.5,False
-qDkUB0GgYY_6,audio,27,13.5,14.0,False
-qDkUB0GgYY_6,audio,28,14.0,14.5,False
-qDkUB0GgYY_6,audio,29,14.5,15.0,False
-qDkUB0GgYY_6,audio,30,15.0,15.5,False
-qDkUB0GgYY_6,audio,31,15.5,16.0,False
-qDkUB0GgYY_6,audio,32,16.0,16.5,False
-qDkUB0GgYY_6,audio,33,16.5,17.0,False
-qDkUB0GgYY_6,audio,34,17.0,17.5,False
-qDkUB0GgYY_6,audio,35,17.5,18.0,False
-qDkUB0GgYY_6,audio,36,18.0,18.5,False
-qDkUB0GgYY_6,audio,37,18.5,19.0,False
-qDkUB0GgYY_6,audio,38,19.0,19.5,False
-qDkUB0GgYY_6,audio,39,19.5,20.0,False
-qDkUB0GgYY_6,audio,40,20.0,20.5,False
-qDkUB0GgYY_6,audio,41,20.5,21.0,False
-qDkUB0GgYY_6,audio,42,21.0,21.5,False
-qDkUB0GgYY_6,audio,43,21.5,22.0,False
-qDkUB0GgYY_6,audio,44,22.0,22.5,False
-qDkUB0GgYY_6,audio,45,22.5,23.0,False
-qDkUB0GgYY_6,audio,46,23.0,23.5,False
-qDkUB0GgYY_6,audio,47,23.5,24.0,False
-qDkUB0GgYY_6,audio,48,24.0,24.5,False
-qDkUB0GgYY_6,audio,49,24.5,25.0,False
-qDkUB0GgYY_6,vision,0,0.0,0.5,True
-qDkUB0GgYY_6,vision,1,0.5,1.0,True
-qDkUB0GgYY_6,vision,2,1.0,1.5,True
-qDkUB0GgYY_6,vision,3,1.5,2.0,True
-qDkUB0GgYY_6,vision,4,2.0,2.5,True
-qDkUB0GgYY_6,vision,5,2.5,3.0,True
-qDkUB0GgYY_6,vision,6,3.0,3.5,True
-qDkUB0GgYY_6,vision,7,3.5,4.0,True
-qDkUB0GgYY_6,vision,8,4.0,4.5,True
-qDkUB0GgYY_6,vision,9,4.5,5.0,True
-qDkUB0GgYY_6,vision,10,5.0,5.5,False
-qDkUB0GgYY_6,vision,11,5.5,6.0,False
-qDkUB0GgYY_6,vision,12,6.0,6.5,False
-qDkUB0GgYY_6,vision,13,6.5,7.0,False
-qDkUB0GgYY_6,vision,14,7.0,7.5,False
-qDkUB0GgYY_6,vision,15,7.5,8.0,False
-qDkUB0GgYY_6,vision,16,8.0,8.5,False
-qDkUB0GgYY_6,vision,17,8.5,9.0,False
-qDkUB0GgYY_6,vision,18,9.0,9.5,False
-qDkUB0GgYY_6,vision,19,9.5,10.0,False
-qDkUB0GgYY_6,vision,20,10.0,10.5,False
-qDkUB0GgYY_6,vision,21,10.5,11.0,False
-qDkUB0GgYY_6,vision,22,11.0,11.5,False
-qDkUB0GgYY_6,vision,23,11.5,12.0,False
-qDkUB0GgYY_6,vision,24,12.0,12.5,False
-qDkUB0GgYY_6,vision,25,12.5,13.0,False
-qDkUB0GgYY_6,vision,26,13.0,13.5,False
-qDkUB0GgYY_6,vision,27,13.5,14.0,False
-qDkUB0GgYY_6,vision,28,14.0,14.5,False
-qDkUB0GgYY_6,vision,29,14.5,15.0,False
-qDkUB0GgYY_6,vision,30,15.0,15.5,False
-qDkUB0GgYY_6,vision,31,15.5,16.0,False
-qDkUB0GgYY_6,vision,32,16.0,16.5,False
-qDkUB0GgYY_6,vision,33,16.5,17.0,False
-qDkUB0GgYY_6,vision,34,17.0,17.5,False
-qDkUB0GgYY_6,vision,35,17.5,18.0,False
-qDkUB0GgYY_6,vision,36,18.0,18.5,False
-qDkUB0GgYY_6,vision,37,18.5,19.0,False
-qDkUB0GgYY_6,vision,38,19.0,19.5,False
-qDkUB0GgYY_6,vision,39,19.5,20.0,False
-qDkUB0GgYY_6,vision,40,20.0,20.5,False
-qDkUB0GgYY_6,vision,41,20.5,21.0,False
-qDkUB0GgYY_6,vision,42,21.0,21.5,False
-qDkUB0GgYY_6,vision,43,21.5,22.0,False
-qDkUB0GgYY_6,vision,44,22.0,22.5,False
-qDkUB0GgYY_6,vision,45,22.5,23.0,False
-qDkUB0GgYY_6,vision,46,23.0,23.5,False
-qDkUB0GgYY_6,vision,47,23.5,24.0,False
-qDkUB0GgYY_6,vision,48,24.0,24.5,False
-qDkUB0GgYY_6,vision,49,24.5,25.0,False
-ri04Z7vwnc_0,audio,0,0.0,0.5,True
-ri04Z7vwnc_0,audio,1,0.5,1.0,True
-ri04Z7vwnc_0,audio,2,1.0,1.5,True
-ri04Z7vwnc_0,audio,3,1.5,2.0,True
-ri04Z7vwnc_0,audio,4,2.0,2.5,True
-ri04Z7vwnc_0,audio,5,2.5,3.0,True
-ri04Z7vwnc_0,audio,6,3.0,3.5,False
-ri04Z7vwnc_0,audio,7,3.5,4.0,False
-ri04Z7vwnc_0,audio,8,4.0,4.5,False
-ri04Z7vwnc_0,audio,9,4.5,5.0,False
-ri04Z7vwnc_0,audio,10,5.0,5.5,False
-ri04Z7vwnc_0,audio,11,5.5,6.0,False
-ri04Z7vwnc_0,audio,12,6.0,6.5,False
-ri04Z7vwnc_0,audio,13,6.5,7.0,False
-ri04Z7vwnc_0,audio,14,7.0,7.5,False
-ri04Z7vwnc_0,audio,15,7.5,8.0,False
-ri04Z7vwnc_0,audio,16,8.0,8.5,False
-ri04Z7vwnc_0,audio,17,8.5,9.0,False
-ri04Z7vwnc_0,audio,18,9.0,9.5,False
-ri04Z7vwnc_0,audio,19,9.5,10.0,False
-ri04Z7vwnc_0,audio,20,10.0,10.5,False
-ri04Z7vwnc_0,audio,21,10.5,11.0,False
-ri04Z7vwnc_0,audio,22,11.0,11.5,False
-ri04Z7vwnc_0,audio,23,11.5,12.0,False
-ri04Z7vwnc_0,audio,24,12.0,12.5,False
-ri04Z7vwnc_0,audio,25,12.5,13.0,False
-ri04Z7vwnc_0,audio,26,13.0,13.5,False
-ri04Z7vwnc_0,audio,27,13.5,14.0,False
-ri04Z7vwnc_0,audio,28,14.0,14.5,False
-ri04Z7vwnc_0,audio,29,14.5,15.0,False
-ri04Z7vwnc_0,audio,30,15.0,15.5,False
-ri04Z7vwnc_0,audio,31,15.5,16.0,False
-ri04Z7vwnc_0,audio,32,16.0,16.5,False
-ri04Z7vwnc_0,audio,33,16.5,17.0,False
-ri04Z7vwnc_0,audio,34,17.0,17.5,False
-ri04Z7vwnc_0,audio,35,17.5,18.0,False
-ri04Z7vwnc_0,audio,36,18.0,18.5,False
-ri04Z7vwnc_0,audio,37,18.5,19.0,False
-ri04Z7vwnc_0,audio,38,19.0,19.5,False
-ri04Z7vwnc_0,audio,39,19.5,20.0,False
-ri04Z7vwnc_0,audio,40,20.0,20.5,False
-ri04Z7vwnc_0,audio,41,20.5,21.0,False
-ri04Z7vwnc_0,audio,42,21.0,21.5,False
-ri04Z7vwnc_0,audio,43,21.5,22.0,False
-ri04Z7vwnc_0,audio,44,22.0,22.5,False
-ri04Z7vwnc_0,audio,45,22.5,23.0,False
-ri04Z7vwnc_0,audio,46,23.0,23.5,False
-ri04Z7vwnc_0,audio,47,23.5,24.0,False
-ri04Z7vwnc_0,audio,48,24.0,24.5,False
-ri04Z7vwnc_0,audio,49,24.5,25.0,False
-ri04Z7vwnc_0,vision,0,0.0,0.5,True
-ri04Z7vwnc_0,vision,1,0.5,1.0,True
-ri04Z7vwnc_0,vision,2,1.0,1.5,True
-ri04Z7vwnc_0,vision,3,1.5,2.0,True
-ri04Z7vwnc_0,vision,4,2.0,2.5,True
-ri04Z7vwnc_0,vision,5,2.5,3.0,True
-ri04Z7vwnc_0,vision,6,3.0,3.5,False
-ri04Z7vwnc_0,vision,7,3.5,4.0,False
-ri04Z7vwnc_0,vision,8,4.0,4.5,False
-ri04Z7vwnc_0,vision,9,4.5,5.0,False
-ri04Z7vwnc_0,vision,10,5.0,5.5,False
-ri04Z7vwnc_0,vision,11,5.5,6.0,False
-ri04Z7vwnc_0,vision,12,6.0,6.5,False
-ri04Z7vwnc_0,vision,13,6.5,7.0,False
-ri04Z7vwnc_0,vision,14,7.0,7.5,False
-ri04Z7vwnc_0,vision,15,7.5,8.0,False
-ri04Z7vwnc_0,vision,16,8.0,8.5,False
-ri04Z7vwnc_0,vision,17,8.5,9.0,False
-ri04Z7vwnc_0,vision,18,9.0,9.5,False
-ri04Z7vwnc_0,vision,19,9.5,10.0,False
-ri04Z7vwnc_0,vision,20,10.0,10.5,False
-ri04Z7vwnc_0,vision,21,10.5,11.0,False
-ri04Z7vwnc_0,vision,22,11.0,11.5,False
-ri04Z7vwnc_0,vision,23,11.5,12.0,False
-ri04Z7vwnc_0,vision,24,12.0,12.5,False
-ri04Z7vwnc_0,vision,25,12.5,13.0,False
-ri04Z7vwnc_0,vision,26,13.0,13.5,False
-ri04Z7vwnc_0,vision,27,13.5,14.0,False
-ri04Z7vwnc_0,vision,28,14.0,14.5,False
-ri04Z7vwnc_0,vision,29,14.5,15.0,False
-ri04Z7vwnc_0,vision,30,15.0,15.5,False
-ri04Z7vwnc_0,vision,31,15.5,16.0,False
-ri04Z7vwnc_0,vision,32,16.0,16.5,False
-ri04Z7vwnc_0,vision,33,16.5,17.0,False
-ri04Z7vwnc_0,vision,34,17.0,17.5,False
-ri04Z7vwnc_0,vision,35,17.5,18.0,False
-ri04Z7vwnc_0,vision,36,18.0,18.5,False
-ri04Z7vwnc_0,vision,37,18.5,19.0,False
-ri04Z7vwnc_0,vision,38,19.0,19.5,False
-ri04Z7vwnc_0,vision,39,19.5,20.0,False
-ri04Z7vwnc_0,vision,40,20.0,20.5,False
-ri04Z7vwnc_0,vision,41,20.5,21.0,False
-ri04Z7vwnc_0,vision,42,21.0,21.5,False
-ri04Z7vwnc_0,vision,43,21.5,22.0,False
-ri04Z7vwnc_0,vision,44,22.0,22.5,False
-ri04Z7vwnc_0,vision,45,22.5,23.0,False
-ri04Z7vwnc_0,vision,46,23.0,23.5,False
-ri04Z7vwnc_0,vision,47,23.5,24.0,False
-ri04Z7vwnc_0,vision,48,24.0,24.5,False
-ri04Z7vwnc_0,vision,49,24.5,25.0,False
-ri04Z7vwnc_2,audio,0,0.0,0.5,True
-ri04Z7vwnc_2,audio,1,0.5,1.0,True
-ri04Z7vwnc_2,audio,2,1.0,1.5,True
-ri04Z7vwnc_2,audio,3,1.5,2.0,True
-ri04Z7vwnc_2,audio,4,2.0,2.5,True
-ri04Z7vwnc_2,audio,5,2.5,3.0,True
-ri04Z7vwnc_2,audio,6,3.0,3.5,True
-ri04Z7vwnc_2,audio,7,3.5,4.0,True
-ri04Z7vwnc_2,audio,8,4.0,4.5,True
-ri04Z7vwnc_2,audio,9,4.5,5.0,True
-ri04Z7vwnc_2,audio,10,5.0,5.5,True
-ri04Z7vwnc_2,audio,11,5.5,6.0,True
-ri04Z7vwnc_2,audio,12,6.0,6.5,False
-ri04Z7vwnc_2,audio,13,6.5,7.0,False
-ri04Z7vwnc_2,audio,14,7.0,7.5,False
-ri04Z7vwnc_2,audio,15,7.5,8.0,False
-ri04Z7vwnc_2,audio,16,8.0,8.5,False
-ri04Z7vwnc_2,audio,17,8.5,9.0,False
-ri04Z7vwnc_2,audio,18,9.0,9.5,False
-ri04Z7vwnc_2,audio,19,9.5,10.0,False
-ri04Z7vwnc_2,audio,20,10.0,10.5,False
-ri04Z7vwnc_2,audio,21,10.5,11.0,False
-ri04Z7vwnc_2,audio,22,11.0,11.5,False
-ri04Z7vwnc_2,audio,23,11.5,12.0,False
-ri04Z7vwnc_2,audio,24,12.0,12.5,False
-ri04Z7vwnc_2,audio,25,12.5,13.0,False
-ri04Z7vwnc_2,audio,26,13.0,13.5,False
-ri04Z7vwnc_2,audio,27,13.5,14.0,False
-ri04Z7vwnc_2,audio,28,14.0,14.5,False
-ri04Z7vwnc_2,audio,29,14.5,15.0,False
-ri04Z7vwnc_2,audio,30,15.0,15.5,False
-ri04Z7vwnc_2,audio,31,15.5,16.0,False
-ri04Z7vwnc_2,audio,32,16.0,16.5,False
-ri04Z7vwnc_2,audio,33,16.5,17.0,False
-ri04Z7vwnc_2,audio,34,17.0,17.5,False
-ri04Z7vwnc_2,audio,35,17.5,18.0,False
-ri04Z7vwnc_2,audio,36,18.0,18.5,False
-ri04Z7vwnc_2,audio,37,18.5,19.0,False
-ri04Z7vwnc_2,audio,38,19.0,19.5,False
-ri04Z7vwnc_2,audio,39,19.5,20.0,False
-ri04Z7vwnc_2,audio,40,20.0,20.5,False
-ri04Z7vwnc_2,audio,41,20.5,21.0,False
-ri04Z7vwnc_2,audio,42,21.0,21.5,False
-ri04Z7vwnc_2,audio,43,21.5,22.0,False
-ri04Z7vwnc_2,audio,44,22.0,22.5,False
-ri04Z7vwnc_2,audio,45,22.5,23.0,False
-ri04Z7vwnc_2,audio,46,23.0,23.5,False
-ri04Z7vwnc_2,audio,47,23.5,24.0,False
-ri04Z7vwnc_2,audio,48,24.0,24.5,False
-ri04Z7vwnc_2,audio,49,24.5,25.0,False
-ri04Z7vwnc_2,vision,0,0.0,0.5,True
-ri04Z7vwnc_2,vision,1,0.5,1.0,True
-ri04Z7vwnc_2,vision,2,1.0,1.5,True
-ri04Z7vwnc_2,vision,3,1.5,2.0,True
-ri04Z7vwnc_2,vision,4,2.0,2.5,True
-ri04Z7vwnc_2,vision,5,2.5,3.0,True
-ri04Z7vwnc_2,vision,6,3.0,3.5,True
-ri04Z7vwnc_2,vision,7,3.5,4.0,True
-ri04Z7vwnc_2,vision,8,4.0,4.5,True
-ri04Z7vwnc_2,vision,9,4.5,5.0,True
-ri04Z7vwnc_2,vision,10,5.0,5.5,True
-ri04Z7vwnc_2,vision,11,5.5,6.0,True
-ri04Z7vwnc_2,vision,12,6.0,6.5,False
-ri04Z7vwnc_2,vision,13,6.5,7.0,False
-ri04Z7vwnc_2,vision,14,7.0,7.5,False
-ri04Z7vwnc_2,vision,15,7.5,8.0,False
-ri04Z7vwnc_2,vision,16,8.0,8.5,False
-ri04Z7vwnc_2,vision,17,8.5,9.0,False
-ri04Z7vwnc_2,vision,18,9.0,9.5,False
-ri04Z7vwnc_2,vision,19,9.5,10.0,False
-ri04Z7vwnc_2,vision,20,10.0,10.5,False
-ri04Z7vwnc_2,vision,21,10.5,11.0,False
-ri04Z7vwnc_2,vision,22,11.0,11.5,False
-ri04Z7vwnc_2,vision,23,11.5,12.0,False
-ri04Z7vwnc_2,vision,24,12.0,12.5,False
-ri04Z7vwnc_2,vision,25,12.5,13.0,False
-ri04Z7vwnc_2,vision,26,13.0,13.5,False
-ri04Z7vwnc_2,vision,27,13.5,14.0,False
-ri04Z7vwnc_2,vision,28,14.0,14.5,False
-ri04Z7vwnc_2,vision,29,14.5,15.0,False
-ri04Z7vwnc_2,vision,30,15.0,15.5,False
-ri04Z7vwnc_2,vision,31,15.5,16.0,False
-ri04Z7vwnc_2,vision,32,16.0,16.5,False
-ri04Z7vwnc_2,vision,33,16.5,17.0,False
-ri04Z7vwnc_2,vision,34,17.0,17.5,False
-ri04Z7vwnc_2,vision,35,17.5,18.0,False
-ri04Z7vwnc_2,vision,36,18.0,18.5,False
-ri04Z7vwnc_2,vision,37,18.5,19.0,False
-ri04Z7vwnc_2,vision,38,19.0,19.5,False
-ri04Z7vwnc_2,vision,39,19.5,20.0,False
-ri04Z7vwnc_2,vision,40,20.0,20.5,False
-ri04Z7vwnc_2,vision,41,20.5,21.0,False
-ri04Z7vwnc_2,vision,42,21.0,21.5,False
-ri04Z7vwnc_2,vision,43,21.5,22.0,False
-ri04Z7vwnc_2,vision,44,22.0,22.5,False
-ri04Z7vwnc_2,vision,45,22.5,23.0,False
-ri04Z7vwnc_2,vision,46,23.0,23.5,False
-ri04Z7vwnc_2,vision,47,23.5,24.0,False
-ri04Z7vwnc_2,vision,48,24.0,24.5,False
-ri04Z7vwnc_2,vision,49,24.5,25.0,False
-ri04Z7vwnc_5,audio,0,0.0,0.5,True
-ri04Z7vwnc_5,audio,1,0.5,1.0,True
-ri04Z7vwnc_5,audio,2,1.0,1.5,True
-ri04Z7vwnc_5,audio,3,1.5,2.0,True
-ri04Z7vwnc_5,audio,4,2.0,2.5,True
-ri04Z7vwnc_5,audio,5,2.5,3.0,True
-ri04Z7vwnc_5,audio,6,3.0,3.5,True
-ri04Z7vwnc_5,audio,7,3.5,4.0,False
-ri04Z7vwnc_5,audio,8,4.0,4.5,False
-ri04Z7vwnc_5,audio,9,4.5,5.0,False
-ri04Z7vwnc_5,audio,10,5.0,5.5,False
-ri04Z7vwnc_5,audio,11,5.5,6.0,False
-ri04Z7vwnc_5,audio,12,6.0,6.5,False
-ri04Z7vwnc_5,audio,13,6.5,7.0,False
-ri04Z7vwnc_5,audio,14,7.0,7.5,False
-ri04Z7vwnc_5,audio,15,7.5,8.0,False
-ri04Z7vwnc_5,audio,16,8.0,8.5,False
-ri04Z7vwnc_5,audio,17,8.5,9.0,False
-ri04Z7vwnc_5,audio,18,9.0,9.5,False
-ri04Z7vwnc_5,audio,19,9.5,10.0,False
-ri04Z7vwnc_5,audio,20,10.0,10.5,False
-ri04Z7vwnc_5,audio,21,10.5,11.0,False
-ri04Z7vwnc_5,audio,22,11.0,11.5,False
-ri04Z7vwnc_5,audio,23,11.5,12.0,False
-ri04Z7vwnc_5,audio,24,12.0,12.5,False
-ri04Z7vwnc_5,audio,25,12.5,13.0,False
-ri04Z7vwnc_5,audio,26,13.0,13.5,False
-ri04Z7vwnc_5,audio,27,13.5,14.0,False
-ri04Z7vwnc_5,audio,28,14.0,14.5,False
-ri04Z7vwnc_5,audio,29,14.5,15.0,False
-ri04Z7vwnc_5,audio,30,15.0,15.5,False
-ri04Z7vwnc_5,audio,31,15.5,16.0,False
-ri04Z7vwnc_5,audio,32,16.0,16.5,False
-ri04Z7vwnc_5,audio,33,16.5,17.0,False
-ri04Z7vwnc_5,audio,34,17.0,17.5,False
-ri04Z7vwnc_5,audio,35,17.5,18.0,False
-ri04Z7vwnc_5,audio,36,18.0,18.5,False
-ri04Z7vwnc_5,audio,37,18.5,19.0,False
-ri04Z7vwnc_5,audio,38,19.0,19.5,False
-ri04Z7vwnc_5,audio,39,19.5,20.0,False
-ri04Z7vwnc_5,audio,40,20.0,20.5,False
-ri04Z7vwnc_5,audio,41,20.5,21.0,False
-ri04Z7vwnc_5,audio,42,21.0,21.5,False
-ri04Z7vwnc_5,audio,43,21.5,22.0,False
-ri04Z7vwnc_5,audio,44,22.0,22.5,False
-ri04Z7vwnc_5,audio,45,22.5,23.0,False
-ri04Z7vwnc_5,audio,46,23.0,23.5,False
-ri04Z7vwnc_5,audio,47,23.5,24.0,False
-ri04Z7vwnc_5,audio,48,24.0,24.5,False
-ri04Z7vwnc_5,audio,49,24.5,25.0,False
-ri04Z7vwnc_5,vision,0,0.0,0.5,True
-ri04Z7vwnc_5,vision,1,0.5,1.0,True
-ri04Z7vwnc_5,vision,2,1.0,1.5,True
-ri04Z7vwnc_5,vision,3,1.5,2.0,True
-ri04Z7vwnc_5,vision,4,2.0,2.5,True
-ri04Z7vwnc_5,vision,5,2.5,3.0,True
-ri04Z7vwnc_5,vision,6,3.0,3.5,True
-ri04Z7vwnc_5,vision,7,3.5,4.0,False
-ri04Z7vwnc_5,vision,8,4.0,4.5,False
-ri04Z7vwnc_5,vision,9,4.5,5.0,False
-ri04Z7vwnc_5,vision,10,5.0,5.5,False
-ri04Z7vwnc_5,vision,11,5.5,6.0,False
-ri04Z7vwnc_5,vision,12,6.0,6.5,False
-ri04Z7vwnc_5,vision,13,6.5,7.0,False
-ri04Z7vwnc_5,vision,14,7.0,7.5,False
-ri04Z7vwnc_5,vision,15,7.5,8.0,False
-ri04Z7vwnc_5,vision,16,8.0,8.5,False
-ri04Z7vwnc_5,vision,17,8.5,9.0,False
-ri04Z7vwnc_5,vision,18,9.0,9.5,False
-ri04Z7vwnc_5,vision,19,9.5,10.0,False
-ri04Z7vwnc_5,vision,20,10.0,10.5,False
-ri04Z7vwnc_5,vision,21,10.5,11.0,False
-ri04Z7vwnc_5,vision,22,11.0,11.5,False
-ri04Z7vwnc_5,vision,23,11.5,12.0,False
-ri04Z7vwnc_5,vision,24,12.0,12.5,False
-ri04Z7vwnc_5,vision,25,12.5,13.0,False
-ri04Z7vwnc_5,vision,26,13.0,13.5,False
-ri04Z7vwnc_5,vision,27,13.5,14.0,False
-ri04Z7vwnc_5,vision,28,14.0,14.5,False
-ri04Z7vwnc_5,vision,29,14.5,15.0,False
-ri04Z7vwnc_5,vision,30,15.0,15.5,False
-ri04Z7vwnc_5,vision,31,15.5,16.0,False
-ri04Z7vwnc_5,vision,32,16.0,16.5,False
-ri04Z7vwnc_5,vision,33,16.5,17.0,False
-ri04Z7vwnc_5,vision,34,17.0,17.5,False
-ri04Z7vwnc_5,vision,35,17.5,18.0,False
-ri04Z7vwnc_5,vision,36,18.0,18.5,False
-ri04Z7vwnc_5,vision,37,18.5,19.0,False
-ri04Z7vwnc_5,vision,38,19.0,19.5,False
-ri04Z7vwnc_5,vision,39,19.5,20.0,False
-ri04Z7vwnc_5,vision,40,20.0,20.5,False
-ri04Z7vwnc_5,vision,41,20.5,21.0,False
-ri04Z7vwnc_5,vision,42,21.0,21.5,False
-ri04Z7vwnc_5,vision,43,21.5,22.0,False
-ri04Z7vwnc_5,vision,44,22.0,22.5,False
-ri04Z7vwnc_5,vision,45,22.5,23.0,False
-ri04Z7vwnc_5,vision,46,23.0,23.5,False
-ri04Z7vwnc_5,vision,47,23.5,24.0,False
-ri04Z7vwnc_5,vision,48,24.0,24.5,False
-ri04Z7vwnc_5,vision,49,24.5,25.0,False
-s9qJ7ATP7w_0,audio,0,0.0,0.5,True
-s9qJ7ATP7w_0,audio,1,0.5,1.0,True
-s9qJ7ATP7w_0,audio,2,1.0,1.5,True
-s9qJ7ATP7w_0,audio,3,1.5,2.0,True
-s9qJ7ATP7w_0,audio,4,2.0,2.5,True
-s9qJ7ATP7w_0,audio,5,2.5,3.0,True
-s9qJ7ATP7w_0,audio,6,3.0,3.5,True
-s9qJ7ATP7w_0,audio,7,3.5,4.0,True
-s9qJ7ATP7w_0,audio,8,4.0,4.5,True
-s9qJ7ATP7w_0,audio,9,4.5,5.0,True
-s9qJ7ATP7w_0,audio,10,5.0,5.5,True
-s9qJ7ATP7w_0,audio,11,5.5,6.0,True
-s9qJ7ATP7w_0,audio,12,6.0,6.5,True
-s9qJ7ATP7w_0,audio,13,6.5,7.0,True
-s9qJ7ATP7w_0,audio,14,7.0,7.5,False
-s9qJ7ATP7w_0,audio,15,7.5,8.0,False
-s9qJ7ATP7w_0,audio,16,8.0,8.5,False
-s9qJ7ATP7w_0,audio,17,8.5,9.0,False
-s9qJ7ATP7w_0,audio,18,9.0,9.5,False
-s9qJ7ATP7w_0,audio,19,9.5,10.0,False
-s9qJ7ATP7w_0,audio,20,10.0,10.5,False
-s9qJ7ATP7w_0,audio,21,10.5,11.0,False
-s9qJ7ATP7w_0,audio,22,11.0,11.5,False
-s9qJ7ATP7w_0,audio,23,11.5,12.0,False
-s9qJ7ATP7w_0,audio,24,12.0,12.5,False
-s9qJ7ATP7w_0,audio,25,12.5,13.0,False
-s9qJ7ATP7w_0,audio,26,13.0,13.5,False
-s9qJ7ATP7w_0,audio,27,13.5,14.0,False
-s9qJ7ATP7w_0,audio,28,14.0,14.5,False
-s9qJ7ATP7w_0,audio,29,14.5,15.0,False
-s9qJ7ATP7w_0,audio,30,15.0,15.5,False
-s9qJ7ATP7w_0,audio,31,15.5,16.0,False
-s9qJ7ATP7w_0,audio,32,16.0,16.5,False
-s9qJ7ATP7w_0,audio,33,16.5,17.0,False
-s9qJ7ATP7w_0,audio,34,17.0,17.5,False
-s9qJ7ATP7w_0,audio,35,17.5,18.0,False
-s9qJ7ATP7w_0,audio,36,18.0,18.5,False
-s9qJ7ATP7w_0,audio,37,18.5,19.0,False
-s9qJ7ATP7w_0,audio,38,19.0,19.5,False
-s9qJ7ATP7w_0,audio,39,19.5,20.0,False
-s9qJ7ATP7w_0,audio,40,20.0,20.5,False
-s9qJ7ATP7w_0,audio,41,20.5,21.0,False
-s9qJ7ATP7w_0,audio,42,21.0,21.5,False
-s9qJ7ATP7w_0,audio,43,21.5,22.0,False
-s9qJ7ATP7w_0,audio,44,22.0,22.5,False
-s9qJ7ATP7w_0,audio,45,22.5,23.0,False
-s9qJ7ATP7w_0,audio,46,23.0,23.5,False
-s9qJ7ATP7w_0,audio,47,23.5,24.0,False
-s9qJ7ATP7w_0,audio,48,24.0,24.5,False
-s9qJ7ATP7w_0,audio,49,24.5,25.0,False
-s9qJ7ATP7w_0,vision,0,0.0,0.5,True
-s9qJ7ATP7w_0,vision,1,0.5,1.0,True
-s9qJ7ATP7w_0,vision,2,1.0,1.5,True
-s9qJ7ATP7w_0,vision,3,1.5,2.0,True
-s9qJ7ATP7w_0,vision,4,2.0,2.5,True
-s9qJ7ATP7w_0,vision,5,2.5,3.0,True
-s9qJ7ATP7w_0,vision,6,3.0,3.5,True
-s9qJ7ATP7w_0,vision,7,3.5,4.0,True
-s9qJ7ATP7w_0,vision,8,4.0,4.5,True
-s9qJ7ATP7w_0,vision,9,4.5,5.0,True
-s9qJ7ATP7w_0,vision,10,5.0,5.5,True
-s9qJ7ATP7w_0,vision,11,5.5,6.0,True
-s9qJ7ATP7w_0,vision,12,6.0,6.5,True
-s9qJ7ATP7w_0,vision,13,6.5,7.0,True
-s9qJ7ATP7w_0,vision,14,7.0,7.5,False
-s9qJ7ATP7w_0,vision,15,7.5,8.0,False
-s9qJ7ATP7w_0,vision,16,8.0,8.5,False
-s9qJ7ATP7w_0,vision,17,8.5,9.0,False
-s9qJ7ATP7w_0,vision,18,9.0,9.5,False
-s9qJ7ATP7w_0,vision,19,9.5,10.0,False
-s9qJ7ATP7w_0,vision,20,10.0,10.5,False
-s9qJ7ATP7w_0,vision,21,10.5,11.0,False
-s9qJ7ATP7w_0,vision,22,11.0,11.5,False
-s9qJ7ATP7w_0,vision,23,11.5,12.0,False
-s9qJ7ATP7w_0,vision,24,12.0,12.5,False
-s9qJ7ATP7w_0,vision,25,12.5,13.0,False
-s9qJ7ATP7w_0,vision,26,13.0,13.5,False
-s9qJ7ATP7w_0,vision,27,13.5,14.0,False
-s9qJ7ATP7w_0,vision,28,14.0,14.5,False
-s9qJ7ATP7w_0,vision,29,14.5,15.0,False
-s9qJ7ATP7w_0,vision,30,15.0,15.5,False
-s9qJ7ATP7w_0,vision,31,15.5,16.0,False
-s9qJ7ATP7w_0,vision,32,16.0,16.5,False
-s9qJ7ATP7w_0,vision,33,16.5,17.0,False
-s9qJ7ATP7w_0,vision,34,17.0,17.5,False
-s9qJ7ATP7w_0,vision,35,17.5,18.0,False
-s9qJ7ATP7w_0,vision,36,18.0,18.5,False
-s9qJ7ATP7w_0,vision,37,18.5,19.0,False
-s9qJ7ATP7w_0,vision,38,19.0,19.5,False
-s9qJ7ATP7w_0,vision,39,19.5,20.0,False
-s9qJ7ATP7w_0,vision,40,20.0,20.5,False
-s9qJ7ATP7w_0,vision,41,20.5,21.0,False
-s9qJ7ATP7w_0,vision,42,21.0,21.5,False
-s9qJ7ATP7w_0,vision,43,21.5,22.0,False
-s9qJ7ATP7w_0,vision,44,22.0,22.5,False
-s9qJ7ATP7w_0,vision,45,22.5,23.0,False
-s9qJ7ATP7w_0,vision,46,23.0,23.5,False
-s9qJ7ATP7w_0,vision,47,23.5,24.0,False
-s9qJ7ATP7w_0,vision,48,24.0,24.5,False
-s9qJ7ATP7w_0,vision,49,24.5,25.0,False
-s9qJ7ATP7w_1,audio,0,0.0,0.5,True
-s9qJ7ATP7w_1,audio,1,0.5,1.0,True
-s9qJ7ATP7w_1,audio,2,1.0,1.5,True
-s9qJ7ATP7w_1,audio,3,1.5,2.0,True
-s9qJ7ATP7w_1,audio,4,2.0,2.5,True
-s9qJ7ATP7w_1,audio,5,2.5,3.0,True
-s9qJ7ATP7w_1,audio,6,3.0,3.5,True
-s9qJ7ATP7w_1,audio,7,3.5,4.0,True
-s9qJ7ATP7w_1,audio,8,4.0,4.5,True
-s9qJ7ATP7w_1,audio,9,4.5,5.0,True
-s9qJ7ATP7w_1,audio,10,5.0,5.5,False
-s9qJ7ATP7w_1,audio,11,5.5,6.0,False
-s9qJ7ATP7w_1,audio,12,6.0,6.5,False
-s9qJ7ATP7w_1,audio,13,6.5,7.0,False
-s9qJ7ATP7w_1,audio,14,7.0,7.5,False
-s9qJ7ATP7w_1,audio,15,7.5,8.0,False
-s9qJ7ATP7w_1,audio,16,8.0,8.5,False
-s9qJ7ATP7w_1,audio,17,8.5,9.0,False
-s9qJ7ATP7w_1,audio,18,9.0,9.5,False
-s9qJ7ATP7w_1,audio,19,9.5,10.0,False
-s9qJ7ATP7w_1,audio,20,10.0,10.5,False
-s9qJ7ATP7w_1,audio,21,10.5,11.0,False
-s9qJ7ATP7w_1,audio,22,11.0,11.5,False
-s9qJ7ATP7w_1,audio,23,11.5,12.0,False
-s9qJ7ATP7w_1,audio,24,12.0,12.5,False
-s9qJ7ATP7w_1,audio,25,12.5,13.0,False
-s9qJ7ATP7w_1,audio,26,13.0,13.5,False
-s9qJ7ATP7w_1,audio,27,13.5,14.0,False
-s9qJ7ATP7w_1,audio,28,14.0,14.5,False
-s9qJ7ATP7w_1,audio,29,14.5,15.0,False
-s9qJ7ATP7w_1,audio,30,15.0,15.5,False
-s9qJ7ATP7w_1,audio,31,15.5,16.0,False
-s9qJ7ATP7w_1,audio,32,16.0,16.5,False
-s9qJ7ATP7w_1,audio,33,16.5,17.0,False
-s9qJ7ATP7w_1,audio,34,17.0,17.5,False
-s9qJ7ATP7w_1,audio,35,17.5,18.0,False
-s9qJ7ATP7w_1,audio,36,18.0,18.5,False
-s9qJ7ATP7w_1,audio,37,18.5,19.0,False
-s9qJ7ATP7w_1,audio,38,19.0,19.5,False
-s9qJ7ATP7w_1,audio,39,19.5,20.0,False
-s9qJ7ATP7w_1,audio,40,20.0,20.5,False
-s9qJ7ATP7w_1,audio,41,20.5,21.0,False
-s9qJ7ATP7w_1,audio,42,21.0,21.5,False
-s9qJ7ATP7w_1,audio,43,21.5,22.0,False
-s9qJ7ATP7w_1,audio,44,22.0,22.5,False
-s9qJ7ATP7w_1,audio,45,22.5,23.0,False
-s9qJ7ATP7w_1,audio,46,23.0,23.5,False
-s9qJ7ATP7w_1,audio,47,23.5,24.0,False
-s9qJ7ATP7w_1,audio,48,24.0,24.5,False
-s9qJ7ATP7w_1,audio,49,24.5,25.0,False
-s9qJ7ATP7w_1,vision,0,0.0,0.5,True
-s9qJ7ATP7w_1,vision,1,0.5,1.0,True
-s9qJ7ATP7w_1,vision,2,1.0,1.5,True
-s9qJ7ATP7w_1,vision,3,1.5,2.0,True
-s9qJ7ATP7w_1,vision,4,2.0,2.5,True
-s9qJ7ATP7w_1,vision,5,2.5,3.0,True
-s9qJ7ATP7w_1,vision,6,3.0,3.5,True
-s9qJ7ATP7w_1,vision,7,3.5,4.0,True
-s9qJ7ATP7w_1,vision,8,4.0,4.5,True
-s9qJ7ATP7w_1,vision,9,4.5,5.0,True
-s9qJ7ATP7w_1,vision,10,5.0,5.5,False
-s9qJ7ATP7w_1,vision,11,5.5,6.0,False
-s9qJ7ATP7w_1,vision,12,6.0,6.5,False
-s9qJ7ATP7w_1,vision,13,6.5,7.0,False
-s9qJ7ATP7w_1,vision,14,7.0,7.5,False
-s9qJ7ATP7w_1,vision,15,7.5,8.0,False
-s9qJ7ATP7w_1,vision,16,8.0,8.5,False
-s9qJ7ATP7w_1,vision,17,8.5,9.0,False
-s9qJ7ATP7w_1,vision,18,9.0,9.5,False
-s9qJ7ATP7w_1,vision,19,9.5,10.0,False
-s9qJ7ATP7w_1,vision,20,10.0,10.5,False
-s9qJ7ATP7w_1,vision,21,10.5,11.0,False
-s9qJ7ATP7w_1,vision,22,11.0,11.5,False
-s9qJ7ATP7w_1,vision,23,11.5,12.0,False
-s9qJ7ATP7w_1,vision,24,12.0,12.5,False
-s9qJ7ATP7w_1,vision,25,12.5,13.0,False
-s9qJ7ATP7w_1,vision,26,13.0,13.5,False
-s9qJ7ATP7w_1,vision,27,13.5,14.0,False
-s9qJ7ATP7w_1,vision,28,14.0,14.5,False
-s9qJ7ATP7w_1,vision,29,14.5,15.0,False
-s9qJ7ATP7w_1,vision,30,15.0,15.5,False
-s9qJ7ATP7w_1,vision,31,15.5,16.0,False
-s9qJ7ATP7w_1,vision,32,16.0,16.5,False
-s9qJ7ATP7w_1,vision,33,16.5,17.0,False
-s9qJ7ATP7w_1,vision,34,17.0,17.5,False
-s9qJ7ATP7w_1,vision,35,17.5,18.0,False
-s9qJ7ATP7w_1,vision,36,18.0,18.5,False
-s9qJ7ATP7w_1,vision,37,18.5,19.0,False
-s9qJ7ATP7w_1,vision,38,19.0,19.5,False
-s9qJ7ATP7w_1,vision,39,19.5,20.0,False
-s9qJ7ATP7w_1,vision,40,20.0,20.5,False
-s9qJ7ATP7w_1,vision,41,20.5,21.0,False
-s9qJ7ATP7w_1,vision,42,21.0,21.5,False
-s9qJ7ATP7w_1,vision,43,21.5,22.0,False
-s9qJ7ATP7w_1,vision,44,22.0,22.5,False
-s9qJ7ATP7w_1,vision,45,22.5,23.0,False
-s9qJ7ATP7w_1,vision,46,23.0,23.5,False
-s9qJ7ATP7w_1,vision,47,23.5,24.0,False
-s9qJ7ATP7w_1,vision,48,24.0,24.5,False
-s9qJ7ATP7w_1,vision,49,24.5,25.0,False
-s9qJ7ATP7w_4,audio,0,0.0,0.5,True
-s9qJ7ATP7w_4,audio,1,0.5,1.0,True
-s9qJ7ATP7w_4,audio,2,1.0,1.5,True
-s9qJ7ATP7w_4,audio,3,1.5,2.0,True
-s9qJ7ATP7w_4,audio,4,2.0,2.5,True
-s9qJ7ATP7w_4,audio,5,2.5,3.0,True
-s9qJ7ATP7w_4,audio,6,3.0,3.5,True
-s9qJ7ATP7w_4,audio,7,3.5,4.0,True
-s9qJ7ATP7w_4,audio,8,4.0,4.5,True
-s9qJ7ATP7w_4,audio,9,4.5,5.0,False
-s9qJ7ATP7w_4,audio,10,5.0,5.5,False
-s9qJ7ATP7w_4,audio,11,5.5,6.0,False
-s9qJ7ATP7w_4,audio,12,6.0,6.5,False
-s9qJ7ATP7w_4,audio,13,6.5,7.0,False
-s9qJ7ATP7w_4,audio,14,7.0,7.5,False
-s9qJ7ATP7w_4,audio,15,7.5,8.0,False
-s9qJ7ATP7w_4,audio,16,8.0,8.5,False
-s9qJ7ATP7w_4,audio,17,8.5,9.0,False
-s9qJ7ATP7w_4,audio,18,9.0,9.5,False
-s9qJ7ATP7w_4,audio,19,9.5,10.0,False
-s9qJ7ATP7w_4,audio,20,10.0,10.5,False
-s9qJ7ATP7w_4,audio,21,10.5,11.0,False
-s9qJ7ATP7w_4,audio,22,11.0,11.5,False
-s9qJ7ATP7w_4,audio,23,11.5,12.0,False
-s9qJ7ATP7w_4,audio,24,12.0,12.5,False
-s9qJ7ATP7w_4,audio,25,12.5,13.0,False
-s9qJ7ATP7w_4,audio,26,13.0,13.5,False
-s9qJ7ATP7w_4,audio,27,13.5,14.0,False
-s9qJ7ATP7w_4,audio,28,14.0,14.5,False
-s9qJ7ATP7w_4,audio,29,14.5,15.0,False
-s9qJ7ATP7w_4,audio,30,15.0,15.5,False
-s9qJ7ATP7w_4,audio,31,15.5,16.0,False
-s9qJ7ATP7w_4,audio,32,16.0,16.5,False
-s9qJ7ATP7w_4,audio,33,16.5,17.0,False
-s9qJ7ATP7w_4,audio,34,17.0,17.5,False
-s9qJ7ATP7w_4,audio,35,17.5,18.0,False
-s9qJ7ATP7w_4,audio,36,18.0,18.5,False
-s9qJ7ATP7w_4,audio,37,18.5,19.0,False
-s9qJ7ATP7w_4,audio,38,19.0,19.5,False
-s9qJ7ATP7w_4,audio,39,19.5,20.0,False
-s9qJ7ATP7w_4,audio,40,20.0,20.5,False
-s9qJ7ATP7w_4,audio,41,20.5,21.0,False
-s9qJ7ATP7w_4,audio,42,21.0,21.5,False
-s9qJ7ATP7w_4,audio,43,21.5,22.0,False
-s9qJ7ATP7w_4,audio,44,22.0,22.5,False
-s9qJ7ATP7w_4,audio,45,22.5,23.0,False
-s9qJ7ATP7w_4,audio,46,23.0,23.5,False
-s9qJ7ATP7w_4,audio,47,23.5,24.0,False
-s9qJ7ATP7w_4,audio,48,24.0,24.5,False
-s9qJ7ATP7w_4,audio,49,24.5,25.0,False
-s9qJ7ATP7w_4,vision,0,0.0,0.5,True
-s9qJ7ATP7w_4,vision,1,0.5,1.0,True
-s9qJ7ATP7w_4,vision,2,1.0,1.5,True
-s9qJ7ATP7w_4,vision,3,1.5,2.0,True
-s9qJ7ATP7w_4,vision,4,2.0,2.5,True
-s9qJ7ATP7w_4,vision,5,2.5,3.0,True
-s9qJ7ATP7w_4,vision,6,3.0,3.5,True
-s9qJ7ATP7w_4,vision,7,3.5,4.0,True
-s9qJ7ATP7w_4,vision,8,4.0,4.5,True
-s9qJ7ATP7w_4,vision,9,4.5,5.0,False
-s9qJ7ATP7w_4,vision,10,5.0,5.5,False
-s9qJ7ATP7w_4,vision,11,5.5,6.0,False
-s9qJ7ATP7w_4,vision,12,6.0,6.5,False
-s9qJ7ATP7w_4,vision,13,6.5,7.0,False
-s9qJ7ATP7w_4,vision,14,7.0,7.5,False
-s9qJ7ATP7w_4,vision,15,7.5,8.0,False
-s9qJ7ATP7w_4,vision,16,8.0,8.5,False
-s9qJ7ATP7w_4,vision,17,8.5,9.0,False
-s9qJ7ATP7w_4,vision,18,9.0,9.5,False
-s9qJ7ATP7w_4,vision,19,9.5,10.0,False
-s9qJ7ATP7w_4,vision,20,10.0,10.5,False
-s9qJ7ATP7w_4,vision,21,10.5,11.0,False
-s9qJ7ATP7w_4,vision,22,11.0,11.5,False
-s9qJ7ATP7w_4,vision,23,11.5,12.0,False
-s9qJ7ATP7w_4,vision,24,12.0,12.5,False
-s9qJ7ATP7w_4,vision,25,12.5,13.0,False
-s9qJ7ATP7w_4,vision,26,13.0,13.5,False
-s9qJ7ATP7w_4,vision,27,13.5,14.0,False
-s9qJ7ATP7w_4,vision,28,14.0,14.5,False
-s9qJ7ATP7w_4,vision,29,14.5,15.0,False
-s9qJ7ATP7w_4,vision,30,15.0,15.5,False
-s9qJ7ATP7w_4,vision,31,15.5,16.0,False
-s9qJ7ATP7w_4,vision,32,16.0,16.5,False
-s9qJ7ATP7w_4,vision,33,16.5,17.0,False
-s9qJ7ATP7w_4,vision,34,17.0,17.5,False
-s9qJ7ATP7w_4,vision,35,17.5,18.0,False
-s9qJ7ATP7w_4,vision,36,18.0,18.5,False
-s9qJ7ATP7w_4,vision,37,18.5,19.0,False
-s9qJ7ATP7w_4,vision,38,19.0,19.5,False
-s9qJ7ATP7w_4,vision,39,19.5,20.0,False
-s9qJ7ATP7w_4,vision,40,20.0,20.5,False
-s9qJ7ATP7w_4,vision,41,20.5,21.0,False
-s9qJ7ATP7w_4,vision,42,21.0,21.5,False
-s9qJ7ATP7w_4,vision,43,21.5,22.0,False
-s9qJ7ATP7w_4,vision,44,22.0,22.5,False
-s9qJ7ATP7w_4,vision,45,22.5,23.0,False
-s9qJ7ATP7w_4,vision,46,23.0,23.5,False
-s9qJ7ATP7w_4,vision,47,23.5,24.0,False
-s9qJ7ATP7w_4,vision,48,24.0,24.5,False
-s9qJ7ATP7w_4,vision,49,24.5,25.0,False
-s9qJ7ATP7w_5,audio,0,0.0,0.5,True
-s9qJ7ATP7w_5,audio,1,0.5,1.0,True
-s9qJ7ATP7w_5,audio,2,1.0,1.5,True
-s9qJ7ATP7w_5,audio,3,1.5,2.0,True
-s9qJ7ATP7w_5,audio,4,2.0,2.5,True
-s9qJ7ATP7w_5,audio,5,2.5,3.0,True
-s9qJ7ATP7w_5,audio,6,3.0,3.5,True
-s9qJ7ATP7w_5,audio,7,3.5,4.0,True
-s9qJ7ATP7w_5,audio,8,4.0,4.5,True
-s9qJ7ATP7w_5,audio,9,4.5,5.0,True
-s9qJ7ATP7w_5,audio,10,5.0,5.5,True
-s9qJ7ATP7w_5,audio,11,5.5,6.0,True
-s9qJ7ATP7w_5,audio,12,6.0,6.5,True
-s9qJ7ATP7w_5,audio,13,6.5,7.0,True
-s9qJ7ATP7w_5,audio,14,7.0,7.5,True
-s9qJ7ATP7w_5,audio,15,7.5,8.0,True
-s9qJ7ATP7w_5,audio,16,8.0,8.5,True
-s9qJ7ATP7w_5,audio,17,8.5,9.0,False
-s9qJ7ATP7w_5,audio,18,9.0,9.5,False
-s9qJ7ATP7w_5,audio,19,9.5,10.0,False
-s9qJ7ATP7w_5,audio,20,10.0,10.5,False
-s9qJ7ATP7w_5,audio,21,10.5,11.0,False
-s9qJ7ATP7w_5,audio,22,11.0,11.5,False
-s9qJ7ATP7w_5,audio,23,11.5,12.0,False
-s9qJ7ATP7w_5,audio,24,12.0,12.5,False
-s9qJ7ATP7w_5,audio,25,12.5,13.0,False
-s9qJ7ATP7w_5,audio,26,13.0,13.5,False
-s9qJ7ATP7w_5,audio,27,13.5,14.0,False
-s9qJ7ATP7w_5,audio,28,14.0,14.5,False
-s9qJ7ATP7w_5,audio,29,14.5,15.0,False
-s9qJ7ATP7w_5,audio,30,15.0,15.5,False
-s9qJ7ATP7w_5,audio,31,15.5,16.0,False
-s9qJ7ATP7w_5,audio,32,16.0,16.5,False
-s9qJ7ATP7w_5,audio,33,16.5,17.0,False
-s9qJ7ATP7w_5,audio,34,17.0,17.5,False
-s9qJ7ATP7w_5,audio,35,17.5,18.0,False
-s9qJ7ATP7w_5,audio,36,18.0,18.5,False
-s9qJ7ATP7w_5,audio,37,18.5,19.0,False
-s9qJ7ATP7w_5,audio,38,19.0,19.5,False
-s9qJ7ATP7w_5,audio,39,19.5,20.0,False
-s9qJ7ATP7w_5,audio,40,20.0,20.5,False
-s9qJ7ATP7w_5,audio,41,20.5,21.0,False
-s9qJ7ATP7w_5,audio,42,21.0,21.5,False
-s9qJ7ATP7w_5,audio,43,21.5,22.0,False
-s9qJ7ATP7w_5,audio,44,22.0,22.5,False
-s9qJ7ATP7w_5,audio,45,22.5,23.0,False
-s9qJ7ATP7w_5,audio,46,23.0,23.5,False
-s9qJ7ATP7w_5,audio,47,23.5,24.0,False
-s9qJ7ATP7w_5,audio,48,24.0,24.5,False
-s9qJ7ATP7w_5,audio,49,24.5,25.0,False
-s9qJ7ATP7w_5,vision,0,0.0,0.5,True
-s9qJ7ATP7w_5,vision,1,0.5,1.0,True
-s9qJ7ATP7w_5,vision,2,1.0,1.5,True
-s9qJ7ATP7w_5,vision,3,1.5,2.0,True
-s9qJ7ATP7w_5,vision,4,2.0,2.5,True
-s9qJ7ATP7w_5,vision,5,2.5,3.0,True
-s9qJ7ATP7w_5,vision,6,3.0,3.5,True
-s9qJ7ATP7w_5,vision,7,3.5,4.0,True
-s9qJ7ATP7w_5,vision,8,4.0,4.5,True
-s9qJ7ATP7w_5,vision,9,4.5,5.0,True
-s9qJ7ATP7w_5,vision,10,5.0,5.5,True
-s9qJ7ATP7w_5,vision,11,5.5,6.0,True
-s9qJ7ATP7w_5,vision,12,6.0,6.5,True
-s9qJ7ATP7w_5,vision,13,6.5,7.0,True
-s9qJ7ATP7w_5,vision,14,7.0,7.5,True
-s9qJ7ATP7w_5,vision,15,7.5,8.0,True
-s9qJ7ATP7w_5,vision,16,8.0,8.5,True
-s9qJ7ATP7w_5,vision,17,8.5,9.0,False
-s9qJ7ATP7w_5,vision,18,9.0,9.5,False
-s9qJ7ATP7w_5,vision,19,9.5,10.0,False
-s9qJ7ATP7w_5,vision,20,10.0,10.5,False
-s9qJ7ATP7w_5,vision,21,10.5,11.0,False
-s9qJ7ATP7w_5,vision,22,11.0,11.5,False
-s9qJ7ATP7w_5,vision,23,11.5,12.0,False
-s9qJ7ATP7w_5,vision,24,12.0,12.5,False
-s9qJ7ATP7w_5,vision,25,12.5,13.0,False
-s9qJ7ATP7w_5,vision,26,13.0,13.5,False
-s9qJ7ATP7w_5,vision,27,13.5,14.0,False
-s9qJ7ATP7w_5,vision,28,14.0,14.5,False
-s9qJ7ATP7w_5,vision,29,14.5,15.0,False
-s9qJ7ATP7w_5,vision,30,15.0,15.5,False
-s9qJ7ATP7w_5,vision,31,15.5,16.0,False
-s9qJ7ATP7w_5,vision,32,16.0,16.5,False
-s9qJ7ATP7w_5,vision,33,16.5,17.0,False
-s9qJ7ATP7w_5,vision,34,17.0,17.5,False
-s9qJ7ATP7w_5,vision,35,17.5,18.0,False
-s9qJ7ATP7w_5,vision,36,18.0,18.5,False
-s9qJ7ATP7w_5,vision,37,18.5,19.0,False
-s9qJ7ATP7w_5,vision,38,19.0,19.5,False
-s9qJ7ATP7w_5,vision,39,19.5,20.0,False
-s9qJ7ATP7w_5,vision,40,20.0,20.5,False
-s9qJ7ATP7w_5,vision,41,20.5,21.0,False
-s9qJ7ATP7w_5,vision,42,21.0,21.5,False
-s9qJ7ATP7w_5,vision,43,21.5,22.0,False
-s9qJ7ATP7w_5,vision,44,22.0,22.5,False
-s9qJ7ATP7w_5,vision,45,22.5,23.0,False
-s9qJ7ATP7w_5,vision,46,23.0,23.5,False
-s9qJ7ATP7w_5,vision,47,23.5,24.0,False
-s9qJ7ATP7w_5,vision,48,24.0,24.5,False
-s9qJ7ATP7w_5,vision,49,24.5,25.0,False
-s9qJ7ATP7w_6,audio,0,0.0,0.5,True
-s9qJ7ATP7w_6,audio,1,0.5,1.0,True
-s9qJ7ATP7w_6,audio,2,1.0,1.5,True
-s9qJ7ATP7w_6,audio,3,1.5,2.0,True
-s9qJ7ATP7w_6,audio,4,2.0,2.5,True
-s9qJ7ATP7w_6,audio,5,2.5,3.0,False
-s9qJ7ATP7w_6,audio,6,3.0,3.5,False
-s9qJ7ATP7w_6,audio,7,3.5,4.0,False
-s9qJ7ATP7w_6,audio,8,4.0,4.5,False
-s9qJ7ATP7w_6,audio,9,4.5,5.0,False
-s9qJ7ATP7w_6,audio,10,5.0,5.5,False
-s9qJ7ATP7w_6,audio,11,5.5,6.0,False
-s9qJ7ATP7w_6,audio,12,6.0,6.5,False
-s9qJ7ATP7w_6,audio,13,6.5,7.0,False
-s9qJ7ATP7w_6,audio,14,7.0,7.5,False
-s9qJ7ATP7w_6,audio,15,7.5,8.0,False
-s9qJ7ATP7w_6,audio,16,8.0,8.5,False
-s9qJ7ATP7w_6,audio,17,8.5,9.0,False
-s9qJ7ATP7w_6,audio,18,9.0,9.5,False
-s9qJ7ATP7w_6,audio,19,9.5,10.0,False
-s9qJ7ATP7w_6,audio,20,10.0,10.5,False
-s9qJ7ATP7w_6,audio,21,10.5,11.0,False
-s9qJ7ATP7w_6,audio,22,11.0,11.5,False
-s9qJ7ATP7w_6,audio,23,11.5,12.0,False
-s9qJ7ATP7w_6,audio,24,12.0,12.5,False
-s9qJ7ATP7w_6,audio,25,12.5,13.0,False
-s9qJ7ATP7w_6,audio,26,13.0,13.5,False
-s9qJ7ATP7w_6,audio,27,13.5,14.0,False
-s9qJ7ATP7w_6,audio,28,14.0,14.5,False
-s9qJ7ATP7w_6,audio,29,14.5,15.0,False
-s9qJ7ATP7w_6,audio,30,15.0,15.5,False
-s9qJ7ATP7w_6,audio,31,15.5,16.0,False
-s9qJ7ATP7w_6,audio,32,16.0,16.5,False
-s9qJ7ATP7w_6,audio,33,16.5,17.0,False
-s9qJ7ATP7w_6,audio,34,17.0,17.5,False
-s9qJ7ATP7w_6,audio,35,17.5,18.0,False
-s9qJ7ATP7w_6,audio,36,18.0,18.5,False
-s9qJ7ATP7w_6,audio,37,18.5,19.0,False
-s9qJ7ATP7w_6,audio,38,19.0,19.5,False
-s9qJ7ATP7w_6,audio,39,19.5,20.0,False
-s9qJ7ATP7w_6,audio,40,20.0,20.5,False
-s9qJ7ATP7w_6,audio,41,20.5,21.0,False
-s9qJ7ATP7w_6,audio,42,21.0,21.5,False
-s9qJ7ATP7w_6,audio,43,21.5,22.0,False
-s9qJ7ATP7w_6,audio,44,22.0,22.5,False
-s9qJ7ATP7w_6,audio,45,22.5,23.0,False
-s9qJ7ATP7w_6,audio,46,23.0,23.5,False
-s9qJ7ATP7w_6,audio,47,23.5,24.0,False
-s9qJ7ATP7w_6,audio,48,24.0,24.5,False
-s9qJ7ATP7w_6,audio,49,24.5,25.0,False
-s9qJ7ATP7w_6,vision,0,0.0,0.5,True
-s9qJ7ATP7w_6,vision,1,0.5,1.0,True
-s9qJ7ATP7w_6,vision,2,1.0,1.5,True
-s9qJ7ATP7w_6,vision,3,1.5,2.0,True
-s9qJ7ATP7w_6,vision,4,2.0,2.5,True
-s9qJ7ATP7w_6,vision,5,2.5,3.0,False
-s9qJ7ATP7w_6,vision,6,3.0,3.5,False
-s9qJ7ATP7w_6,vision,7,3.5,4.0,False
-s9qJ7ATP7w_6,vision,8,4.0,4.5,False
-s9qJ7ATP7w_6,vision,9,4.5,5.0,False
-s9qJ7ATP7w_6,vision,10,5.0,5.5,False
-s9qJ7ATP7w_6,vision,11,5.5,6.0,False
-s9qJ7ATP7w_6,vision,12,6.0,6.5,False
-s9qJ7ATP7w_6,vision,13,6.5,7.0,False
-s9qJ7ATP7w_6,vision,14,7.0,7.5,False
-s9qJ7ATP7w_6,vision,15,7.5,8.0,False
-s9qJ7ATP7w_6,vision,16,8.0,8.5,False
-s9qJ7ATP7w_6,vision,17,8.5,9.0,False
-s9qJ7ATP7w_6,vision,18,9.0,9.5,False
-s9qJ7ATP7w_6,vision,19,9.5,10.0,False
-s9qJ7ATP7w_6,vision,20,10.0,10.5,False
-s9qJ7ATP7w_6,vision,21,10.5,11.0,False
-s9qJ7ATP7w_6,vision,22,11.0,11.5,False
-s9qJ7ATP7w_6,vision,23,11.5,12.0,False
-s9qJ7ATP7w_6,vision,24,12.0,12.5,False
-s9qJ7ATP7w_6,vision,25,12.5,13.0,False
-s9qJ7ATP7w_6,vision,26,13.0,13.5,False
-s9qJ7ATP7w_6,vision,27,13.5,14.0,False
-s9qJ7ATP7w_6,vision,28,14.0,14.5,False
-s9qJ7ATP7w_6,vision,29,14.5,15.0,False
-s9qJ7ATP7w_6,vision,30,15.0,15.5,False
-s9qJ7ATP7w_6,vision,31,15.5,16.0,False
-s9qJ7ATP7w_6,vision,32,16.0,16.5,False
-s9qJ7ATP7w_6,vision,33,16.5,17.0,False
-s9qJ7ATP7w_6,vision,34,17.0,17.5,False
-s9qJ7ATP7w_6,vision,35,17.5,18.0,False
-s9qJ7ATP7w_6,vision,36,18.0,18.5,False
-s9qJ7ATP7w_6,vision,37,18.5,19.0,False
-s9qJ7ATP7w_6,vision,38,19.0,19.5,False
-s9qJ7ATP7w_6,vision,39,19.5,20.0,False
-s9qJ7ATP7w_6,vision,40,20.0,20.5,False
-s9qJ7ATP7w_6,vision,41,20.5,21.0,False
-s9qJ7ATP7w_6,vision,42,21.0,21.5,False
-s9qJ7ATP7w_6,vision,43,21.5,22.0,False
-s9qJ7ATP7w_6,vision,44,22.0,22.5,False
-s9qJ7ATP7w_6,vision,45,22.5,23.0,False
-s9qJ7ATP7w_6,vision,46,23.0,23.5,False
-s9qJ7ATP7w_6,vision,47,23.5,24.0,False
-s9qJ7ATP7w_6,vision,48,24.0,24.5,False
-s9qJ7ATP7w_6,vision,49,24.5,25.0,False
-s9qJ7ATP7w_7,audio,0,0.0,0.5,True
-s9qJ7ATP7w_7,audio,1,0.5,1.0,True
-s9qJ7ATP7w_7,audio,2,1.0,1.5,True
-s9qJ7ATP7w_7,audio,3,1.5,2.0,True
-s9qJ7ATP7w_7,audio,4,2.0,2.5,True
-s9qJ7ATP7w_7,audio,5,2.5,3.0,True
-s9qJ7ATP7w_7,audio,6,3.0,3.5,True
-s9qJ7ATP7w_7,audio,7,3.5,4.0,True
-s9qJ7ATP7w_7,audio,8,4.0,4.5,True
-s9qJ7ATP7w_7,audio,9,4.5,5.0,True
-s9qJ7ATP7w_7,audio,10,5.0,5.5,True
-s9qJ7ATP7w_7,audio,11,5.5,6.0,True
-s9qJ7ATP7w_7,audio,12,6.0,6.5,True
-s9qJ7ATP7w_7,audio,13,6.5,7.0,True
-s9qJ7ATP7w_7,audio,14,7.0,7.5,False
-s9qJ7ATP7w_7,audio,15,7.5,8.0,False
-s9qJ7ATP7w_7,audio,16,8.0,8.5,False
-s9qJ7ATP7w_7,audio,17,8.5,9.0,False
-s9qJ7ATP7w_7,audio,18,9.0,9.5,False
-s9qJ7ATP7w_7,audio,19,9.5,10.0,False
-s9qJ7ATP7w_7,audio,20,10.0,10.5,False
-s9qJ7ATP7w_7,audio,21,10.5,11.0,False
-s9qJ7ATP7w_7,audio,22,11.0,11.5,False
-s9qJ7ATP7w_7,audio,23,11.5,12.0,False
-s9qJ7ATP7w_7,audio,24,12.0,12.5,False
-s9qJ7ATP7w_7,audio,25,12.5,13.0,False
-s9qJ7ATP7w_7,audio,26,13.0,13.5,False
-s9qJ7ATP7w_7,audio,27,13.5,14.0,False
-s9qJ7ATP7w_7,audio,28,14.0,14.5,False
-s9qJ7ATP7w_7,audio,29,14.5,15.0,False
-s9qJ7ATP7w_7,audio,30,15.0,15.5,False
-s9qJ7ATP7w_7,audio,31,15.5,16.0,False
-s9qJ7ATP7w_7,audio,32,16.0,16.5,False
-s9qJ7ATP7w_7,audio,33,16.5,17.0,False
-s9qJ7ATP7w_7,audio,34,17.0,17.5,False
-s9qJ7ATP7w_7,audio,35,17.5,18.0,False
-s9qJ7ATP7w_7,audio,36,18.0,18.5,False
-s9qJ7ATP7w_7,audio,37,18.5,19.0,False
-s9qJ7ATP7w_7,audio,38,19.0,19.5,False
-s9qJ7ATP7w_7,audio,39,19.5,20.0,False
-s9qJ7ATP7w_7,audio,40,20.0,20.5,False
-s9qJ7ATP7w_7,audio,41,20.5,21.0,False
-s9qJ7ATP7w_7,audio,42,21.0,21.5,False
-s9qJ7ATP7w_7,audio,43,21.5,22.0,False
-s9qJ7ATP7w_7,audio,44,22.0,22.5,False
-s9qJ7ATP7w_7,audio,45,22.5,23.0,False
-s9qJ7ATP7w_7,audio,46,23.0,23.5,False
-s9qJ7ATP7w_7,audio,47,23.5,24.0,False
-s9qJ7ATP7w_7,audio,48,24.0,24.5,False
-s9qJ7ATP7w_7,audio,49,24.5,25.0,False
-s9qJ7ATP7w_7,vision,0,0.0,0.5,True
-s9qJ7ATP7w_7,vision,1,0.5,1.0,True
-s9qJ7ATP7w_7,vision,2,1.0,1.5,True
-s9qJ7ATP7w_7,vision,3,1.5,2.0,True
-s9qJ7ATP7w_7,vision,4,2.0,2.5,True
-s9qJ7ATP7w_7,vision,5,2.5,3.0,True
-s9qJ7ATP7w_7,vision,6,3.0,3.5,True
-s9qJ7ATP7w_7,vision,7,3.5,4.0,True
-s9qJ7ATP7w_7,vision,8,4.0,4.5,True
-s9qJ7ATP7w_7,vision,9,4.5,5.0,True
-s9qJ7ATP7w_7,vision,10,5.0,5.5,True
-s9qJ7ATP7w_7,vision,11,5.5,6.0,True
-s9qJ7ATP7w_7,vision,12,6.0,6.5,True
-s9qJ7ATP7w_7,vision,13,6.5,7.0,True
-s9qJ7ATP7w_7,vision,14,7.0,7.5,False
-s9qJ7ATP7w_7,vision,15,7.5,8.0,False
-s9qJ7ATP7w_7,vision,16,8.0,8.5,False
-s9qJ7ATP7w_7,vision,17,8.5,9.0,False
-s9qJ7ATP7w_7,vision,18,9.0,9.5,False
-s9qJ7ATP7w_7,vision,19,9.5,10.0,False
-s9qJ7ATP7w_7,vision,20,10.0,10.5,False
-s9qJ7ATP7w_7,vision,21,10.5,11.0,False
-s9qJ7ATP7w_7,vision,22,11.0,11.5,False
-s9qJ7ATP7w_7,vision,23,11.5,12.0,False
-s9qJ7ATP7w_7,vision,24,12.0,12.5,False
-s9qJ7ATP7w_7,vision,25,12.5,13.0,False
-s9qJ7ATP7w_7,vision,26,13.0,13.5,False
-s9qJ7ATP7w_7,vision,27,13.5,14.0,False
-s9qJ7ATP7w_7,vision,28,14.0,14.5,False
-s9qJ7ATP7w_7,vision,29,14.5,15.0,False
-s9qJ7ATP7w_7,vision,30,15.0,15.5,False
-s9qJ7ATP7w_7,vision,31,15.5,16.0,False
-s9qJ7ATP7w_7,vision,32,16.0,16.5,False
-s9qJ7ATP7w_7,vision,33,16.5,17.0,False
-s9qJ7ATP7w_7,vision,34,17.0,17.5,False
-s9qJ7ATP7w_7,vision,35,17.5,18.0,False
-s9qJ7ATP7w_7,vision,36,18.0,18.5,False
-s9qJ7ATP7w_7,vision,37,18.5,19.0,False
-s9qJ7ATP7w_7,vision,38,19.0,19.5,False
-s9qJ7ATP7w_7,vision,39,19.5,20.0,False
-s9qJ7ATP7w_7,vision,40,20.0,20.5,False
-s9qJ7ATP7w_7,vision,41,20.5,21.0,False
-s9qJ7ATP7w_7,vision,42,21.0,21.5,False
-s9qJ7ATP7w_7,vision,43,21.5,22.0,False
-s9qJ7ATP7w_7,vision,44,22.0,22.5,False
-s9qJ7ATP7w_7,vision,45,22.5,23.0,False
-s9qJ7ATP7w_7,vision,46,23.0,23.5,False
-s9qJ7ATP7w_7,vision,47,23.5,24.0,False
-s9qJ7ATP7w_7,vision,48,24.0,24.5,False
-s9qJ7ATP7w_7,vision,49,24.5,25.0,False
-s9qJ7ATP7w_8,audio,0,0.0,0.5,True
-s9qJ7ATP7w_8,audio,1,0.5,1.0,True
-s9qJ7ATP7w_8,audio,2,1.0,1.5,True
-s9qJ7ATP7w_8,audio,3,1.5,2.0,True
-s9qJ7ATP7w_8,audio,4,2.0,2.5,True
-s9qJ7ATP7w_8,audio,5,2.5,3.0,True
-s9qJ7ATP7w_8,audio,6,3.0,3.5,True
-s9qJ7ATP7w_8,audio,7,3.5,4.0,False
-s9qJ7ATP7w_8,audio,8,4.0,4.5,False
-s9qJ7ATP7w_8,audio,9,4.5,5.0,False
-s9qJ7ATP7w_8,audio,10,5.0,5.5,False
-s9qJ7ATP7w_8,audio,11,5.5,6.0,False
-s9qJ7ATP7w_8,audio,12,6.0,6.5,False
-s9qJ7ATP7w_8,audio,13,6.5,7.0,False
-s9qJ7ATP7w_8,audio,14,7.0,7.5,False
-s9qJ7ATP7w_8,audio,15,7.5,8.0,False
-s9qJ7ATP7w_8,audio,16,8.0,8.5,False
-s9qJ7ATP7w_8,audio,17,8.5,9.0,False
-s9qJ7ATP7w_8,audio,18,9.0,9.5,False
-s9qJ7ATP7w_8,audio,19,9.5,10.0,False
-s9qJ7ATP7w_8,audio,20,10.0,10.5,False
-s9qJ7ATP7w_8,audio,21,10.5,11.0,False
-s9qJ7ATP7w_8,audio,22,11.0,11.5,False
-s9qJ7ATP7w_8,audio,23,11.5,12.0,False
-s9qJ7ATP7w_8,audio,24,12.0,12.5,False
-s9qJ7ATP7w_8,audio,25,12.5,13.0,False
-s9qJ7ATP7w_8,audio,26,13.0,13.5,False
-s9qJ7ATP7w_8,audio,27,13.5,14.0,False
-s9qJ7ATP7w_8,audio,28,14.0,14.5,False
-s9qJ7ATP7w_8,audio,29,14.5,15.0,False
-s9qJ7ATP7w_8,audio,30,15.0,15.5,False
-s9qJ7ATP7w_8,audio,31,15.5,16.0,False
-s9qJ7ATP7w_8,audio,32,16.0,16.5,False
-s9qJ7ATP7w_8,audio,33,16.5,17.0,False
-s9qJ7ATP7w_8,audio,34,17.0,17.5,False
-s9qJ7ATP7w_8,audio,35,17.5,18.0,False
-s9qJ7ATP7w_8,audio,36,18.0,18.5,False
-s9qJ7ATP7w_8,audio,37,18.5,19.0,False
-s9qJ7ATP7w_8,audio,38,19.0,19.5,False
-s9qJ7ATP7w_8,audio,39,19.5,20.0,False
-s9qJ7ATP7w_8,audio,40,20.0,20.5,False
-s9qJ7ATP7w_8,audio,41,20.5,21.0,False
-s9qJ7ATP7w_8,audio,42,21.0,21.5,False
-s9qJ7ATP7w_8,audio,43,21.5,22.0,False
-s9qJ7ATP7w_8,audio,44,22.0,22.5,False
-s9qJ7ATP7w_8,audio,45,22.5,23.0,False
-s9qJ7ATP7w_8,audio,46,23.0,23.5,False
-s9qJ7ATP7w_8,audio,47,23.5,24.0,False
-s9qJ7ATP7w_8,audio,48,24.0,24.5,False
-s9qJ7ATP7w_8,audio,49,24.5,25.0,False
-s9qJ7ATP7w_8,vision,0,0.0,0.5,True
-s9qJ7ATP7w_8,vision,1,0.5,1.0,True
-s9qJ7ATP7w_8,vision,2,1.0,1.5,True
-s9qJ7ATP7w_8,vision,3,1.5,2.0,True
-s9qJ7ATP7w_8,vision,4,2.0,2.5,True
-s9qJ7ATP7w_8,vision,5,2.5,3.0,True
-s9qJ7ATP7w_8,vision,6,3.0,3.5,True
-s9qJ7ATP7w_8,vision,7,3.5,4.0,False
-s9qJ7ATP7w_8,vision,8,4.0,4.5,False
-s9qJ7ATP7w_8,vision,9,4.5,5.0,False
-s9qJ7ATP7w_8,vision,10,5.0,5.5,False
-s9qJ7ATP7w_8,vision,11,5.5,6.0,False
-s9qJ7ATP7w_8,vision,12,6.0,6.5,False
-s9qJ7ATP7w_8,vision,13,6.5,7.0,False
-s9qJ7ATP7w_8,vision,14,7.0,7.5,False
-s9qJ7ATP7w_8,vision,15,7.5,8.0,False
-s9qJ7ATP7w_8,vision,16,8.0,8.5,False
-s9qJ7ATP7w_8,vision,17,8.5,9.0,False
-s9qJ7ATP7w_8,vision,18,9.0,9.5,False
-s9qJ7ATP7w_8,vision,19,9.5,10.0,False
-s9qJ7ATP7w_8,vision,20,10.0,10.5,False
-s9qJ7ATP7w_8,vision,21,10.5,11.0,False
-s9qJ7ATP7w_8,vision,22,11.0,11.5,False
-s9qJ7ATP7w_8,vision,23,11.5,12.0,False
-s9qJ7ATP7w_8,vision,24,12.0,12.5,False
-s9qJ7ATP7w_8,vision,25,12.5,13.0,False
-s9qJ7ATP7w_8,vision,26,13.0,13.5,False
-s9qJ7ATP7w_8,vision,27,13.5,14.0,False
-s9qJ7ATP7w_8,vision,28,14.0,14.5,False
-s9qJ7ATP7w_8,vision,29,14.5,15.0,False
-s9qJ7ATP7w_8,vision,30,15.0,15.5,False
-s9qJ7ATP7w_8,vision,31,15.5,16.0,False
-s9qJ7ATP7w_8,vision,32,16.0,16.5,False
-s9qJ7ATP7w_8,vision,33,16.5,17.0,False
-s9qJ7ATP7w_8,vision,34,17.0,17.5,False
-s9qJ7ATP7w_8,vision,35,17.5,18.0,False
-s9qJ7ATP7w_8,vision,36,18.0,18.5,False
-s9qJ7ATP7w_8,vision,37,18.5,19.0,False
-s9qJ7ATP7w_8,vision,38,19.0,19.5,False
-s9qJ7ATP7w_8,vision,39,19.5,20.0,False
-s9qJ7ATP7w_8,vision,40,20.0,20.5,False
-s9qJ7ATP7w_8,vision,41,20.5,21.0,False
-s9qJ7ATP7w_8,vision,42,21.0,21.5,False
-s9qJ7ATP7w_8,vision,43,21.5,22.0,False
-s9qJ7ATP7w_8,vision,44,22.0,22.5,False
-s9qJ7ATP7w_8,vision,45,22.5,23.0,False
-s9qJ7ATP7w_8,vision,46,23.0,23.5,False
-s9qJ7ATP7w_8,vision,47,23.5,24.0,False
-s9qJ7ATP7w_8,vision,48,24.0,24.5,False
-s9qJ7ATP7w_8,vision,49,24.5,25.0,False
-t217m2on-s_2,audio,0,0.0,0.5,True
-t217m2on-s_2,audio,1,0.5,1.0,True
-t217m2on-s_2,audio,2,1.0,1.5,True
-t217m2on-s_2,audio,3,1.5,2.0,True
-t217m2on-s_2,audio,4,2.0,2.5,True
-t217m2on-s_2,audio,5,2.5,3.0,True
-t217m2on-s_2,audio,6,3.0,3.5,True
-t217m2on-s_2,audio,7,3.5,4.0,True
-t217m2on-s_2,audio,8,4.0,4.5,True
-t217m2on-s_2,audio,9,4.5,5.0,True
-t217m2on-s_2,audio,10,5.0,5.5,True
-t217m2on-s_2,audio,11,5.5,6.0,True
-t217m2on-s_2,audio,12,6.0,6.5,False
-t217m2on-s_2,audio,13,6.5,7.0,False
-t217m2on-s_2,audio,14,7.0,7.5,False
-t217m2on-s_2,audio,15,7.5,8.0,False
-t217m2on-s_2,audio,16,8.0,8.5,False
-t217m2on-s_2,audio,17,8.5,9.0,False
-t217m2on-s_2,audio,18,9.0,9.5,False
-t217m2on-s_2,audio,19,9.5,10.0,False
-t217m2on-s_2,audio,20,10.0,10.5,False
-t217m2on-s_2,audio,21,10.5,11.0,False
-t217m2on-s_2,audio,22,11.0,11.5,False
-t217m2on-s_2,audio,23,11.5,12.0,False
-t217m2on-s_2,audio,24,12.0,12.5,False
-t217m2on-s_2,audio,25,12.5,13.0,False
-t217m2on-s_2,audio,26,13.0,13.5,False
-t217m2on-s_2,audio,27,13.5,14.0,False
-t217m2on-s_2,audio,28,14.0,14.5,False
-t217m2on-s_2,audio,29,14.5,15.0,False
-t217m2on-s_2,audio,30,15.0,15.5,False
-t217m2on-s_2,audio,31,15.5,16.0,False
-t217m2on-s_2,audio,32,16.0,16.5,False
-t217m2on-s_2,audio,33,16.5,17.0,False
-t217m2on-s_2,audio,34,17.0,17.5,False
-t217m2on-s_2,audio,35,17.5,18.0,False
-t217m2on-s_2,audio,36,18.0,18.5,False
-t217m2on-s_2,audio,37,18.5,19.0,False
-t217m2on-s_2,audio,38,19.0,19.5,False
-t217m2on-s_2,audio,39,19.5,20.0,False
-t217m2on-s_2,audio,40,20.0,20.5,False
-t217m2on-s_2,audio,41,20.5,21.0,False
-t217m2on-s_2,audio,42,21.0,21.5,False
-t217m2on-s_2,audio,43,21.5,22.0,False
-t217m2on-s_2,audio,44,22.0,22.5,False
-t217m2on-s_2,audio,45,22.5,23.0,False
-t217m2on-s_2,audio,46,23.0,23.5,False
-t217m2on-s_2,audio,47,23.5,24.0,False
-t217m2on-s_2,audio,48,24.0,24.5,False
-t217m2on-s_2,audio,49,24.5,25.0,False
-t217m2on-s_2,vision,0,0.0,0.5,True
-t217m2on-s_2,vision,1,0.5,1.0,True
-t217m2on-s_2,vision,2,1.0,1.5,True
-t217m2on-s_2,vision,3,1.5,2.0,True
-t217m2on-s_2,vision,4,2.0,2.5,True
-t217m2on-s_2,vision,5,2.5,3.0,True
-t217m2on-s_2,vision,6,3.0,3.5,True
-t217m2on-s_2,vision,7,3.5,4.0,True
-t217m2on-s_2,vision,8,4.0,4.5,True
-t217m2on-s_2,vision,9,4.5,5.0,True
-t217m2on-s_2,vision,10,5.0,5.5,True
-t217m2on-s_2,vision,11,5.5,6.0,True
-t217m2on-s_2,vision,12,6.0,6.5,False
-t217m2on-s_2,vision,13,6.5,7.0,False
-t217m2on-s_2,vision,14,7.0,7.5,False
-t217m2on-s_2,vision,15,7.5,8.0,False
-t217m2on-s_2,vision,16,8.0,8.5,False
-t217m2on-s_2,vision,17,8.5,9.0,False
-t217m2on-s_2,vision,18,9.0,9.5,False
-t217m2on-s_2,vision,19,9.5,10.0,False
-t217m2on-s_2,vision,20,10.0,10.5,False
-t217m2on-s_2,vision,21,10.5,11.0,False
-t217m2on-s_2,vision,22,11.0,11.5,False
-t217m2on-s_2,vision,23,11.5,12.0,False
-t217m2on-s_2,vision,24,12.0,12.5,False
-t217m2on-s_2,vision,25,12.5,13.0,False
-t217m2on-s_2,vision,26,13.0,13.5,False
-t217m2on-s_2,vision,27,13.5,14.0,False
-t217m2on-s_2,vision,28,14.0,14.5,False
-t217m2on-s_2,vision,29,14.5,15.0,False
-t217m2on-s_2,vision,30,15.0,15.5,False
-t217m2on-s_2,vision,31,15.5,16.0,False
-t217m2on-s_2,vision,32,16.0,16.5,False
-t217m2on-s_2,vision,33,16.5,17.0,False
-t217m2on-s_2,vision,34,17.0,17.5,False
-t217m2on-s_2,vision,35,17.5,18.0,False
-t217m2on-s_2,vision,36,18.0,18.5,False
-t217m2on-s_2,vision,37,18.5,19.0,False
-t217m2on-s_2,vision,38,19.0,19.5,False
-t217m2on-s_2,vision,39,19.5,20.0,False
-t217m2on-s_2,vision,40,20.0,20.5,False
-t217m2on-s_2,vision,41,20.5,21.0,False
-t217m2on-s_2,vision,42,21.0,21.5,False
-t217m2on-s_2,vision,43,21.5,22.0,False
-t217m2on-s_2,vision,44,22.0,22.5,False
-t217m2on-s_2,vision,45,22.5,23.0,False
-t217m2on-s_2,vision,46,23.0,23.5,False
-t217m2on-s_2,vision,47,23.5,24.0,False
-t217m2on-s_2,vision,48,24.0,24.5,False
-t217m2on-s_2,vision,49,24.5,25.0,False
-t217m2on-s_7,audio,0,0.0,0.5,True
-t217m2on-s_7,audio,1,0.5,1.0,True
-t217m2on-s_7,audio,2,1.0,1.5,True
-t217m2on-s_7,audio,3,1.5,2.0,True
-t217m2on-s_7,audio,4,2.0,2.5,True
-t217m2on-s_7,audio,5,2.5,3.0,True
-t217m2on-s_7,audio,6,3.0,3.5,True
-t217m2on-s_7,audio,7,3.5,4.0,True
-t217m2on-s_7,audio,8,4.0,4.5,True
-t217m2on-s_7,audio,9,4.5,5.0,True
-t217m2on-s_7,audio,10,5.0,5.5,True
-t217m2on-s_7,audio,11,5.5,6.0,True
-t217m2on-s_7,audio,12,6.0,6.5,True
-t217m2on-s_7,audio,13,6.5,7.0,True
-t217m2on-s_7,audio,14,7.0,7.5,True
-t217m2on-s_7,audio,15,7.5,8.0,True
-t217m2on-s_7,audio,16,8.0,8.5,True
-t217m2on-s_7,audio,17,8.5,9.0,True
-t217m2on-s_7,audio,18,9.0,9.5,True
-t217m2on-s_7,audio,19,9.5,10.0,True
-t217m2on-s_7,audio,20,10.0,10.5,True
-t217m2on-s_7,audio,21,10.5,11.0,True
-t217m2on-s_7,audio,22,11.0,11.5,True
-t217m2on-s_7,audio,23,11.5,12.0,True
-t217m2on-s_7,audio,24,12.0,12.5,True
-t217m2on-s_7,audio,25,12.5,13.0,True
-t217m2on-s_7,audio,26,13.0,13.5,True
-t217m2on-s_7,audio,27,13.5,14.0,True
-t217m2on-s_7,audio,28,14.0,14.5,True
-t217m2on-s_7,audio,29,14.5,15.0,True
-t217m2on-s_7,audio,30,15.0,15.5,True
-t217m2on-s_7,audio,31,15.5,16.0,True
-t217m2on-s_7,audio,32,16.0,16.5,True
-t217m2on-s_7,audio,33,16.5,17.0,True
-t217m2on-s_7,audio,34,17.0,17.5,False
-t217m2on-s_7,audio,35,17.5,18.0,False
-t217m2on-s_7,audio,36,18.0,18.5,False
-t217m2on-s_7,audio,37,18.5,19.0,False
-t217m2on-s_7,audio,38,19.0,19.5,False
-t217m2on-s_7,audio,39,19.5,20.0,False
-t217m2on-s_7,audio,40,20.0,20.5,False
-t217m2on-s_7,audio,41,20.5,21.0,False
-t217m2on-s_7,audio,42,21.0,21.5,False
-t217m2on-s_7,audio,43,21.5,22.0,False
-t217m2on-s_7,audio,44,22.0,22.5,False
-t217m2on-s_7,audio,45,22.5,23.0,False
-t217m2on-s_7,audio,46,23.0,23.5,False
-t217m2on-s_7,audio,47,23.5,24.0,False
-t217m2on-s_7,audio,48,24.0,24.5,False
-t217m2on-s_7,audio,49,24.5,25.0,False
-t217m2on-s_7,vision,0,0.0,0.5,True
-t217m2on-s_7,vision,1,0.5,1.0,True
-t217m2on-s_7,vision,2,1.0,1.5,True
-t217m2on-s_7,vision,3,1.5,2.0,True
-t217m2on-s_7,vision,4,2.0,2.5,True
-t217m2on-s_7,vision,5,2.5,3.0,True
-t217m2on-s_7,vision,6,3.0,3.5,True
-t217m2on-s_7,vision,7,3.5,4.0,True
-t217m2on-s_7,vision,8,4.0,4.5,True
-t217m2on-s_7,vision,9,4.5,5.0,True
-t217m2on-s_7,vision,10,5.0,5.5,True
-t217m2on-s_7,vision,11,5.5,6.0,True
-t217m2on-s_7,vision,12,6.0,6.5,True
-t217m2on-s_7,vision,13,6.5,7.0,True
-t217m2on-s_7,vision,14,7.0,7.5,True
-t217m2on-s_7,vision,15,7.5,8.0,True
-t217m2on-s_7,vision,16,8.0,8.5,True
-t217m2on-s_7,vision,17,8.5,9.0,True
-t217m2on-s_7,vision,18,9.0,9.5,True
-t217m2on-s_7,vision,19,9.5,10.0,True
-t217m2on-s_7,vision,20,10.0,10.5,True
-t217m2on-s_7,vision,21,10.5,11.0,True
-t217m2on-s_7,vision,22,11.0,11.5,True
-t217m2on-s_7,vision,23,11.5,12.0,True
-t217m2on-s_7,vision,24,12.0,12.5,True
-t217m2on-s_7,vision,25,12.5,13.0,True
-t217m2on-s_7,vision,26,13.0,13.5,True
-t217m2on-s_7,vision,27,13.5,14.0,True
-t217m2on-s_7,vision,28,14.0,14.5,True
-t217m2on-s_7,vision,29,14.5,15.0,True
-t217m2on-s_7,vision,30,15.0,15.5,True
-t217m2on-s_7,vision,31,15.5,16.0,True
-t217m2on-s_7,vision,32,16.0,16.5,True
-t217m2on-s_7,vision,33,16.5,17.0,True
-t217m2on-s_7,vision,34,17.0,17.5,True
-t217m2on-s_7,vision,35,17.5,18.0,False
-t217m2on-s_7,vision,36,18.0,18.5,False
-t217m2on-s_7,vision,37,18.5,19.0,False
-t217m2on-s_7,vision,38,19.0,19.5,False
-t217m2on-s_7,vision,39,19.5,20.0,False
-t217m2on-s_7,vision,40,20.0,20.5,False
-t217m2on-s_7,vision,41,20.5,21.0,False
-t217m2on-s_7,vision,42,21.0,21.5,False
-t217m2on-s_7,vision,43,21.5,22.0,False
-t217m2on-s_7,vision,44,22.0,22.5,False
-t217m2on-s_7,vision,45,22.5,23.0,False
-t217m2on-s_7,vision,46,23.0,23.5,False
-t217m2on-s_7,vision,47,23.5,24.0,False
-t217m2on-s_7,vision,48,24.0,24.5,False
-t217m2on-s_7,vision,49,24.5,25.0,False
-tANM6ETl_M_3,audio,0,0.0,0.5,True
-tANM6ETl_M_3,audio,1,0.5,1.0,True
-tANM6ETl_M_3,audio,2,1.0,1.5,True
-tANM6ETl_M_3,audio,3,1.5,2.0,True
-tANM6ETl_M_3,audio,4,2.0,2.5,True
-tANM6ETl_M_3,audio,5,2.5,3.0,True
-tANM6ETl_M_3,audio,6,3.0,3.5,True
-tANM6ETl_M_3,audio,7,3.5,4.0,True
-tANM6ETl_M_3,audio,8,4.0,4.5,True
-tANM6ETl_M_3,audio,9,4.5,5.0,True
-tANM6ETl_M_3,audio,10,5.0,5.5,True
-tANM6ETl_M_3,audio,11,5.5,6.0,True
-tANM6ETl_M_3,audio,12,6.0,6.5,True
-tANM6ETl_M_3,audio,13,6.5,7.0,True
-tANM6ETl_M_3,audio,14,7.0,7.5,False
-tANM6ETl_M_3,audio,15,7.5,8.0,False
-tANM6ETl_M_3,audio,16,8.0,8.5,False
-tANM6ETl_M_3,audio,17,8.5,9.0,False
-tANM6ETl_M_3,audio,18,9.0,9.5,False
-tANM6ETl_M_3,audio,19,9.5,10.0,False
-tANM6ETl_M_3,audio,20,10.0,10.5,False
-tANM6ETl_M_3,audio,21,10.5,11.0,False
-tANM6ETl_M_3,audio,22,11.0,11.5,False
-tANM6ETl_M_3,audio,23,11.5,12.0,False
-tANM6ETl_M_3,audio,24,12.0,12.5,False
-tANM6ETl_M_3,audio,25,12.5,13.0,False
-tANM6ETl_M_3,audio,26,13.0,13.5,False
-tANM6ETl_M_3,audio,27,13.5,14.0,False
-tANM6ETl_M_3,audio,28,14.0,14.5,False
-tANM6ETl_M_3,audio,29,14.5,15.0,False
-tANM6ETl_M_3,audio,30,15.0,15.5,False
-tANM6ETl_M_3,audio,31,15.5,16.0,False
-tANM6ETl_M_3,audio,32,16.0,16.5,False
-tANM6ETl_M_3,audio,33,16.5,17.0,False
-tANM6ETl_M_3,audio,34,17.0,17.5,False
-tANM6ETl_M_3,audio,35,17.5,18.0,False
-tANM6ETl_M_3,audio,36,18.0,18.5,False
-tANM6ETl_M_3,audio,37,18.5,19.0,False
-tANM6ETl_M_3,audio,38,19.0,19.5,False
-tANM6ETl_M_3,audio,39,19.5,20.0,False
-tANM6ETl_M_3,audio,40,20.0,20.5,False
-tANM6ETl_M_3,audio,41,20.5,21.0,False
-tANM6ETl_M_3,audio,42,21.0,21.5,False
-tANM6ETl_M_3,audio,43,21.5,22.0,False
-tANM6ETl_M_3,audio,44,22.0,22.5,False
-tANM6ETl_M_3,audio,45,22.5,23.0,False
-tANM6ETl_M_3,audio,46,23.0,23.5,False
-tANM6ETl_M_3,audio,47,23.5,24.0,False
-tANM6ETl_M_3,audio,48,24.0,24.5,False
-tANM6ETl_M_3,audio,49,24.5,25.0,False
-tANM6ETl_M_3,vision,0,0.0,0.5,True
-tANM6ETl_M_3,vision,1,0.5,1.0,True
-tANM6ETl_M_3,vision,2,1.0,1.5,True
-tANM6ETl_M_3,vision,3,1.5,2.0,True
-tANM6ETl_M_3,vision,4,2.0,2.5,True
-tANM6ETl_M_3,vision,5,2.5,3.0,True
-tANM6ETl_M_3,vision,6,3.0,3.5,True
-tANM6ETl_M_3,vision,7,3.5,4.0,True
-tANM6ETl_M_3,vision,8,4.0,4.5,True
-tANM6ETl_M_3,vision,9,4.5,5.0,True
-tANM6ETl_M_3,vision,10,5.0,5.5,True
-tANM6ETl_M_3,vision,11,5.5,6.0,True
-tANM6ETl_M_3,vision,12,6.0,6.5,True
-tANM6ETl_M_3,vision,13,6.5,7.0,True
-tANM6ETl_M_3,vision,14,7.0,7.5,False
-tANM6ETl_M_3,vision,15,7.5,8.0,False
-tANM6ETl_M_3,vision,16,8.0,8.5,False
-tANM6ETl_M_3,vision,17,8.5,9.0,False
-tANM6ETl_M_3,vision,18,9.0,9.5,False
-tANM6ETl_M_3,vision,19,9.5,10.0,False
-tANM6ETl_M_3,vision,20,10.0,10.5,False
-tANM6ETl_M_3,vision,21,10.5,11.0,False
-tANM6ETl_M_3,vision,22,11.0,11.5,False
-tANM6ETl_M_3,vision,23,11.5,12.0,False
-tANM6ETl_M_3,vision,24,12.0,12.5,False
-tANM6ETl_M_3,vision,25,12.5,13.0,False
-tANM6ETl_M_3,vision,26,13.0,13.5,False
-tANM6ETl_M_3,vision,27,13.5,14.0,False
-tANM6ETl_M_3,vision,28,14.0,14.5,False
-tANM6ETl_M_3,vision,29,14.5,15.0,False
-tANM6ETl_M_3,vision,30,15.0,15.5,False
-tANM6ETl_M_3,vision,31,15.5,16.0,False
-tANM6ETl_M_3,vision,32,16.0,16.5,False
-tANM6ETl_M_3,vision,33,16.5,17.0,False
-tANM6ETl_M_3,vision,34,17.0,17.5,False
-tANM6ETl_M_3,vision,35,17.5,18.0,False
-tANM6ETl_M_3,vision,36,18.0,18.5,False
-tANM6ETl_M_3,vision,37,18.5,19.0,False
-tANM6ETl_M_3,vision,38,19.0,19.5,False
-tANM6ETl_M_3,vision,39,19.5,20.0,False
-tANM6ETl_M_3,vision,40,20.0,20.5,False
-tANM6ETl_M_3,vision,41,20.5,21.0,False
-tANM6ETl_M_3,vision,42,21.0,21.5,False
-tANM6ETl_M_3,vision,43,21.5,22.0,False
-tANM6ETl_M_3,vision,44,22.0,22.5,False
-tANM6ETl_M_3,vision,45,22.5,23.0,False
-tANM6ETl_M_3,vision,46,23.0,23.5,False
-tANM6ETl_M_3,vision,47,23.5,24.0,False
-tANM6ETl_M_3,vision,48,24.0,24.5,False
-tANM6ETl_M_3,vision,49,24.5,25.0,False
-tPCytz4rww_10,audio,0,0.0,0.5,True
-tPCytz4rww_10,audio,1,0.5,1.0,True
-tPCytz4rww_10,audio,2,1.0,1.5,True
-tPCytz4rww_10,audio,3,1.5,2.0,True
-tPCytz4rww_10,audio,4,2.0,2.5,True
-tPCytz4rww_10,audio,5,2.5,3.0,True
-tPCytz4rww_10,audio,6,3.0,3.5,True
-tPCytz4rww_10,audio,7,3.5,4.0,True
-tPCytz4rww_10,audio,8,4.0,4.5,True
-tPCytz4rww_10,audio,9,4.5,5.0,True
-tPCytz4rww_10,audio,10,5.0,5.5,False
-tPCytz4rww_10,audio,11,5.5,6.0,False
-tPCytz4rww_10,audio,12,6.0,6.5,False
-tPCytz4rww_10,audio,13,6.5,7.0,False
-tPCytz4rww_10,audio,14,7.0,7.5,False
-tPCytz4rww_10,audio,15,7.5,8.0,False
-tPCytz4rww_10,audio,16,8.0,8.5,False
-tPCytz4rww_10,audio,17,8.5,9.0,False
-tPCytz4rww_10,audio,18,9.0,9.5,False
-tPCytz4rww_10,audio,19,9.5,10.0,False
-tPCytz4rww_10,audio,20,10.0,10.5,False
-tPCytz4rww_10,audio,21,10.5,11.0,False
-tPCytz4rww_10,audio,22,11.0,11.5,False
-tPCytz4rww_10,audio,23,11.5,12.0,False
-tPCytz4rww_10,audio,24,12.0,12.5,False
-tPCytz4rww_10,audio,25,12.5,13.0,False
-tPCytz4rww_10,audio,26,13.0,13.5,False
-tPCytz4rww_10,audio,27,13.5,14.0,False
-tPCytz4rww_10,audio,28,14.0,14.5,False
-tPCytz4rww_10,audio,29,14.5,15.0,False
-tPCytz4rww_10,audio,30,15.0,15.5,False
-tPCytz4rww_10,audio,31,15.5,16.0,False
-tPCytz4rww_10,audio,32,16.0,16.5,False
-tPCytz4rww_10,audio,33,16.5,17.0,False
-tPCytz4rww_10,audio,34,17.0,17.5,False
-tPCytz4rww_10,audio,35,17.5,18.0,False
-tPCytz4rww_10,audio,36,18.0,18.5,False
-tPCytz4rww_10,audio,37,18.5,19.0,False
-tPCytz4rww_10,audio,38,19.0,19.5,False
-tPCytz4rww_10,audio,39,19.5,20.0,False
-tPCytz4rww_10,audio,40,20.0,20.5,False
-tPCytz4rww_10,audio,41,20.5,21.0,False
-tPCytz4rww_10,audio,42,21.0,21.5,False
-tPCytz4rww_10,audio,43,21.5,22.0,False
-tPCytz4rww_10,audio,44,22.0,22.5,False
-tPCytz4rww_10,audio,45,22.5,23.0,False
-tPCytz4rww_10,audio,46,23.0,23.5,False
-tPCytz4rww_10,audio,47,23.5,24.0,False
-tPCytz4rww_10,audio,48,24.0,24.5,False
-tPCytz4rww_10,audio,49,24.5,25.0,False
-tPCytz4rww_10,vision,0,0.0,0.5,True
-tPCytz4rww_10,vision,1,0.5,1.0,True
-tPCytz4rww_10,vision,2,1.0,1.5,True
-tPCytz4rww_10,vision,3,1.5,2.0,True
-tPCytz4rww_10,vision,4,2.0,2.5,True
-tPCytz4rww_10,vision,5,2.5,3.0,True
-tPCytz4rww_10,vision,6,3.0,3.5,True
-tPCytz4rww_10,vision,7,3.5,4.0,True
-tPCytz4rww_10,vision,8,4.0,4.5,True
-tPCytz4rww_10,vision,9,4.5,5.0,True
-tPCytz4rww_10,vision,10,5.0,5.5,False
-tPCytz4rww_10,vision,11,5.5,6.0,False
-tPCytz4rww_10,vision,12,6.0,6.5,False
-tPCytz4rww_10,vision,13,6.5,7.0,False
-tPCytz4rww_10,vision,14,7.0,7.5,False
-tPCytz4rww_10,vision,15,7.5,8.0,False
-tPCytz4rww_10,vision,16,8.0,8.5,False
-tPCytz4rww_10,vision,17,8.5,9.0,False
-tPCytz4rww_10,vision,18,9.0,9.5,False
-tPCytz4rww_10,vision,19,9.5,10.0,False
-tPCytz4rww_10,vision,20,10.0,10.5,False
-tPCytz4rww_10,vision,21,10.5,11.0,False
-tPCytz4rww_10,vision,22,11.0,11.5,False
-tPCytz4rww_10,vision,23,11.5,12.0,False
-tPCytz4rww_10,vision,24,12.0,12.5,False
-tPCytz4rww_10,vision,25,12.5,13.0,False
-tPCytz4rww_10,vision,26,13.0,13.5,False
-tPCytz4rww_10,vision,27,13.5,14.0,False
-tPCytz4rww_10,vision,28,14.0,14.5,False
-tPCytz4rww_10,vision,29,14.5,15.0,False
-tPCytz4rww_10,vision,30,15.0,15.5,False
-tPCytz4rww_10,vision,31,15.5,16.0,False
-tPCytz4rww_10,vision,32,16.0,16.5,False
-tPCytz4rww_10,vision,33,16.5,17.0,False
-tPCytz4rww_10,vision,34,17.0,17.5,False
-tPCytz4rww_10,vision,35,17.5,18.0,False
-tPCytz4rww_10,vision,36,18.0,18.5,False
-tPCytz4rww_10,vision,37,18.5,19.0,False
-tPCytz4rww_10,vision,38,19.0,19.5,False
-tPCytz4rww_10,vision,39,19.5,20.0,False
-tPCytz4rww_10,vision,40,20.0,20.5,False
-tPCytz4rww_10,vision,41,20.5,21.0,False
-tPCytz4rww_10,vision,42,21.0,21.5,False
-tPCytz4rww_10,vision,43,21.5,22.0,False
-tPCytz4rww_10,vision,44,22.0,22.5,False
-tPCytz4rww_10,vision,45,22.5,23.0,False
-tPCytz4rww_10,vision,46,23.0,23.5,False
-tPCytz4rww_10,vision,47,23.5,24.0,False
-tPCytz4rww_10,vision,48,24.0,24.5,False
-tPCytz4rww_10,vision,49,24.5,25.0,False
-tPCytz4rww_11,audio,0,0.0,0.5,True
-tPCytz4rww_11,audio,1,0.5,1.0,True
-tPCytz4rww_11,audio,2,1.0,1.5,True
-tPCytz4rww_11,audio,3,1.5,2.0,True
-tPCytz4rww_11,audio,4,2.0,2.5,True
-tPCytz4rww_11,audio,5,2.5,3.0,True
-tPCytz4rww_11,audio,6,3.0,3.5,True
-tPCytz4rww_11,audio,7,3.5,4.0,True
-tPCytz4rww_11,audio,8,4.0,4.5,True
-tPCytz4rww_11,audio,9,4.5,5.0,True
-tPCytz4rww_11,audio,10,5.0,5.5,True
-tPCytz4rww_11,audio,11,5.5,6.0,False
-tPCytz4rww_11,audio,12,6.0,6.5,False
-tPCytz4rww_11,audio,13,6.5,7.0,False
-tPCytz4rww_11,audio,14,7.0,7.5,False
-tPCytz4rww_11,audio,15,7.5,8.0,False
-tPCytz4rww_11,audio,16,8.0,8.5,False
-tPCytz4rww_11,audio,17,8.5,9.0,False
-tPCytz4rww_11,audio,18,9.0,9.5,False
-tPCytz4rww_11,audio,19,9.5,10.0,False
-tPCytz4rww_11,audio,20,10.0,10.5,False
-tPCytz4rww_11,audio,21,10.5,11.0,False
-tPCytz4rww_11,audio,22,11.0,11.5,False
-tPCytz4rww_11,audio,23,11.5,12.0,False
-tPCytz4rww_11,audio,24,12.0,12.5,False
-tPCytz4rww_11,audio,25,12.5,13.0,False
-tPCytz4rww_11,audio,26,13.0,13.5,False
-tPCytz4rww_11,audio,27,13.5,14.0,False
-tPCytz4rww_11,audio,28,14.0,14.5,False
-tPCytz4rww_11,audio,29,14.5,15.0,False
-tPCytz4rww_11,audio,30,15.0,15.5,False
-tPCytz4rww_11,audio,31,15.5,16.0,False
-tPCytz4rww_11,audio,32,16.0,16.5,False
-tPCytz4rww_11,audio,33,16.5,17.0,False
-tPCytz4rww_11,audio,34,17.0,17.5,False
-tPCytz4rww_11,audio,35,17.5,18.0,False
-tPCytz4rww_11,audio,36,18.0,18.5,False
-tPCytz4rww_11,audio,37,18.5,19.0,False
-tPCytz4rww_11,audio,38,19.0,19.5,False
-tPCytz4rww_11,audio,39,19.5,20.0,False
-tPCytz4rww_11,audio,40,20.0,20.5,False
-tPCytz4rww_11,audio,41,20.5,21.0,False
-tPCytz4rww_11,audio,42,21.0,21.5,False
-tPCytz4rww_11,audio,43,21.5,22.0,False
-tPCytz4rww_11,audio,44,22.0,22.5,False
-tPCytz4rww_11,audio,45,22.5,23.0,False
-tPCytz4rww_11,audio,46,23.0,23.5,False
-tPCytz4rww_11,audio,47,23.5,24.0,False
-tPCytz4rww_11,audio,48,24.0,24.5,False
-tPCytz4rww_11,audio,49,24.5,25.0,False
-tPCytz4rww_11,vision,0,0.0,0.5,True
-tPCytz4rww_11,vision,1,0.5,1.0,True
-tPCytz4rww_11,vision,2,1.0,1.5,True
-tPCytz4rww_11,vision,3,1.5,2.0,True
-tPCytz4rww_11,vision,4,2.0,2.5,True
-tPCytz4rww_11,vision,5,2.5,3.0,True
-tPCytz4rww_11,vision,6,3.0,3.5,True
-tPCytz4rww_11,vision,7,3.5,4.0,True
-tPCytz4rww_11,vision,8,4.0,4.5,True
-tPCytz4rww_11,vision,9,4.5,5.0,True
-tPCytz4rww_11,vision,10,5.0,5.5,True
-tPCytz4rww_11,vision,11,5.5,6.0,False
-tPCytz4rww_11,vision,12,6.0,6.5,False
-tPCytz4rww_11,vision,13,6.5,7.0,False
-tPCytz4rww_11,vision,14,7.0,7.5,False
-tPCytz4rww_11,vision,15,7.5,8.0,False
-tPCytz4rww_11,vision,16,8.0,8.5,False
-tPCytz4rww_11,vision,17,8.5,9.0,False
-tPCytz4rww_11,vision,18,9.0,9.5,False
-tPCytz4rww_11,vision,19,9.5,10.0,False
-tPCytz4rww_11,vision,20,10.0,10.5,False
-tPCytz4rww_11,vision,21,10.5,11.0,False
-tPCytz4rww_11,vision,22,11.0,11.5,False
-tPCytz4rww_11,vision,23,11.5,12.0,False
-tPCytz4rww_11,vision,24,12.0,12.5,False
-tPCytz4rww_11,vision,25,12.5,13.0,False
-tPCytz4rww_11,vision,26,13.0,13.5,False
-tPCytz4rww_11,vision,27,13.5,14.0,False
-tPCytz4rww_11,vision,28,14.0,14.5,False
-tPCytz4rww_11,vision,29,14.5,15.0,False
-tPCytz4rww_11,vision,30,15.0,15.5,False
-tPCytz4rww_11,vision,31,15.5,16.0,False
-tPCytz4rww_11,vision,32,16.0,16.5,False
-tPCytz4rww_11,vision,33,16.5,17.0,False
-tPCytz4rww_11,vision,34,17.0,17.5,False
-tPCytz4rww_11,vision,35,17.5,18.0,False
-tPCytz4rww_11,vision,36,18.0,18.5,False
-tPCytz4rww_11,vision,37,18.5,19.0,False
-tPCytz4rww_11,vision,38,19.0,19.5,False
-tPCytz4rww_11,vision,39,19.5,20.0,False
-tPCytz4rww_11,vision,40,20.0,20.5,False
-tPCytz4rww_11,vision,41,20.5,21.0,False
-tPCytz4rww_11,vision,42,21.0,21.5,False
-tPCytz4rww_11,vision,43,21.5,22.0,False
-tPCytz4rww_11,vision,44,22.0,22.5,False
-tPCytz4rww_11,vision,45,22.5,23.0,False
-tPCytz4rww_11,vision,46,23.0,23.5,False
-tPCytz4rww_11,vision,47,23.5,24.0,False
-tPCytz4rww_11,vision,48,24.0,24.5,False
-tPCytz4rww_11,vision,49,24.5,25.0,False
-tPCytz4rww_12,audio,0,0.0,0.5,True
-tPCytz4rww_12,audio,1,0.5,1.0,True
-tPCytz4rww_12,audio,2,1.0,1.5,True
-tPCytz4rww_12,audio,3,1.5,2.0,True
-tPCytz4rww_12,audio,4,2.0,2.5,True
-tPCytz4rww_12,audio,5,2.5,3.0,True
-tPCytz4rww_12,audio,6,3.0,3.5,True
-tPCytz4rww_12,audio,7,3.5,4.0,True
-tPCytz4rww_12,audio,8,4.0,4.5,True
-tPCytz4rww_12,audio,9,4.5,5.0,True
-tPCytz4rww_12,audio,10,5.0,5.5,True
-tPCytz4rww_12,audio,11,5.5,6.0,True
-tPCytz4rww_12,audio,12,6.0,6.5,True
-tPCytz4rww_12,audio,13,6.5,7.0,True
-tPCytz4rww_12,audio,14,7.0,7.5,True
-tPCytz4rww_12,audio,15,7.5,8.0,True
-tPCytz4rww_12,audio,16,8.0,8.5,True
-tPCytz4rww_12,audio,17,8.5,9.0,True
-tPCytz4rww_12,audio,18,9.0,9.5,True
-tPCytz4rww_12,audio,19,9.5,10.0,True
-tPCytz4rww_12,audio,20,10.0,10.5,True
-tPCytz4rww_12,audio,21,10.5,11.0,True
-tPCytz4rww_12,audio,22,11.0,11.5,True
-tPCytz4rww_12,audio,23,11.5,12.0,True
-tPCytz4rww_12,audio,24,12.0,12.5,False
-tPCytz4rww_12,audio,25,12.5,13.0,False
-tPCytz4rww_12,audio,26,13.0,13.5,False
-tPCytz4rww_12,audio,27,13.5,14.0,False
-tPCytz4rww_12,audio,28,14.0,14.5,False
-tPCytz4rww_12,audio,29,14.5,15.0,False
-tPCytz4rww_12,audio,30,15.0,15.5,False
-tPCytz4rww_12,audio,31,15.5,16.0,False
-tPCytz4rww_12,audio,32,16.0,16.5,False
-tPCytz4rww_12,audio,33,16.5,17.0,False
-tPCytz4rww_12,audio,34,17.0,17.5,False
-tPCytz4rww_12,audio,35,17.5,18.0,False
-tPCytz4rww_12,audio,36,18.0,18.5,False
-tPCytz4rww_12,audio,37,18.5,19.0,False
-tPCytz4rww_12,audio,38,19.0,19.5,False
-tPCytz4rww_12,audio,39,19.5,20.0,False
-tPCytz4rww_12,audio,40,20.0,20.5,False
-tPCytz4rww_12,audio,41,20.5,21.0,False
-tPCytz4rww_12,audio,42,21.0,21.5,False
-tPCytz4rww_12,audio,43,21.5,22.0,False
-tPCytz4rww_12,audio,44,22.0,22.5,False
-tPCytz4rww_12,audio,45,22.5,23.0,False
-tPCytz4rww_12,audio,46,23.0,23.5,False
-tPCytz4rww_12,audio,47,23.5,24.0,False
-tPCytz4rww_12,audio,48,24.0,24.5,False
-tPCytz4rww_12,audio,49,24.5,25.0,False
-tPCytz4rww_12,vision,0,0.0,0.5,True
-tPCytz4rww_12,vision,1,0.5,1.0,True
-tPCytz4rww_12,vision,2,1.0,1.5,True
-tPCytz4rww_12,vision,3,1.5,2.0,True
-tPCytz4rww_12,vision,4,2.0,2.5,True
-tPCytz4rww_12,vision,5,2.5,3.0,True
-tPCytz4rww_12,vision,6,3.0,3.5,True
-tPCytz4rww_12,vision,7,3.5,4.0,True
-tPCytz4rww_12,vision,8,4.0,4.5,True
-tPCytz4rww_12,vision,9,4.5,5.0,True
-tPCytz4rww_12,vision,10,5.0,5.5,True
-tPCytz4rww_12,vision,11,5.5,6.0,True
-tPCytz4rww_12,vision,12,6.0,6.5,True
-tPCytz4rww_12,vision,13,6.5,7.0,True
-tPCytz4rww_12,vision,14,7.0,7.5,True
-tPCytz4rww_12,vision,15,7.5,8.0,True
-tPCytz4rww_12,vision,16,8.0,8.5,True
-tPCytz4rww_12,vision,17,8.5,9.0,True
-tPCytz4rww_12,vision,18,9.0,9.5,True
-tPCytz4rww_12,vision,19,9.5,10.0,True
-tPCytz4rww_12,vision,20,10.0,10.5,True
-tPCytz4rww_12,vision,21,10.5,11.0,True
-tPCytz4rww_12,vision,22,11.0,11.5,True
-tPCytz4rww_12,vision,23,11.5,12.0,True
-tPCytz4rww_12,vision,24,12.0,12.5,False
-tPCytz4rww_12,vision,25,12.5,13.0,False
-tPCytz4rww_12,vision,26,13.0,13.5,False
-tPCytz4rww_12,vision,27,13.5,14.0,False
-tPCytz4rww_12,vision,28,14.0,14.5,False
-tPCytz4rww_12,vision,29,14.5,15.0,False
-tPCytz4rww_12,vision,30,15.0,15.5,False
-tPCytz4rww_12,vision,31,15.5,16.0,False
-tPCytz4rww_12,vision,32,16.0,16.5,False
-tPCytz4rww_12,vision,33,16.5,17.0,False
-tPCytz4rww_12,vision,34,17.0,17.5,False
-tPCytz4rww_12,vision,35,17.5,18.0,False
-tPCytz4rww_12,vision,36,18.0,18.5,False
-tPCytz4rww_12,vision,37,18.5,19.0,False
-tPCytz4rww_12,vision,38,19.0,19.5,False
-tPCytz4rww_12,vision,39,19.5,20.0,False
-tPCytz4rww_12,vision,40,20.0,20.5,False
-tPCytz4rww_12,vision,41,20.5,21.0,False
-tPCytz4rww_12,vision,42,21.0,21.5,False
-tPCytz4rww_12,vision,43,21.5,22.0,False
-tPCytz4rww_12,vision,44,22.0,22.5,False
-tPCytz4rww_12,vision,45,22.5,23.0,False
-tPCytz4rww_12,vision,46,23.0,23.5,False
-tPCytz4rww_12,vision,47,23.5,24.0,False
-tPCytz4rww_12,vision,48,24.0,24.5,False
-tPCytz4rww_12,vision,49,24.5,25.0,False
-tPCytz4rww_16,audio,0,0.0,0.5,True
-tPCytz4rww_16,audio,1,0.5,1.0,True
-tPCytz4rww_16,audio,2,1.0,1.5,True
-tPCytz4rww_16,audio,3,1.5,2.0,True
-tPCytz4rww_16,audio,4,2.0,2.5,True
-tPCytz4rww_16,audio,5,2.5,3.0,True
-tPCytz4rww_16,audio,6,3.0,3.5,True
-tPCytz4rww_16,audio,7,3.5,4.0,True
-tPCytz4rww_16,audio,8,4.0,4.5,True
-tPCytz4rww_16,audio,9,4.5,5.0,True
-tPCytz4rww_16,audio,10,5.0,5.5,True
-tPCytz4rww_16,audio,11,5.5,6.0,True
-tPCytz4rww_16,audio,12,6.0,6.5,True
-tPCytz4rww_16,audio,13,6.5,7.0,True
-tPCytz4rww_16,audio,14,7.0,7.5,True
-tPCytz4rww_16,audio,15,7.5,8.0,False
-tPCytz4rww_16,audio,16,8.0,8.5,False
-tPCytz4rww_16,audio,17,8.5,9.0,False
-tPCytz4rww_16,audio,18,9.0,9.5,False
-tPCytz4rww_16,audio,19,9.5,10.0,False
-tPCytz4rww_16,audio,20,10.0,10.5,False
-tPCytz4rww_16,audio,21,10.5,11.0,False
-tPCytz4rww_16,audio,22,11.0,11.5,False
-tPCytz4rww_16,audio,23,11.5,12.0,False
-tPCytz4rww_16,audio,24,12.0,12.5,False
-tPCytz4rww_16,audio,25,12.5,13.0,False
-tPCytz4rww_16,audio,26,13.0,13.5,False
-tPCytz4rww_16,audio,27,13.5,14.0,False
-tPCytz4rww_16,audio,28,14.0,14.5,False
-tPCytz4rww_16,audio,29,14.5,15.0,False
-tPCytz4rww_16,audio,30,15.0,15.5,False
-tPCytz4rww_16,audio,31,15.5,16.0,False
-tPCytz4rww_16,audio,32,16.0,16.5,False
-tPCytz4rww_16,audio,33,16.5,17.0,False
-tPCytz4rww_16,audio,34,17.0,17.5,False
-tPCytz4rww_16,audio,35,17.5,18.0,False
-tPCytz4rww_16,audio,36,18.0,18.5,False
-tPCytz4rww_16,audio,37,18.5,19.0,False
-tPCytz4rww_16,audio,38,19.0,19.5,False
-tPCytz4rww_16,audio,39,19.5,20.0,False
-tPCytz4rww_16,audio,40,20.0,20.5,False
-tPCytz4rww_16,audio,41,20.5,21.0,False
-tPCytz4rww_16,audio,42,21.0,21.5,False
-tPCytz4rww_16,audio,43,21.5,22.0,False
-tPCytz4rww_16,audio,44,22.0,22.5,False
-tPCytz4rww_16,audio,45,22.5,23.0,False
-tPCytz4rww_16,audio,46,23.0,23.5,False
-tPCytz4rww_16,audio,47,23.5,24.0,False
-tPCytz4rww_16,audio,48,24.0,24.5,False
-tPCytz4rww_16,audio,49,24.5,25.0,False
-tPCytz4rww_16,vision,0,0.0,0.5,True
-tPCytz4rww_16,vision,1,0.5,1.0,True
-tPCytz4rww_16,vision,2,1.0,1.5,True
-tPCytz4rww_16,vision,3,1.5,2.0,True
-tPCytz4rww_16,vision,4,2.0,2.5,True
-tPCytz4rww_16,vision,5,2.5,3.0,True
-tPCytz4rww_16,vision,6,3.0,3.5,True
-tPCytz4rww_16,vision,7,3.5,4.0,True
-tPCytz4rww_16,vision,8,4.0,4.5,True
-tPCytz4rww_16,vision,9,4.5,5.0,True
-tPCytz4rww_16,vision,10,5.0,5.5,True
-tPCytz4rww_16,vision,11,5.5,6.0,True
-tPCytz4rww_16,vision,12,6.0,6.5,True
-tPCytz4rww_16,vision,13,6.5,7.0,True
-tPCytz4rww_16,vision,14,7.0,7.5,True
-tPCytz4rww_16,vision,15,7.5,8.0,False
-tPCytz4rww_16,vision,16,8.0,8.5,False
-tPCytz4rww_16,vision,17,8.5,9.0,False
-tPCytz4rww_16,vision,18,9.0,9.5,False
-tPCytz4rww_16,vision,19,9.5,10.0,False
-tPCytz4rww_16,vision,20,10.0,10.5,False
-tPCytz4rww_16,vision,21,10.5,11.0,False
-tPCytz4rww_16,vision,22,11.0,11.5,False
-tPCytz4rww_16,vision,23,11.5,12.0,False
-tPCytz4rww_16,vision,24,12.0,12.5,False
-tPCytz4rww_16,vision,25,12.5,13.0,False
-tPCytz4rww_16,vision,26,13.0,13.5,False
-tPCytz4rww_16,vision,27,13.5,14.0,False
-tPCytz4rww_16,vision,28,14.0,14.5,False
-tPCytz4rww_16,vision,29,14.5,15.0,False
-tPCytz4rww_16,vision,30,15.0,15.5,False
-tPCytz4rww_16,vision,31,15.5,16.0,False
-tPCytz4rww_16,vision,32,16.0,16.5,False
-tPCytz4rww_16,vision,33,16.5,17.0,False
-tPCytz4rww_16,vision,34,17.0,17.5,False
-tPCytz4rww_16,vision,35,17.5,18.0,False
-tPCytz4rww_16,vision,36,18.0,18.5,False
-tPCytz4rww_16,vision,37,18.5,19.0,False
-tPCytz4rww_16,vision,38,19.0,19.5,False
-tPCytz4rww_16,vision,39,19.5,20.0,False
-tPCytz4rww_16,vision,40,20.0,20.5,False
-tPCytz4rww_16,vision,41,20.5,21.0,False
-tPCytz4rww_16,vision,42,21.0,21.5,False
-tPCytz4rww_16,vision,43,21.5,22.0,False
-tPCytz4rww_16,vision,44,22.0,22.5,False
-tPCytz4rww_16,vision,45,22.5,23.0,False
-tPCytz4rww_16,vision,46,23.0,23.5,False
-tPCytz4rww_16,vision,47,23.5,24.0,False
-tPCytz4rww_16,vision,48,24.0,24.5,False
-tPCytz4rww_16,vision,49,24.5,25.0,False
-tPCytz4rww_18,audio,0,0.0,0.5,True
-tPCytz4rww_18,audio,1,0.5,1.0,True
-tPCytz4rww_18,audio,2,1.0,1.5,True
-tPCytz4rww_18,audio,3,1.5,2.0,True
-tPCytz4rww_18,audio,4,2.0,2.5,True
-tPCytz4rww_18,audio,5,2.5,3.0,True
-tPCytz4rww_18,audio,6,3.0,3.5,True
-tPCytz4rww_18,audio,7,3.5,4.0,True
-tPCytz4rww_18,audio,8,4.0,4.5,True
-tPCytz4rww_18,audio,9,4.5,5.0,True
-tPCytz4rww_18,audio,10,5.0,5.5,True
-tPCytz4rww_18,audio,11,5.5,6.0,True
-tPCytz4rww_18,audio,12,6.0,6.5,True
-tPCytz4rww_18,audio,13,6.5,7.0,True
-tPCytz4rww_18,audio,14,7.0,7.5,False
-tPCytz4rww_18,audio,15,7.5,8.0,False
-tPCytz4rww_18,audio,16,8.0,8.5,False
-tPCytz4rww_18,audio,17,8.5,9.0,False
-tPCytz4rww_18,audio,18,9.0,9.5,False
-tPCytz4rww_18,audio,19,9.5,10.0,False
-tPCytz4rww_18,audio,20,10.0,10.5,False
-tPCytz4rww_18,audio,21,10.5,11.0,False
-tPCytz4rww_18,audio,22,11.0,11.5,False
-tPCytz4rww_18,audio,23,11.5,12.0,False
-tPCytz4rww_18,audio,24,12.0,12.5,False
-tPCytz4rww_18,audio,25,12.5,13.0,False
-tPCytz4rww_18,audio,26,13.0,13.5,False
-tPCytz4rww_18,audio,27,13.5,14.0,False
-tPCytz4rww_18,audio,28,14.0,14.5,False
-tPCytz4rww_18,audio,29,14.5,15.0,False
-tPCytz4rww_18,audio,30,15.0,15.5,False
-tPCytz4rww_18,audio,31,15.5,16.0,False
-tPCytz4rww_18,audio,32,16.0,16.5,False
-tPCytz4rww_18,audio,33,16.5,17.0,False
-tPCytz4rww_18,audio,34,17.0,17.5,False
-tPCytz4rww_18,audio,35,17.5,18.0,False
-tPCytz4rww_18,audio,36,18.0,18.5,False
-tPCytz4rww_18,audio,37,18.5,19.0,False
-tPCytz4rww_18,audio,38,19.0,19.5,False
-tPCytz4rww_18,audio,39,19.5,20.0,False
-tPCytz4rww_18,audio,40,20.0,20.5,False
-tPCytz4rww_18,audio,41,20.5,21.0,False
-tPCytz4rww_18,audio,42,21.0,21.5,False
-tPCytz4rww_18,audio,43,21.5,22.0,False
-tPCytz4rww_18,audio,44,22.0,22.5,False
-tPCytz4rww_18,audio,45,22.5,23.0,False
-tPCytz4rww_18,audio,46,23.0,23.5,False
-tPCytz4rww_18,audio,47,23.5,24.0,False
-tPCytz4rww_18,audio,48,24.0,24.5,False
-tPCytz4rww_18,audio,49,24.5,25.0,False
-tPCytz4rww_18,vision,0,0.0,0.5,True
-tPCytz4rww_18,vision,1,0.5,1.0,True
-tPCytz4rww_18,vision,2,1.0,1.5,True
-tPCytz4rww_18,vision,3,1.5,2.0,True
-tPCytz4rww_18,vision,4,2.0,2.5,True
-tPCytz4rww_18,vision,5,2.5,3.0,True
-tPCytz4rww_18,vision,6,3.0,3.5,True
-tPCytz4rww_18,vision,7,3.5,4.0,True
-tPCytz4rww_18,vision,8,4.0,4.5,True
-tPCytz4rww_18,vision,9,4.5,5.0,True
-tPCytz4rww_18,vision,10,5.0,5.5,True
-tPCytz4rww_18,vision,11,5.5,6.0,True
-tPCytz4rww_18,vision,12,6.0,6.5,True
-tPCytz4rww_18,vision,13,6.5,7.0,True
-tPCytz4rww_18,vision,14,7.0,7.5,False
-tPCytz4rww_18,vision,15,7.5,8.0,False
-tPCytz4rww_18,vision,16,8.0,8.5,False
-tPCytz4rww_18,vision,17,8.5,9.0,False
-tPCytz4rww_18,vision,18,9.0,9.5,False
-tPCytz4rww_18,vision,19,9.5,10.0,False
-tPCytz4rww_18,vision,20,10.0,10.5,False
-tPCytz4rww_18,vision,21,10.5,11.0,False
-tPCytz4rww_18,vision,22,11.0,11.5,False
-tPCytz4rww_18,vision,23,11.5,12.0,False
-tPCytz4rww_18,vision,24,12.0,12.5,False
-tPCytz4rww_18,vision,25,12.5,13.0,False
-tPCytz4rww_18,vision,26,13.0,13.5,False
-tPCytz4rww_18,vision,27,13.5,14.0,False
-tPCytz4rww_18,vision,28,14.0,14.5,False
-tPCytz4rww_18,vision,29,14.5,15.0,False
-tPCytz4rww_18,vision,30,15.0,15.5,False
-tPCytz4rww_18,vision,31,15.5,16.0,False
-tPCytz4rww_18,vision,32,16.0,16.5,False
-tPCytz4rww_18,vision,33,16.5,17.0,False
-tPCytz4rww_18,vision,34,17.0,17.5,False
-tPCytz4rww_18,vision,35,17.5,18.0,False
-tPCytz4rww_18,vision,36,18.0,18.5,False
-tPCytz4rww_18,vision,37,18.5,19.0,False
-tPCytz4rww_18,vision,38,19.0,19.5,False
-tPCytz4rww_18,vision,39,19.5,20.0,False
-tPCytz4rww_18,vision,40,20.0,20.5,False
-tPCytz4rww_18,vision,41,20.5,21.0,False
-tPCytz4rww_18,vision,42,21.0,21.5,False
-tPCytz4rww_18,vision,43,21.5,22.0,False
-tPCytz4rww_18,vision,44,22.0,22.5,False
-tPCytz4rww_18,vision,45,22.5,23.0,False
-tPCytz4rww_18,vision,46,23.0,23.5,False
-tPCytz4rww_18,vision,47,23.5,24.0,False
-tPCytz4rww_18,vision,48,24.0,24.5,False
-tPCytz4rww_18,vision,49,24.5,25.0,False
-uywlfIYOS8_4,audio,0,0.0,0.5,True
-uywlfIYOS8_4,audio,1,0.5,1.0,True
-uywlfIYOS8_4,audio,2,1.0,1.5,True
-uywlfIYOS8_4,audio,3,1.5,2.0,True
-uywlfIYOS8_4,audio,4,2.0,2.5,True
-uywlfIYOS8_4,audio,5,2.5,3.0,True
-uywlfIYOS8_4,audio,6,3.0,3.5,True
-uywlfIYOS8_4,audio,7,3.5,4.0,True
-uywlfIYOS8_4,audio,8,4.0,4.5,True
-uywlfIYOS8_4,audio,9,4.5,5.0,True
-uywlfIYOS8_4,audio,10,5.0,5.5,True
-uywlfIYOS8_4,audio,11,5.5,6.0,True
-uywlfIYOS8_4,audio,12,6.0,6.5,False
-uywlfIYOS8_4,audio,13,6.5,7.0,False
-uywlfIYOS8_4,audio,14,7.0,7.5,False
-uywlfIYOS8_4,audio,15,7.5,8.0,False
-uywlfIYOS8_4,audio,16,8.0,8.5,False
-uywlfIYOS8_4,audio,17,8.5,9.0,False
-uywlfIYOS8_4,audio,18,9.0,9.5,False
-uywlfIYOS8_4,audio,19,9.5,10.0,False
-uywlfIYOS8_4,audio,20,10.0,10.5,False
-uywlfIYOS8_4,audio,21,10.5,11.0,False
-uywlfIYOS8_4,audio,22,11.0,11.5,False
-uywlfIYOS8_4,audio,23,11.5,12.0,False
-uywlfIYOS8_4,audio,24,12.0,12.5,False
-uywlfIYOS8_4,audio,25,12.5,13.0,False
-uywlfIYOS8_4,audio,26,13.0,13.5,False
-uywlfIYOS8_4,audio,27,13.5,14.0,False
-uywlfIYOS8_4,audio,28,14.0,14.5,False
-uywlfIYOS8_4,audio,29,14.5,15.0,False
-uywlfIYOS8_4,audio,30,15.0,15.5,False
-uywlfIYOS8_4,audio,31,15.5,16.0,False
-uywlfIYOS8_4,audio,32,16.0,16.5,False
-uywlfIYOS8_4,audio,33,16.5,17.0,False
-uywlfIYOS8_4,audio,34,17.0,17.5,False
-uywlfIYOS8_4,audio,35,17.5,18.0,False
-uywlfIYOS8_4,audio,36,18.0,18.5,False
-uywlfIYOS8_4,audio,37,18.5,19.0,False
-uywlfIYOS8_4,audio,38,19.0,19.5,False
-uywlfIYOS8_4,audio,39,19.5,20.0,False
-uywlfIYOS8_4,audio,40,20.0,20.5,False
-uywlfIYOS8_4,audio,41,20.5,21.0,False
-uywlfIYOS8_4,audio,42,21.0,21.5,False
-uywlfIYOS8_4,audio,43,21.5,22.0,False
-uywlfIYOS8_4,audio,44,22.0,22.5,False
-uywlfIYOS8_4,audio,45,22.5,23.0,False
-uywlfIYOS8_4,audio,46,23.0,23.5,False
-uywlfIYOS8_4,audio,47,23.5,24.0,False
-uywlfIYOS8_4,audio,48,24.0,24.5,False
-uywlfIYOS8_4,audio,49,24.5,25.0,False
-uywlfIYOS8_4,vision,0,0.0,0.5,True
-uywlfIYOS8_4,vision,1,0.5,1.0,True
-uywlfIYOS8_4,vision,2,1.0,1.5,True
-uywlfIYOS8_4,vision,3,1.5,2.0,True
-uywlfIYOS8_4,vision,4,2.0,2.5,True
-uywlfIYOS8_4,vision,5,2.5,3.0,True
-uywlfIYOS8_4,vision,6,3.0,3.5,True
-uywlfIYOS8_4,vision,7,3.5,4.0,True
-uywlfIYOS8_4,vision,8,4.0,4.5,True
-uywlfIYOS8_4,vision,9,4.5,5.0,True
-uywlfIYOS8_4,vision,10,5.0,5.5,True
-uywlfIYOS8_4,vision,11,5.5,6.0,True
-uywlfIYOS8_4,vision,12,6.0,6.5,False
-uywlfIYOS8_4,vision,13,6.5,7.0,False
-uywlfIYOS8_4,vision,14,7.0,7.5,False
-uywlfIYOS8_4,vision,15,7.5,8.0,False
-uywlfIYOS8_4,vision,16,8.0,8.5,False
-uywlfIYOS8_4,vision,17,8.5,9.0,False
-uywlfIYOS8_4,vision,18,9.0,9.5,False
-uywlfIYOS8_4,vision,19,9.5,10.0,False
-uywlfIYOS8_4,vision,20,10.0,10.5,False
-uywlfIYOS8_4,vision,21,10.5,11.0,False
-uywlfIYOS8_4,vision,22,11.0,11.5,False
-uywlfIYOS8_4,vision,23,11.5,12.0,False
-uywlfIYOS8_4,vision,24,12.0,12.5,False
-uywlfIYOS8_4,vision,25,12.5,13.0,False
-uywlfIYOS8_4,vision,26,13.0,13.5,False
-uywlfIYOS8_4,vision,27,13.5,14.0,False
-uywlfIYOS8_4,vision,28,14.0,14.5,False
-uywlfIYOS8_4,vision,29,14.5,15.0,False
-uywlfIYOS8_4,vision,30,15.0,15.5,False
-uywlfIYOS8_4,vision,31,15.5,16.0,False
-uywlfIYOS8_4,vision,32,16.0,16.5,False
-uywlfIYOS8_4,vision,33,16.5,17.0,False
-uywlfIYOS8_4,vision,34,17.0,17.5,False
-uywlfIYOS8_4,vision,35,17.5,18.0,False
-uywlfIYOS8_4,vision,36,18.0,18.5,False
-uywlfIYOS8_4,vision,37,18.5,19.0,False
-uywlfIYOS8_4,vision,38,19.0,19.5,False
-uywlfIYOS8_4,vision,39,19.5,20.0,False
-uywlfIYOS8_4,vision,40,20.0,20.5,False
-uywlfIYOS8_4,vision,41,20.5,21.0,False
-uywlfIYOS8_4,vision,42,21.0,21.5,False
-uywlfIYOS8_4,vision,43,21.5,22.0,False
-uywlfIYOS8_4,vision,44,22.0,22.5,False
-uywlfIYOS8_4,vision,45,22.5,23.0,False
-uywlfIYOS8_4,vision,46,23.0,23.5,False
-uywlfIYOS8_4,vision,47,23.5,24.0,False
-uywlfIYOS8_4,vision,48,24.0,24.5,False
-uywlfIYOS8_4,vision,49,24.5,25.0,False
-vxjVxOeScU_4,audio,0,0.0,0.5,True
-vxjVxOeScU_4,audio,1,0.5,1.0,True
-vxjVxOeScU_4,audio,2,1.0,1.5,True
-vxjVxOeScU_4,audio,3,1.5,2.0,True
-vxjVxOeScU_4,audio,4,2.0,2.5,True
-vxjVxOeScU_4,audio,5,2.5,3.0,True
-vxjVxOeScU_4,audio,6,3.0,3.5,True
-vxjVxOeScU_4,audio,7,3.5,4.0,True
-vxjVxOeScU_4,audio,8,4.0,4.5,True
-vxjVxOeScU_4,audio,9,4.5,5.0,True
-vxjVxOeScU_4,audio,10,5.0,5.5,True
-vxjVxOeScU_4,audio,11,5.5,6.0,True
-vxjVxOeScU_4,audio,12,6.0,6.5,True
-vxjVxOeScU_4,audio,13,6.5,7.0,True
-vxjVxOeScU_4,audio,14,7.0,7.5,True
-vxjVxOeScU_4,audio,15,7.5,8.0,True
-vxjVxOeScU_4,audio,16,8.0,8.5,True
-vxjVxOeScU_4,audio,17,8.5,9.0,True
-vxjVxOeScU_4,audio,18,9.0,9.5,False
-vxjVxOeScU_4,audio,19,9.5,10.0,False
-vxjVxOeScU_4,audio,20,10.0,10.5,False
-vxjVxOeScU_4,audio,21,10.5,11.0,False
-vxjVxOeScU_4,audio,22,11.0,11.5,False
-vxjVxOeScU_4,audio,23,11.5,12.0,False
-vxjVxOeScU_4,audio,24,12.0,12.5,False
-vxjVxOeScU_4,audio,25,12.5,13.0,False
-vxjVxOeScU_4,audio,26,13.0,13.5,False
-vxjVxOeScU_4,audio,27,13.5,14.0,False
-vxjVxOeScU_4,audio,28,14.0,14.5,False
-vxjVxOeScU_4,audio,29,14.5,15.0,False
-vxjVxOeScU_4,audio,30,15.0,15.5,False
-vxjVxOeScU_4,audio,31,15.5,16.0,False
-vxjVxOeScU_4,audio,32,16.0,16.5,False
-vxjVxOeScU_4,audio,33,16.5,17.0,False
-vxjVxOeScU_4,audio,34,17.0,17.5,False
-vxjVxOeScU_4,audio,35,17.5,18.0,False
-vxjVxOeScU_4,audio,36,18.0,18.5,False
-vxjVxOeScU_4,audio,37,18.5,19.0,False
-vxjVxOeScU_4,audio,38,19.0,19.5,False
-vxjVxOeScU_4,audio,39,19.5,20.0,False
-vxjVxOeScU_4,audio,40,20.0,20.5,False
-vxjVxOeScU_4,audio,41,20.5,21.0,False
-vxjVxOeScU_4,audio,42,21.0,21.5,False
-vxjVxOeScU_4,audio,43,21.5,22.0,False
-vxjVxOeScU_4,audio,44,22.0,22.5,False
-vxjVxOeScU_4,audio,45,22.5,23.0,False
-vxjVxOeScU_4,audio,46,23.0,23.5,False
-vxjVxOeScU_4,audio,47,23.5,24.0,False
-vxjVxOeScU_4,audio,48,24.0,24.5,False
-vxjVxOeScU_4,audio,49,24.5,25.0,False
-vxjVxOeScU_4,vision,0,0.0,0.5,True
-vxjVxOeScU_4,vision,1,0.5,1.0,True
-vxjVxOeScU_4,vision,2,1.0,1.5,True
-vxjVxOeScU_4,vision,3,1.5,2.0,True
-vxjVxOeScU_4,vision,4,2.0,2.5,True
-vxjVxOeScU_4,vision,5,2.5,3.0,True
-vxjVxOeScU_4,vision,6,3.0,3.5,True
-vxjVxOeScU_4,vision,7,3.5,4.0,True
-vxjVxOeScU_4,vision,8,4.0,4.5,True
-vxjVxOeScU_4,vision,9,4.5,5.0,True
-vxjVxOeScU_4,vision,10,5.0,5.5,True
-vxjVxOeScU_4,vision,11,5.5,6.0,True
-vxjVxOeScU_4,vision,12,6.0,6.5,True
-vxjVxOeScU_4,vision,13,6.5,7.0,True
-vxjVxOeScU_4,vision,14,7.0,7.5,True
-vxjVxOeScU_4,vision,15,7.5,8.0,True
-vxjVxOeScU_4,vision,16,8.0,8.5,True
-vxjVxOeScU_4,vision,17,8.5,9.0,True
-vxjVxOeScU_4,vision,18,9.0,9.5,True
-vxjVxOeScU_4,vision,19,9.5,10.0,False
-vxjVxOeScU_4,vision,20,10.0,10.5,False
-vxjVxOeScU_4,vision,21,10.5,11.0,False
-vxjVxOeScU_4,vision,22,11.0,11.5,False
-vxjVxOeScU_4,vision,23,11.5,12.0,False
-vxjVxOeScU_4,vision,24,12.0,12.5,False
-vxjVxOeScU_4,vision,25,12.5,13.0,False
-vxjVxOeScU_4,vision,26,13.0,13.5,False
-vxjVxOeScU_4,vision,27,13.5,14.0,False
-vxjVxOeScU_4,vision,28,14.0,14.5,False
-vxjVxOeScU_4,vision,29,14.5,15.0,False
-vxjVxOeScU_4,vision,30,15.0,15.5,False
-vxjVxOeScU_4,vision,31,15.5,16.0,False
-vxjVxOeScU_4,vision,32,16.0,16.5,False
-vxjVxOeScU_4,vision,33,16.5,17.0,False
-vxjVxOeScU_4,vision,34,17.0,17.5,False
-vxjVxOeScU_4,vision,35,17.5,18.0,False
-vxjVxOeScU_4,vision,36,18.0,18.5,False
-vxjVxOeScU_4,vision,37,18.5,19.0,False
-vxjVxOeScU_4,vision,38,19.0,19.5,False
-vxjVxOeScU_4,vision,39,19.5,20.0,False
-vxjVxOeScU_4,vision,40,20.0,20.5,False
-vxjVxOeScU_4,vision,41,20.5,21.0,False
-vxjVxOeScU_4,vision,42,21.0,21.5,False
-vxjVxOeScU_4,vision,43,21.5,22.0,False
-vxjVxOeScU_4,vision,44,22.0,22.5,False
-vxjVxOeScU_4,vision,45,22.5,23.0,False
-vxjVxOeScU_4,vision,46,23.0,23.5,False
-vxjVxOeScU_4,vision,47,23.5,24.0,False
-vxjVxOeScU_4,vision,48,24.0,24.5,False
-vxjVxOeScU_4,vision,49,24.5,25.0,False
-wMB_hJL-3o_7,audio,0,0.0,0.5,True
-wMB_hJL-3o_7,audio,1,0.5,1.0,True
-wMB_hJL-3o_7,audio,2,1.0,1.5,True
-wMB_hJL-3o_7,audio,3,1.5,2.0,True
-wMB_hJL-3o_7,audio,4,2.0,2.5,True
-wMB_hJL-3o_7,audio,5,2.5,3.0,True
-wMB_hJL-3o_7,audio,6,3.0,3.5,True
-wMB_hJL-3o_7,audio,7,3.5,4.0,True
-wMB_hJL-3o_7,audio,8,4.0,4.5,True
-wMB_hJL-3o_7,audio,9,4.5,5.0,True
-wMB_hJL-3o_7,audio,10,5.0,5.5,True
-wMB_hJL-3o_7,audio,11,5.5,6.0,True
-wMB_hJL-3o_7,audio,12,6.0,6.5,False
-wMB_hJL-3o_7,audio,13,6.5,7.0,False
-wMB_hJL-3o_7,audio,14,7.0,7.5,False
-wMB_hJL-3o_7,audio,15,7.5,8.0,False
-wMB_hJL-3o_7,audio,16,8.0,8.5,False
-wMB_hJL-3o_7,audio,17,8.5,9.0,False
-wMB_hJL-3o_7,audio,18,9.0,9.5,False
-wMB_hJL-3o_7,audio,19,9.5,10.0,False
-wMB_hJL-3o_7,audio,20,10.0,10.5,False
-wMB_hJL-3o_7,audio,21,10.5,11.0,False
-wMB_hJL-3o_7,audio,22,11.0,11.5,False
-wMB_hJL-3o_7,audio,23,11.5,12.0,False
-wMB_hJL-3o_7,audio,24,12.0,12.5,False
-wMB_hJL-3o_7,audio,25,12.5,13.0,False
-wMB_hJL-3o_7,audio,26,13.0,13.5,False
-wMB_hJL-3o_7,audio,27,13.5,14.0,False
-wMB_hJL-3o_7,audio,28,14.0,14.5,False
-wMB_hJL-3o_7,audio,29,14.5,15.0,False
-wMB_hJL-3o_7,audio,30,15.0,15.5,False
-wMB_hJL-3o_7,audio,31,15.5,16.0,False
-wMB_hJL-3o_7,audio,32,16.0,16.5,False
-wMB_hJL-3o_7,audio,33,16.5,17.0,False
-wMB_hJL-3o_7,audio,34,17.0,17.5,False
-wMB_hJL-3o_7,audio,35,17.5,18.0,False
-wMB_hJL-3o_7,audio,36,18.0,18.5,False
-wMB_hJL-3o_7,audio,37,18.5,19.0,False
-wMB_hJL-3o_7,audio,38,19.0,19.5,False
-wMB_hJL-3o_7,audio,39,19.5,20.0,False
-wMB_hJL-3o_7,audio,40,20.0,20.5,False
-wMB_hJL-3o_7,audio,41,20.5,21.0,False
-wMB_hJL-3o_7,audio,42,21.0,21.5,False
-wMB_hJL-3o_7,audio,43,21.5,22.0,False
-wMB_hJL-3o_7,audio,44,22.0,22.5,False
-wMB_hJL-3o_7,audio,45,22.5,23.0,False
-wMB_hJL-3o_7,audio,46,23.0,23.5,False
-wMB_hJL-3o_7,audio,47,23.5,24.0,False
-wMB_hJL-3o_7,audio,48,24.0,24.5,False
-wMB_hJL-3o_7,audio,49,24.5,25.0,False
-wMB_hJL-3o_7,vision,0,0.0,0.5,True
-wMB_hJL-3o_7,vision,1,0.5,1.0,True
-wMB_hJL-3o_7,vision,2,1.0,1.5,True
-wMB_hJL-3o_7,vision,3,1.5,2.0,True
-wMB_hJL-3o_7,vision,4,2.0,2.5,True
-wMB_hJL-3o_7,vision,5,2.5,3.0,True
-wMB_hJL-3o_7,vision,6,3.0,3.5,True
-wMB_hJL-3o_7,vision,7,3.5,4.0,True
-wMB_hJL-3o_7,vision,8,4.0,4.5,True
-wMB_hJL-3o_7,vision,9,4.5,5.0,True
-wMB_hJL-3o_7,vision,10,5.0,5.5,True
-wMB_hJL-3o_7,vision,11,5.5,6.0,True
-wMB_hJL-3o_7,vision,12,6.0,6.5,True
-wMB_hJL-3o_7,vision,13,6.5,7.0,False
-wMB_hJL-3o_7,vision,14,7.0,7.5,False
-wMB_hJL-3o_7,vision,15,7.5,8.0,False
-wMB_hJL-3o_7,vision,16,8.0,8.5,False
-wMB_hJL-3o_7,vision,17,8.5,9.0,False
-wMB_hJL-3o_7,vision,18,9.0,9.5,False
-wMB_hJL-3o_7,vision,19,9.5,10.0,False
-wMB_hJL-3o_7,vision,20,10.0,10.5,False
-wMB_hJL-3o_7,vision,21,10.5,11.0,False
-wMB_hJL-3o_7,vision,22,11.0,11.5,False
-wMB_hJL-3o_7,vision,23,11.5,12.0,False
-wMB_hJL-3o_7,vision,24,12.0,12.5,False
-wMB_hJL-3o_7,vision,25,12.5,13.0,False
-wMB_hJL-3o_7,vision,26,13.0,13.5,False
-wMB_hJL-3o_7,vision,27,13.5,14.0,False
-wMB_hJL-3o_7,vision,28,14.0,14.5,False
-wMB_hJL-3o_7,vision,29,14.5,15.0,False
-wMB_hJL-3o_7,vision,30,15.0,15.5,False
-wMB_hJL-3o_7,vision,31,15.5,16.0,False
-wMB_hJL-3o_7,vision,32,16.0,16.5,False
-wMB_hJL-3o_7,vision,33,16.5,17.0,False
-wMB_hJL-3o_7,vision,34,17.0,17.5,False
-wMB_hJL-3o_7,vision,35,17.5,18.0,False
-wMB_hJL-3o_7,vision,36,18.0,18.5,False
-wMB_hJL-3o_7,vision,37,18.5,19.0,False
-wMB_hJL-3o_7,vision,38,19.0,19.5,False
-wMB_hJL-3o_7,vision,39,19.5,20.0,False
-wMB_hJL-3o_7,vision,40,20.0,20.5,False
-wMB_hJL-3o_7,vision,41,20.5,21.0,False
-wMB_hJL-3o_7,vision,42,21.0,21.5,False
-wMB_hJL-3o_7,vision,43,21.5,22.0,False
-wMB_hJL-3o_7,vision,44,22.0,22.5,False
-wMB_hJL-3o_7,vision,45,22.5,23.0,False
-wMB_hJL-3o_7,vision,46,23.0,23.5,False
-wMB_hJL-3o_7,vision,47,23.5,24.0,False
-wMB_hJL-3o_7,vision,48,24.0,24.5,False
-wMB_hJL-3o_7,vision,49,24.5,25.0,False
-wny0OAz3g8_0,audio,0,0.0,0.5,True
-wny0OAz3g8_0,audio,1,0.5,1.0,True
-wny0OAz3g8_0,audio,2,1.0,1.5,True
-wny0OAz3g8_0,audio,3,1.5,2.0,True
-wny0OAz3g8_0,audio,4,2.0,2.5,True
-wny0OAz3g8_0,audio,5,2.5,3.0,True
-wny0OAz3g8_0,audio,6,3.0,3.5,True
-wny0OAz3g8_0,audio,7,3.5,4.0,False
-wny0OAz3g8_0,audio,8,4.0,4.5,False
-wny0OAz3g8_0,audio,9,4.5,5.0,False
-wny0OAz3g8_0,audio,10,5.0,5.5,False
-wny0OAz3g8_0,audio,11,5.5,6.0,False
-wny0OAz3g8_0,audio,12,6.0,6.5,False
-wny0OAz3g8_0,audio,13,6.5,7.0,False
-wny0OAz3g8_0,audio,14,7.0,7.5,False
-wny0OAz3g8_0,audio,15,7.5,8.0,False
-wny0OAz3g8_0,audio,16,8.0,8.5,False
-wny0OAz3g8_0,audio,17,8.5,9.0,False
-wny0OAz3g8_0,audio,18,9.0,9.5,False
-wny0OAz3g8_0,audio,19,9.5,10.0,False
-wny0OAz3g8_0,audio,20,10.0,10.5,False
-wny0OAz3g8_0,audio,21,10.5,11.0,False
-wny0OAz3g8_0,audio,22,11.0,11.5,False
-wny0OAz3g8_0,audio,23,11.5,12.0,False
-wny0OAz3g8_0,audio,24,12.0,12.5,False
-wny0OAz3g8_0,audio,25,12.5,13.0,False
-wny0OAz3g8_0,audio,26,13.0,13.5,False
-wny0OAz3g8_0,audio,27,13.5,14.0,False
-wny0OAz3g8_0,audio,28,14.0,14.5,False
-wny0OAz3g8_0,audio,29,14.5,15.0,False
-wny0OAz3g8_0,audio,30,15.0,15.5,False
-wny0OAz3g8_0,audio,31,15.5,16.0,False
-wny0OAz3g8_0,audio,32,16.0,16.5,False
-wny0OAz3g8_0,audio,33,16.5,17.0,False
-wny0OAz3g8_0,audio,34,17.0,17.5,False
-wny0OAz3g8_0,audio,35,17.5,18.0,False
-wny0OAz3g8_0,audio,36,18.0,18.5,False
-wny0OAz3g8_0,audio,37,18.5,19.0,False
-wny0OAz3g8_0,audio,38,19.0,19.5,False
-wny0OAz3g8_0,audio,39,19.5,20.0,False
-wny0OAz3g8_0,audio,40,20.0,20.5,False
-wny0OAz3g8_0,audio,41,20.5,21.0,False
-wny0OAz3g8_0,audio,42,21.0,21.5,False
-wny0OAz3g8_0,audio,43,21.5,22.0,False
-wny0OAz3g8_0,audio,44,22.0,22.5,False
-wny0OAz3g8_0,audio,45,22.5,23.0,False
-wny0OAz3g8_0,audio,46,23.0,23.5,False
-wny0OAz3g8_0,audio,47,23.5,24.0,False
-wny0OAz3g8_0,audio,48,24.0,24.5,False
-wny0OAz3g8_0,audio,49,24.5,25.0,False
-wny0OAz3g8_0,vision,0,0.0,0.5,True
-wny0OAz3g8_0,vision,1,0.5,1.0,True
-wny0OAz3g8_0,vision,2,1.0,1.5,True
-wny0OAz3g8_0,vision,3,1.5,2.0,True
-wny0OAz3g8_0,vision,4,2.0,2.5,True
-wny0OAz3g8_0,vision,5,2.5,3.0,True
-wny0OAz3g8_0,vision,6,3.0,3.5,True
-wny0OAz3g8_0,vision,7,3.5,4.0,False
-wny0OAz3g8_0,vision,8,4.0,4.5,False
-wny0OAz3g8_0,vision,9,4.5,5.0,False
-wny0OAz3g8_0,vision,10,5.0,5.5,False
-wny0OAz3g8_0,vision,11,5.5,6.0,False
-wny0OAz3g8_0,vision,12,6.0,6.5,False
-wny0OAz3g8_0,vision,13,6.5,7.0,False
-wny0OAz3g8_0,vision,14,7.0,7.5,False
-wny0OAz3g8_0,vision,15,7.5,8.0,False
-wny0OAz3g8_0,vision,16,8.0,8.5,False
-wny0OAz3g8_0,vision,17,8.5,9.0,False
-wny0OAz3g8_0,vision,18,9.0,9.5,False
-wny0OAz3g8_0,vision,19,9.5,10.0,False
-wny0OAz3g8_0,vision,20,10.0,10.5,False
-wny0OAz3g8_0,vision,21,10.5,11.0,False
-wny0OAz3g8_0,vision,22,11.0,11.5,False
-wny0OAz3g8_0,vision,23,11.5,12.0,False
-wny0OAz3g8_0,vision,24,12.0,12.5,False
-wny0OAz3g8_0,vision,25,12.5,13.0,False
-wny0OAz3g8_0,vision,26,13.0,13.5,False
-wny0OAz3g8_0,vision,27,13.5,14.0,False
-wny0OAz3g8_0,vision,28,14.0,14.5,False
-wny0OAz3g8_0,vision,29,14.5,15.0,False
-wny0OAz3g8_0,vision,30,15.0,15.5,False
-wny0OAz3g8_0,vision,31,15.5,16.0,False
-wny0OAz3g8_0,vision,32,16.0,16.5,False
-wny0OAz3g8_0,vision,33,16.5,17.0,False
-wny0OAz3g8_0,vision,34,17.0,17.5,False
-wny0OAz3g8_0,vision,35,17.5,18.0,False
-wny0OAz3g8_0,vision,36,18.0,18.5,False
-wny0OAz3g8_0,vision,37,18.5,19.0,False
-wny0OAz3g8_0,vision,38,19.0,19.5,False
-wny0OAz3g8_0,vision,39,19.5,20.0,False
-wny0OAz3g8_0,vision,40,20.0,20.5,False
-wny0OAz3g8_0,vision,41,20.5,21.0,False
-wny0OAz3g8_0,vision,42,21.0,21.5,False
-wny0OAz3g8_0,vision,43,21.5,22.0,False
-wny0OAz3g8_0,vision,44,22.0,22.5,False
-wny0OAz3g8_0,vision,45,22.5,23.0,False
-wny0OAz3g8_0,vision,46,23.0,23.5,False
-wny0OAz3g8_0,vision,47,23.5,24.0,False
-wny0OAz3g8_0,vision,48,24.0,24.5,False
-wny0OAz3g8_0,vision,49,24.5,25.0,False
-wny0OAz3g8_1,audio,0,0.0,0.5,True
-wny0OAz3g8_1,audio,1,0.5,1.0,True
-wny0OAz3g8_1,audio,2,1.0,1.5,True
-wny0OAz3g8_1,audio,3,1.5,2.0,True
-wny0OAz3g8_1,audio,4,2.0,2.5,True
-wny0OAz3g8_1,audio,5,2.5,3.0,True
-wny0OAz3g8_1,audio,6,3.0,3.5,True
-wny0OAz3g8_1,audio,7,3.5,4.0,True
-wny0OAz3g8_1,audio,8,4.0,4.5,True
-wny0OAz3g8_1,audio,9,4.5,5.0,True
-wny0OAz3g8_1,audio,10,5.0,5.5,True
-wny0OAz3g8_1,audio,11,5.5,6.0,True
-wny0OAz3g8_1,audio,12,6.0,6.5,True
-wny0OAz3g8_1,audio,13,6.5,7.0,True
-wny0OAz3g8_1,audio,14,7.0,7.5,False
-wny0OAz3g8_1,audio,15,7.5,8.0,False
-wny0OAz3g8_1,audio,16,8.0,8.5,False
-wny0OAz3g8_1,audio,17,8.5,9.0,False
-wny0OAz3g8_1,audio,18,9.0,9.5,False
-wny0OAz3g8_1,audio,19,9.5,10.0,False
-wny0OAz3g8_1,audio,20,10.0,10.5,False
-wny0OAz3g8_1,audio,21,10.5,11.0,False
-wny0OAz3g8_1,audio,22,11.0,11.5,False
-wny0OAz3g8_1,audio,23,11.5,12.0,False
-wny0OAz3g8_1,audio,24,12.0,12.5,False
-wny0OAz3g8_1,audio,25,12.5,13.0,False
-wny0OAz3g8_1,audio,26,13.0,13.5,False
-wny0OAz3g8_1,audio,27,13.5,14.0,False
-wny0OAz3g8_1,audio,28,14.0,14.5,False
-wny0OAz3g8_1,audio,29,14.5,15.0,False
-wny0OAz3g8_1,audio,30,15.0,15.5,False
-wny0OAz3g8_1,audio,31,15.5,16.0,False
-wny0OAz3g8_1,audio,32,16.0,16.5,False
-wny0OAz3g8_1,audio,33,16.5,17.0,False
-wny0OAz3g8_1,audio,34,17.0,17.5,False
-wny0OAz3g8_1,audio,35,17.5,18.0,False
-wny0OAz3g8_1,audio,36,18.0,18.5,False
-wny0OAz3g8_1,audio,37,18.5,19.0,False
-wny0OAz3g8_1,audio,38,19.0,19.5,False
-wny0OAz3g8_1,audio,39,19.5,20.0,False
-wny0OAz3g8_1,audio,40,20.0,20.5,False
-wny0OAz3g8_1,audio,41,20.5,21.0,False
-wny0OAz3g8_1,audio,42,21.0,21.5,False
-wny0OAz3g8_1,audio,43,21.5,22.0,False
-wny0OAz3g8_1,audio,44,22.0,22.5,False
-wny0OAz3g8_1,audio,45,22.5,23.0,False
-wny0OAz3g8_1,audio,46,23.0,23.5,False
-wny0OAz3g8_1,audio,47,23.5,24.0,False
-wny0OAz3g8_1,audio,48,24.0,24.5,False
-wny0OAz3g8_1,audio,49,24.5,25.0,False
-wny0OAz3g8_1,vision,0,0.0,0.5,True
-wny0OAz3g8_1,vision,1,0.5,1.0,True
-wny0OAz3g8_1,vision,2,1.0,1.5,True
-wny0OAz3g8_1,vision,3,1.5,2.0,True
-wny0OAz3g8_1,vision,4,2.0,2.5,True
-wny0OAz3g8_1,vision,5,2.5,3.0,True
-wny0OAz3g8_1,vision,6,3.0,3.5,True
-wny0OAz3g8_1,vision,7,3.5,4.0,True
-wny0OAz3g8_1,vision,8,4.0,4.5,True
-wny0OAz3g8_1,vision,9,4.5,5.0,True
-wny0OAz3g8_1,vision,10,5.0,5.5,True
-wny0OAz3g8_1,vision,11,5.5,6.0,True
-wny0OAz3g8_1,vision,12,6.0,6.5,True
-wny0OAz3g8_1,vision,13,6.5,7.0,True
-wny0OAz3g8_1,vision,14,7.0,7.5,False
-wny0OAz3g8_1,vision,15,7.5,8.0,False
-wny0OAz3g8_1,vision,16,8.0,8.5,False
-wny0OAz3g8_1,vision,17,8.5,9.0,False
-wny0OAz3g8_1,vision,18,9.0,9.5,False
-wny0OAz3g8_1,vision,19,9.5,10.0,False
-wny0OAz3g8_1,vision,20,10.0,10.5,False
-wny0OAz3g8_1,vision,21,10.5,11.0,False
-wny0OAz3g8_1,vision,22,11.0,11.5,False
-wny0OAz3g8_1,vision,23,11.5,12.0,False
-wny0OAz3g8_1,vision,24,12.0,12.5,False
-wny0OAz3g8_1,vision,25,12.5,13.0,False
-wny0OAz3g8_1,vision,26,13.0,13.5,False
-wny0OAz3g8_1,vision,27,13.5,14.0,False
-wny0OAz3g8_1,vision,28,14.0,14.5,False
-wny0OAz3g8_1,vision,29,14.5,15.0,False
-wny0OAz3g8_1,vision,30,15.0,15.5,False
-wny0OAz3g8_1,vision,31,15.5,16.0,False
-wny0OAz3g8_1,vision,32,16.0,16.5,False
-wny0OAz3g8_1,vision,33,16.5,17.0,False
-wny0OAz3g8_1,vision,34,17.0,17.5,False
-wny0OAz3g8_1,vision,35,17.5,18.0,False
-wny0OAz3g8_1,vision,36,18.0,18.5,False
-wny0OAz3g8_1,vision,37,18.5,19.0,False
-wny0OAz3g8_1,vision,38,19.0,19.5,False
-wny0OAz3g8_1,vision,39,19.5,20.0,False
-wny0OAz3g8_1,vision,40,20.0,20.5,False
-wny0OAz3g8_1,vision,41,20.5,21.0,False
-wny0OAz3g8_1,vision,42,21.0,21.5,False
-wny0OAz3g8_1,vision,43,21.5,22.0,False
-wny0OAz3g8_1,vision,44,22.0,22.5,False
-wny0OAz3g8_1,vision,45,22.5,23.0,False
-wny0OAz3g8_1,vision,46,23.0,23.5,False
-wny0OAz3g8_1,vision,47,23.5,24.0,False
-wny0OAz3g8_1,vision,48,24.0,24.5,False
-wny0OAz3g8_1,vision,49,24.5,25.0,False
-wny0OAz3g8_2,audio,0,0.0,0.5,True
-wny0OAz3g8_2,audio,1,0.5,1.0,True
-wny0OAz3g8_2,audio,2,1.0,1.5,True
-wny0OAz3g8_2,audio,3,1.5,2.0,True
-wny0OAz3g8_2,audio,4,2.0,2.5,True
-wny0OAz3g8_2,audio,5,2.5,3.0,True
-wny0OAz3g8_2,audio,6,3.0,3.5,True
-wny0OAz3g8_2,audio,7,3.5,4.0,True
-wny0OAz3g8_2,audio,8,4.0,4.5,True
-wny0OAz3g8_2,audio,9,4.5,5.0,True
-wny0OAz3g8_2,audio,10,5.0,5.5,True
-wny0OAz3g8_2,audio,11,5.5,6.0,True
-wny0OAz3g8_2,audio,12,6.0,6.5,True
-wny0OAz3g8_2,audio,13,6.5,7.0,False
-wny0OAz3g8_2,audio,14,7.0,7.5,False
-wny0OAz3g8_2,audio,15,7.5,8.0,False
-wny0OAz3g8_2,audio,16,8.0,8.5,False
-wny0OAz3g8_2,audio,17,8.5,9.0,False
-wny0OAz3g8_2,audio,18,9.0,9.5,False
-wny0OAz3g8_2,audio,19,9.5,10.0,False
-wny0OAz3g8_2,audio,20,10.0,10.5,False
-wny0OAz3g8_2,audio,21,10.5,11.0,False
-wny0OAz3g8_2,audio,22,11.0,11.5,False
-wny0OAz3g8_2,audio,23,11.5,12.0,False
-wny0OAz3g8_2,audio,24,12.0,12.5,False
-wny0OAz3g8_2,audio,25,12.5,13.0,False
-wny0OAz3g8_2,audio,26,13.0,13.5,False
-wny0OAz3g8_2,audio,27,13.5,14.0,False
-wny0OAz3g8_2,audio,28,14.0,14.5,False
-wny0OAz3g8_2,audio,29,14.5,15.0,False
-wny0OAz3g8_2,audio,30,15.0,15.5,False
-wny0OAz3g8_2,audio,31,15.5,16.0,False
-wny0OAz3g8_2,audio,32,16.0,16.5,False
-wny0OAz3g8_2,audio,33,16.5,17.0,False
-wny0OAz3g8_2,audio,34,17.0,17.5,False
-wny0OAz3g8_2,audio,35,17.5,18.0,False
-wny0OAz3g8_2,audio,36,18.0,18.5,False
-wny0OAz3g8_2,audio,37,18.5,19.0,False
-wny0OAz3g8_2,audio,38,19.0,19.5,False
-wny0OAz3g8_2,audio,39,19.5,20.0,False
-wny0OAz3g8_2,audio,40,20.0,20.5,False
-wny0OAz3g8_2,audio,41,20.5,21.0,False
-wny0OAz3g8_2,audio,42,21.0,21.5,False
-wny0OAz3g8_2,audio,43,21.5,22.0,False
-wny0OAz3g8_2,audio,44,22.0,22.5,False
-wny0OAz3g8_2,audio,45,22.5,23.0,False
-wny0OAz3g8_2,audio,46,23.0,23.5,False
-wny0OAz3g8_2,audio,47,23.5,24.0,False
-wny0OAz3g8_2,audio,48,24.0,24.5,False
-wny0OAz3g8_2,audio,49,24.5,25.0,False
-wny0OAz3g8_2,vision,0,0.0,0.5,True
-wny0OAz3g8_2,vision,1,0.5,1.0,True
-wny0OAz3g8_2,vision,2,1.0,1.5,True
-wny0OAz3g8_2,vision,3,1.5,2.0,True
-wny0OAz3g8_2,vision,4,2.0,2.5,True
-wny0OAz3g8_2,vision,5,2.5,3.0,True
-wny0OAz3g8_2,vision,6,3.0,3.5,True
-wny0OAz3g8_2,vision,7,3.5,4.0,True
-wny0OAz3g8_2,vision,8,4.0,4.5,True
-wny0OAz3g8_2,vision,9,4.5,5.0,True
-wny0OAz3g8_2,vision,10,5.0,5.5,True
-wny0OAz3g8_2,vision,11,5.5,6.0,True
-wny0OAz3g8_2,vision,12,6.0,6.5,True
-wny0OAz3g8_2,vision,13,6.5,7.0,True
-wny0OAz3g8_2,vision,14,7.0,7.5,False
-wny0OAz3g8_2,vision,15,7.5,8.0,False
-wny0OAz3g8_2,vision,16,8.0,8.5,False
-wny0OAz3g8_2,vision,17,8.5,9.0,False
-wny0OAz3g8_2,vision,18,9.0,9.5,False
-wny0OAz3g8_2,vision,19,9.5,10.0,False
-wny0OAz3g8_2,vision,20,10.0,10.5,False
-wny0OAz3g8_2,vision,21,10.5,11.0,False
-wny0OAz3g8_2,vision,22,11.0,11.5,False
-wny0OAz3g8_2,vision,23,11.5,12.0,False
-wny0OAz3g8_2,vision,24,12.0,12.5,False
-wny0OAz3g8_2,vision,25,12.5,13.0,False
-wny0OAz3g8_2,vision,26,13.0,13.5,False
-wny0OAz3g8_2,vision,27,13.5,14.0,False
-wny0OAz3g8_2,vision,28,14.0,14.5,False
-wny0OAz3g8_2,vision,29,14.5,15.0,False
-wny0OAz3g8_2,vision,30,15.0,15.5,False
-wny0OAz3g8_2,vision,31,15.5,16.0,False
-wny0OAz3g8_2,vision,32,16.0,16.5,False
-wny0OAz3g8_2,vision,33,16.5,17.0,False
-wny0OAz3g8_2,vision,34,17.0,17.5,False
-wny0OAz3g8_2,vision,35,17.5,18.0,False
-wny0OAz3g8_2,vision,36,18.0,18.5,False
-wny0OAz3g8_2,vision,37,18.5,19.0,False
-wny0OAz3g8_2,vision,38,19.0,19.5,False
-wny0OAz3g8_2,vision,39,19.5,20.0,False
-wny0OAz3g8_2,vision,40,20.0,20.5,False
-wny0OAz3g8_2,vision,41,20.5,21.0,False
-wny0OAz3g8_2,vision,42,21.0,21.5,False
-wny0OAz3g8_2,vision,43,21.5,22.0,False
-wny0OAz3g8_2,vision,44,22.0,22.5,False
-wny0OAz3g8_2,vision,45,22.5,23.0,False
-wny0OAz3g8_2,vision,46,23.0,23.5,False
-wny0OAz3g8_2,vision,47,23.5,24.0,False
-wny0OAz3g8_2,vision,48,24.0,24.5,False
-wny0OAz3g8_2,vision,49,24.5,25.0,False
-wny0OAz3g8_3,audio,0,0.0,0.5,True
-wny0OAz3g8_3,audio,1,0.5,1.0,True
-wny0OAz3g8_3,audio,2,1.0,1.5,True
-wny0OAz3g8_3,audio,3,1.5,2.0,True
-wny0OAz3g8_3,audio,4,2.0,2.5,True
-wny0OAz3g8_3,audio,5,2.5,3.0,True
-wny0OAz3g8_3,audio,6,3.0,3.5,True
-wny0OAz3g8_3,audio,7,3.5,4.0,True
-wny0OAz3g8_3,audio,8,4.0,4.5,True
-wny0OAz3g8_3,audio,9,4.5,5.0,True
-wny0OAz3g8_3,audio,10,5.0,5.5,True
-wny0OAz3g8_3,audio,11,5.5,6.0,True
-wny0OAz3g8_3,audio,12,6.0,6.5,True
-wny0OAz3g8_3,audio,13,6.5,7.0,False
-wny0OAz3g8_3,audio,14,7.0,7.5,False
-wny0OAz3g8_3,audio,15,7.5,8.0,False
-wny0OAz3g8_3,audio,16,8.0,8.5,False
-wny0OAz3g8_3,audio,17,8.5,9.0,False
-wny0OAz3g8_3,audio,18,9.0,9.5,False
-wny0OAz3g8_3,audio,19,9.5,10.0,False
-wny0OAz3g8_3,audio,20,10.0,10.5,False
-wny0OAz3g8_3,audio,21,10.5,11.0,False
-wny0OAz3g8_3,audio,22,11.0,11.5,False
-wny0OAz3g8_3,audio,23,11.5,12.0,False
-wny0OAz3g8_3,audio,24,12.0,12.5,False
-wny0OAz3g8_3,audio,25,12.5,13.0,False
-wny0OAz3g8_3,audio,26,13.0,13.5,False
-wny0OAz3g8_3,audio,27,13.5,14.0,False
-wny0OAz3g8_3,audio,28,14.0,14.5,False
-wny0OAz3g8_3,audio,29,14.5,15.0,False
-wny0OAz3g8_3,audio,30,15.0,15.5,False
-wny0OAz3g8_3,audio,31,15.5,16.0,False
-wny0OAz3g8_3,audio,32,16.0,16.5,False
-wny0OAz3g8_3,audio,33,16.5,17.0,False
-wny0OAz3g8_3,audio,34,17.0,17.5,False
-wny0OAz3g8_3,audio,35,17.5,18.0,False
-wny0OAz3g8_3,audio,36,18.0,18.5,False
-wny0OAz3g8_3,audio,37,18.5,19.0,False
-wny0OAz3g8_3,audio,38,19.0,19.5,False
-wny0OAz3g8_3,audio,39,19.5,20.0,False
-wny0OAz3g8_3,audio,40,20.0,20.5,False
-wny0OAz3g8_3,audio,41,20.5,21.0,False
-wny0OAz3g8_3,audio,42,21.0,21.5,False
-wny0OAz3g8_3,audio,43,21.5,22.0,False
-wny0OAz3g8_3,audio,44,22.0,22.5,False
-wny0OAz3g8_3,audio,45,22.5,23.0,False
-wny0OAz3g8_3,audio,46,23.0,23.5,False
-wny0OAz3g8_3,audio,47,23.5,24.0,False
-wny0OAz3g8_3,audio,48,24.0,24.5,False
-wny0OAz3g8_3,audio,49,24.5,25.0,False
-wny0OAz3g8_3,vision,0,0.0,0.5,True
-wny0OAz3g8_3,vision,1,0.5,1.0,True
-wny0OAz3g8_3,vision,2,1.0,1.5,True
-wny0OAz3g8_3,vision,3,1.5,2.0,True
-wny0OAz3g8_3,vision,4,2.0,2.5,True
-wny0OAz3g8_3,vision,5,2.5,3.0,True
-wny0OAz3g8_3,vision,6,3.0,3.5,True
-wny0OAz3g8_3,vision,7,3.5,4.0,True
-wny0OAz3g8_3,vision,8,4.0,4.5,True
-wny0OAz3g8_3,vision,9,4.5,5.0,True
-wny0OAz3g8_3,vision,10,5.0,5.5,True
-wny0OAz3g8_3,vision,11,5.5,6.0,True
-wny0OAz3g8_3,vision,12,6.0,6.5,True
-wny0OAz3g8_3,vision,13,6.5,7.0,False
-wny0OAz3g8_3,vision,14,7.0,7.5,False
-wny0OAz3g8_3,vision,15,7.5,8.0,False
-wny0OAz3g8_3,vision,16,8.0,8.5,False
-wny0OAz3g8_3,vision,17,8.5,9.0,False
-wny0OAz3g8_3,vision,18,9.0,9.5,False
-wny0OAz3g8_3,vision,19,9.5,10.0,False
-wny0OAz3g8_3,vision,20,10.0,10.5,False
-wny0OAz3g8_3,vision,21,10.5,11.0,False
-wny0OAz3g8_3,vision,22,11.0,11.5,False
-wny0OAz3g8_3,vision,23,11.5,12.0,False
-wny0OAz3g8_3,vision,24,12.0,12.5,False
-wny0OAz3g8_3,vision,25,12.5,13.0,False
-wny0OAz3g8_3,vision,26,13.0,13.5,False
-wny0OAz3g8_3,vision,27,13.5,14.0,False
-wny0OAz3g8_3,vision,28,14.0,14.5,False
-wny0OAz3g8_3,vision,29,14.5,15.0,False
-wny0OAz3g8_3,vision,30,15.0,15.5,False
-wny0OAz3g8_3,vision,31,15.5,16.0,False
-wny0OAz3g8_3,vision,32,16.0,16.5,False
-wny0OAz3g8_3,vision,33,16.5,17.0,False
-wny0OAz3g8_3,vision,34,17.0,17.5,False
-wny0OAz3g8_3,vision,35,17.5,18.0,False
-wny0OAz3g8_3,vision,36,18.0,18.5,False
-wny0OAz3g8_3,vision,37,18.5,19.0,False
-wny0OAz3g8_3,vision,38,19.0,19.5,False
-wny0OAz3g8_3,vision,39,19.5,20.0,False
-wny0OAz3g8_3,vision,40,20.0,20.5,False
-wny0OAz3g8_3,vision,41,20.5,21.0,False
-wny0OAz3g8_3,vision,42,21.0,21.5,False
-wny0OAz3g8_3,vision,43,21.5,22.0,False
-wny0OAz3g8_3,vision,44,22.0,22.5,False
-wny0OAz3g8_3,vision,45,22.5,23.0,False
-wny0OAz3g8_3,vision,46,23.0,23.5,False
-wny0OAz3g8_3,vision,47,23.5,24.0,False
-wny0OAz3g8_3,vision,48,24.0,24.5,False
-wny0OAz3g8_3,vision,49,24.5,25.0,False
-wny0OAz3g8_5,audio,0,0.0,0.5,True
-wny0OAz3g8_5,audio,1,0.5,1.0,True
-wny0OAz3g8_5,audio,2,1.0,1.5,True
-wny0OAz3g8_5,audio,3,1.5,2.0,True
-wny0OAz3g8_5,audio,4,2.0,2.5,True
-wny0OAz3g8_5,audio,5,2.5,3.0,True
-wny0OAz3g8_5,audio,6,3.0,3.5,True
-wny0OAz3g8_5,audio,7,3.5,4.0,True
-wny0OAz3g8_5,audio,8,4.0,4.5,True
-wny0OAz3g8_5,audio,9,4.5,5.0,True
-wny0OAz3g8_5,audio,10,5.0,5.5,True
-wny0OAz3g8_5,audio,11,5.5,6.0,True
-wny0OAz3g8_5,audio,12,6.0,6.5,True
-wny0OAz3g8_5,audio,13,6.5,7.0,True
-wny0OAz3g8_5,audio,14,7.0,7.5,False
-wny0OAz3g8_5,audio,15,7.5,8.0,False
-wny0OAz3g8_5,audio,16,8.0,8.5,False
-wny0OAz3g8_5,audio,17,8.5,9.0,False
-wny0OAz3g8_5,audio,18,9.0,9.5,False
-wny0OAz3g8_5,audio,19,9.5,10.0,False
-wny0OAz3g8_5,audio,20,10.0,10.5,False
-wny0OAz3g8_5,audio,21,10.5,11.0,False
-wny0OAz3g8_5,audio,22,11.0,11.5,False
-wny0OAz3g8_5,audio,23,11.5,12.0,False
-wny0OAz3g8_5,audio,24,12.0,12.5,False
-wny0OAz3g8_5,audio,25,12.5,13.0,False
-wny0OAz3g8_5,audio,26,13.0,13.5,False
-wny0OAz3g8_5,audio,27,13.5,14.0,False
-wny0OAz3g8_5,audio,28,14.0,14.5,False
-wny0OAz3g8_5,audio,29,14.5,15.0,False
-wny0OAz3g8_5,audio,30,15.0,15.5,False
-wny0OAz3g8_5,audio,31,15.5,16.0,False
-wny0OAz3g8_5,audio,32,16.0,16.5,False
-wny0OAz3g8_5,audio,33,16.5,17.0,False
-wny0OAz3g8_5,audio,34,17.0,17.5,False
-wny0OAz3g8_5,audio,35,17.5,18.0,False
-wny0OAz3g8_5,audio,36,18.0,18.5,False
-wny0OAz3g8_5,audio,37,18.5,19.0,False
-wny0OAz3g8_5,audio,38,19.0,19.5,False
-wny0OAz3g8_5,audio,39,19.5,20.0,False
-wny0OAz3g8_5,audio,40,20.0,20.5,False
-wny0OAz3g8_5,audio,41,20.5,21.0,False
-wny0OAz3g8_5,audio,42,21.0,21.5,False
-wny0OAz3g8_5,audio,43,21.5,22.0,False
-wny0OAz3g8_5,audio,44,22.0,22.5,False
-wny0OAz3g8_5,audio,45,22.5,23.0,False
-wny0OAz3g8_5,audio,46,23.0,23.5,False
-wny0OAz3g8_5,audio,47,23.5,24.0,False
-wny0OAz3g8_5,audio,48,24.0,24.5,False
-wny0OAz3g8_5,audio,49,24.5,25.0,False
-wny0OAz3g8_5,vision,0,0.0,0.5,True
-wny0OAz3g8_5,vision,1,0.5,1.0,True
-wny0OAz3g8_5,vision,2,1.0,1.5,True
-wny0OAz3g8_5,vision,3,1.5,2.0,True
-wny0OAz3g8_5,vision,4,2.0,2.5,True
-wny0OAz3g8_5,vision,5,2.5,3.0,True
-wny0OAz3g8_5,vision,6,3.0,3.5,True
-wny0OAz3g8_5,vision,7,3.5,4.0,True
-wny0OAz3g8_5,vision,8,4.0,4.5,True
-wny0OAz3g8_5,vision,9,4.5,5.0,True
-wny0OAz3g8_5,vision,10,5.0,5.5,True
-wny0OAz3g8_5,vision,11,5.5,6.0,True
-wny0OAz3g8_5,vision,12,6.0,6.5,True
-wny0OAz3g8_5,vision,13,6.5,7.0,True
-wny0OAz3g8_5,vision,14,7.0,7.5,False
-wny0OAz3g8_5,vision,15,7.5,8.0,False
-wny0OAz3g8_5,vision,16,8.0,8.5,False
-wny0OAz3g8_5,vision,17,8.5,9.0,False
-wny0OAz3g8_5,vision,18,9.0,9.5,False
-wny0OAz3g8_5,vision,19,9.5,10.0,False
-wny0OAz3g8_5,vision,20,10.0,10.5,False
-wny0OAz3g8_5,vision,21,10.5,11.0,False
-wny0OAz3g8_5,vision,22,11.0,11.5,False
-wny0OAz3g8_5,vision,23,11.5,12.0,False
-wny0OAz3g8_5,vision,24,12.0,12.5,False
-wny0OAz3g8_5,vision,25,12.5,13.0,False
-wny0OAz3g8_5,vision,26,13.0,13.5,False
-wny0OAz3g8_5,vision,27,13.5,14.0,False
-wny0OAz3g8_5,vision,28,14.0,14.5,False
-wny0OAz3g8_5,vision,29,14.5,15.0,False
-wny0OAz3g8_5,vision,30,15.0,15.5,False
-wny0OAz3g8_5,vision,31,15.5,16.0,False
-wny0OAz3g8_5,vision,32,16.0,16.5,False
-wny0OAz3g8_5,vision,33,16.5,17.0,False
-wny0OAz3g8_5,vision,34,17.0,17.5,False
-wny0OAz3g8_5,vision,35,17.5,18.0,False
-wny0OAz3g8_5,vision,36,18.0,18.5,False
-wny0OAz3g8_5,vision,37,18.5,19.0,False
-wny0OAz3g8_5,vision,38,19.0,19.5,False
-wny0OAz3g8_5,vision,39,19.5,20.0,False
-wny0OAz3g8_5,vision,40,20.0,20.5,False
-wny0OAz3g8_5,vision,41,20.5,21.0,False
-wny0OAz3g8_5,vision,42,21.0,21.5,False
-wny0OAz3g8_5,vision,43,21.5,22.0,False
-wny0OAz3g8_5,vision,44,22.0,22.5,False
-wny0OAz3g8_5,vision,45,22.5,23.0,False
-wny0OAz3g8_5,vision,46,23.0,23.5,False
-wny0OAz3g8_5,vision,47,23.5,24.0,False
-wny0OAz3g8_5,vision,48,24.0,24.5,False
-wny0OAz3g8_5,vision,49,24.5,25.0,False
-wny0OAz3g8_7,audio,0,0.0,0.5,True
-wny0OAz3g8_7,audio,1,0.5,1.0,True
-wny0OAz3g8_7,audio,2,1.0,1.5,True
-wny0OAz3g8_7,audio,3,1.5,2.0,True
-wny0OAz3g8_7,audio,4,2.0,2.5,True
-wny0OAz3g8_7,audio,5,2.5,3.0,True
-wny0OAz3g8_7,audio,6,3.0,3.5,True
-wny0OAz3g8_7,audio,7,3.5,4.0,True
-wny0OAz3g8_7,audio,8,4.0,4.5,True
-wny0OAz3g8_7,audio,9,4.5,5.0,True
-wny0OAz3g8_7,audio,10,5.0,5.5,True
-wny0OAz3g8_7,audio,11,5.5,6.0,True
-wny0OAz3g8_7,audio,12,6.0,6.5,True
-wny0OAz3g8_7,audio,13,6.5,7.0,True
-wny0OAz3g8_7,audio,14,7.0,7.5,True
-wny0OAz3g8_7,audio,15,7.5,8.0,True
-wny0OAz3g8_7,audio,16,8.0,8.5,False
-wny0OAz3g8_7,audio,17,8.5,9.0,False
-wny0OAz3g8_7,audio,18,9.0,9.5,False
-wny0OAz3g8_7,audio,19,9.5,10.0,False
-wny0OAz3g8_7,audio,20,10.0,10.5,False
-wny0OAz3g8_7,audio,21,10.5,11.0,False
-wny0OAz3g8_7,audio,22,11.0,11.5,False
-wny0OAz3g8_7,audio,23,11.5,12.0,False
-wny0OAz3g8_7,audio,24,12.0,12.5,False
-wny0OAz3g8_7,audio,25,12.5,13.0,False
-wny0OAz3g8_7,audio,26,13.0,13.5,False
-wny0OAz3g8_7,audio,27,13.5,14.0,False
-wny0OAz3g8_7,audio,28,14.0,14.5,False
-wny0OAz3g8_7,audio,29,14.5,15.0,False
-wny0OAz3g8_7,audio,30,15.0,15.5,False
-wny0OAz3g8_7,audio,31,15.5,16.0,False
-wny0OAz3g8_7,audio,32,16.0,16.5,False
-wny0OAz3g8_7,audio,33,16.5,17.0,False
-wny0OAz3g8_7,audio,34,17.0,17.5,False
-wny0OAz3g8_7,audio,35,17.5,18.0,False
-wny0OAz3g8_7,audio,36,18.0,18.5,False
-wny0OAz3g8_7,audio,37,18.5,19.0,False
-wny0OAz3g8_7,audio,38,19.0,19.5,False
-wny0OAz3g8_7,audio,39,19.5,20.0,False
-wny0OAz3g8_7,audio,40,20.0,20.5,False
-wny0OAz3g8_7,audio,41,20.5,21.0,False
-wny0OAz3g8_7,audio,42,21.0,21.5,False
-wny0OAz3g8_7,audio,43,21.5,22.0,False
-wny0OAz3g8_7,audio,44,22.0,22.5,False
-wny0OAz3g8_7,audio,45,22.5,23.0,False
-wny0OAz3g8_7,audio,46,23.0,23.5,False
-wny0OAz3g8_7,audio,47,23.5,24.0,False
-wny0OAz3g8_7,audio,48,24.0,24.5,False
-wny0OAz3g8_7,audio,49,24.5,25.0,False
-wny0OAz3g8_7,vision,0,0.0,0.5,True
-wny0OAz3g8_7,vision,1,0.5,1.0,True
-wny0OAz3g8_7,vision,2,1.0,1.5,True
-wny0OAz3g8_7,vision,3,1.5,2.0,True
-wny0OAz3g8_7,vision,4,2.0,2.5,True
-wny0OAz3g8_7,vision,5,2.5,3.0,True
-wny0OAz3g8_7,vision,6,3.0,3.5,True
-wny0OAz3g8_7,vision,7,3.5,4.0,True
-wny0OAz3g8_7,vision,8,4.0,4.5,True
-wny0OAz3g8_7,vision,9,4.5,5.0,True
-wny0OAz3g8_7,vision,10,5.0,5.5,True
-wny0OAz3g8_7,vision,11,5.5,6.0,True
-wny0OAz3g8_7,vision,12,6.0,6.5,True
-wny0OAz3g8_7,vision,13,6.5,7.0,True
-wny0OAz3g8_7,vision,14,7.0,7.5,True
-wny0OAz3g8_7,vision,15,7.5,8.0,True
-wny0OAz3g8_7,vision,16,8.0,8.5,False
-wny0OAz3g8_7,vision,17,8.5,9.0,False
-wny0OAz3g8_7,vision,18,9.0,9.5,False
-wny0OAz3g8_7,vision,19,9.5,10.0,False
-wny0OAz3g8_7,vision,20,10.0,10.5,False
-wny0OAz3g8_7,vision,21,10.5,11.0,False
-wny0OAz3g8_7,vision,22,11.0,11.5,False
-wny0OAz3g8_7,vision,23,11.5,12.0,False
-wny0OAz3g8_7,vision,24,12.0,12.5,False
-wny0OAz3g8_7,vision,25,12.5,13.0,False
-wny0OAz3g8_7,vision,26,13.0,13.5,False
-wny0OAz3g8_7,vision,27,13.5,14.0,False
-wny0OAz3g8_7,vision,28,14.0,14.5,False
-wny0OAz3g8_7,vision,29,14.5,15.0,False
-wny0OAz3g8_7,vision,30,15.0,15.5,False
-wny0OAz3g8_7,vision,31,15.5,16.0,False
-wny0OAz3g8_7,vision,32,16.0,16.5,False
-wny0OAz3g8_7,vision,33,16.5,17.0,False
-wny0OAz3g8_7,vision,34,17.0,17.5,False
-wny0OAz3g8_7,vision,35,17.5,18.0,False
-wny0OAz3g8_7,vision,36,18.0,18.5,False
-wny0OAz3g8_7,vision,37,18.5,19.0,False
-wny0OAz3g8_7,vision,38,19.0,19.5,False
-wny0OAz3g8_7,vision,39,19.5,20.0,False
-wny0OAz3g8_7,vision,40,20.0,20.5,False
-wny0OAz3g8_7,vision,41,20.5,21.0,False
-wny0OAz3g8_7,vision,42,21.0,21.5,False
-wny0OAz3g8_7,vision,43,21.5,22.0,False
-wny0OAz3g8_7,vision,44,22.0,22.5,False
-wny0OAz3g8_7,vision,45,22.5,23.0,False
-wny0OAz3g8_7,vision,46,23.0,23.5,False
-wny0OAz3g8_7,vision,47,23.5,24.0,False
-wny0OAz3g8_7,vision,48,24.0,24.5,False
-wny0OAz3g8_7,vision,49,24.5,25.0,False
-wny0OAz3g8_9,audio,0,0.0,0.5,True
-wny0OAz3g8_9,audio,1,0.5,1.0,True
-wny0OAz3g8_9,audio,2,1.0,1.5,True
-wny0OAz3g8_9,audio,3,1.5,2.0,True
-wny0OAz3g8_9,audio,4,2.0,2.5,True
-wny0OAz3g8_9,audio,5,2.5,3.0,True
-wny0OAz3g8_9,audio,6,3.0,3.5,True
-wny0OAz3g8_9,audio,7,3.5,4.0,True
-wny0OAz3g8_9,audio,8,4.0,4.5,True
-wny0OAz3g8_9,audio,9,4.5,5.0,True
-wny0OAz3g8_9,audio,10,5.0,5.5,True
-wny0OAz3g8_9,audio,11,5.5,6.0,True
-wny0OAz3g8_9,audio,12,6.0,6.5,False
-wny0OAz3g8_9,audio,13,6.5,7.0,False
-wny0OAz3g8_9,audio,14,7.0,7.5,False
-wny0OAz3g8_9,audio,15,7.5,8.0,False
-wny0OAz3g8_9,audio,16,8.0,8.5,False
-wny0OAz3g8_9,audio,17,8.5,9.0,False
-wny0OAz3g8_9,audio,18,9.0,9.5,False
-wny0OAz3g8_9,audio,19,9.5,10.0,False
-wny0OAz3g8_9,audio,20,10.0,10.5,False
-wny0OAz3g8_9,audio,21,10.5,11.0,False
-wny0OAz3g8_9,audio,22,11.0,11.5,False
-wny0OAz3g8_9,audio,23,11.5,12.0,False
-wny0OAz3g8_9,audio,24,12.0,12.5,False
-wny0OAz3g8_9,audio,25,12.5,13.0,False
-wny0OAz3g8_9,audio,26,13.0,13.5,False
-wny0OAz3g8_9,audio,27,13.5,14.0,False
-wny0OAz3g8_9,audio,28,14.0,14.5,False
-wny0OAz3g8_9,audio,29,14.5,15.0,False
-wny0OAz3g8_9,audio,30,15.0,15.5,False
-wny0OAz3g8_9,audio,31,15.5,16.0,False
-wny0OAz3g8_9,audio,32,16.0,16.5,False
-wny0OAz3g8_9,audio,33,16.5,17.0,False
-wny0OAz3g8_9,audio,34,17.0,17.5,False
-wny0OAz3g8_9,audio,35,17.5,18.0,False
-wny0OAz3g8_9,audio,36,18.0,18.5,False
-wny0OAz3g8_9,audio,37,18.5,19.0,False
-wny0OAz3g8_9,audio,38,19.0,19.5,False
-wny0OAz3g8_9,audio,39,19.5,20.0,False
-wny0OAz3g8_9,audio,40,20.0,20.5,False
-wny0OAz3g8_9,audio,41,20.5,21.0,False
-wny0OAz3g8_9,audio,42,21.0,21.5,False
-wny0OAz3g8_9,audio,43,21.5,22.0,False
-wny0OAz3g8_9,audio,44,22.0,22.5,False
-wny0OAz3g8_9,audio,45,22.5,23.0,False
-wny0OAz3g8_9,audio,46,23.0,23.5,False
-wny0OAz3g8_9,audio,47,23.5,24.0,False
-wny0OAz3g8_9,audio,48,24.0,24.5,False
-wny0OAz3g8_9,audio,49,24.5,25.0,False
-wny0OAz3g8_9,vision,0,0.0,0.5,True
-wny0OAz3g8_9,vision,1,0.5,1.0,True
-wny0OAz3g8_9,vision,2,1.0,1.5,True
-wny0OAz3g8_9,vision,3,1.5,2.0,True
-wny0OAz3g8_9,vision,4,2.0,2.5,True
-wny0OAz3g8_9,vision,5,2.5,3.0,True
-wny0OAz3g8_9,vision,6,3.0,3.5,True
-wny0OAz3g8_9,vision,7,3.5,4.0,True
-wny0OAz3g8_9,vision,8,4.0,4.5,True
-wny0OAz3g8_9,vision,9,4.5,5.0,True
-wny0OAz3g8_9,vision,10,5.0,5.5,True
-wny0OAz3g8_9,vision,11,5.5,6.0,True
-wny0OAz3g8_9,vision,12,6.0,6.5,True
-wny0OAz3g8_9,vision,13,6.5,7.0,False
-wny0OAz3g8_9,vision,14,7.0,7.5,False
-wny0OAz3g8_9,vision,15,7.5,8.0,False
-wny0OAz3g8_9,vision,16,8.0,8.5,False
-wny0OAz3g8_9,vision,17,8.5,9.0,False
-wny0OAz3g8_9,vision,18,9.0,9.5,False
-wny0OAz3g8_9,vision,19,9.5,10.0,False
-wny0OAz3g8_9,vision,20,10.0,10.5,False
-wny0OAz3g8_9,vision,21,10.5,11.0,False
-wny0OAz3g8_9,vision,22,11.0,11.5,False
-wny0OAz3g8_9,vision,23,11.5,12.0,False
-wny0OAz3g8_9,vision,24,12.0,12.5,False
-wny0OAz3g8_9,vision,25,12.5,13.0,False
-wny0OAz3g8_9,vision,26,13.0,13.5,False
-wny0OAz3g8_9,vision,27,13.5,14.0,False
-wny0OAz3g8_9,vision,28,14.0,14.5,False
-wny0OAz3g8_9,vision,29,14.5,15.0,False
-wny0OAz3g8_9,vision,30,15.0,15.5,False
-wny0OAz3g8_9,vision,31,15.5,16.0,False
-wny0OAz3g8_9,vision,32,16.0,16.5,False
-wny0OAz3g8_9,vision,33,16.5,17.0,False
-wny0OAz3g8_9,vision,34,17.0,17.5,False
-wny0OAz3g8_9,vision,35,17.5,18.0,False
-wny0OAz3g8_9,vision,36,18.0,18.5,False
-wny0OAz3g8_9,vision,37,18.5,19.0,False
-wny0OAz3g8_9,vision,38,19.0,19.5,False
-wny0OAz3g8_9,vision,39,19.5,20.0,False
-wny0OAz3g8_9,vision,40,20.0,20.5,False
-wny0OAz3g8_9,vision,41,20.5,21.0,False
-wny0OAz3g8_9,vision,42,21.0,21.5,False
-wny0OAz3g8_9,vision,43,21.5,22.0,False
-wny0OAz3g8_9,vision,44,22.0,22.5,False
-wny0OAz3g8_9,vision,45,22.5,23.0,False
-wny0OAz3g8_9,vision,46,23.0,23.5,False
-wny0OAz3g8_9,vision,47,23.5,24.0,False
-wny0OAz3g8_9,vision,48,24.0,24.5,False
-wny0OAz3g8_9,vision,49,24.5,25.0,False
-yRb-Jum7EQ_1,audio,0,0.0,0.5,True
-yRb-Jum7EQ_1,audio,1,0.5,1.0,True
-yRb-Jum7EQ_1,audio,2,1.0,1.5,True
-yRb-Jum7EQ_1,audio,3,1.5,2.0,True
-yRb-Jum7EQ_1,audio,4,2.0,2.5,True
-yRb-Jum7EQ_1,audio,5,2.5,3.0,True
-yRb-Jum7EQ_1,audio,6,3.0,3.5,True
-yRb-Jum7EQ_1,audio,7,3.5,4.0,True
-yRb-Jum7EQ_1,audio,8,4.0,4.5,True
-yRb-Jum7EQ_1,audio,9,4.5,5.0,True
-yRb-Jum7EQ_1,audio,10,5.0,5.5,True
-yRb-Jum7EQ_1,audio,11,5.5,6.0,True
-yRb-Jum7EQ_1,audio,12,6.0,6.5,True
-yRb-Jum7EQ_1,audio,13,6.5,7.0,True
-yRb-Jum7EQ_1,audio,14,7.0,7.5,True
-yRb-Jum7EQ_1,audio,15,7.5,8.0,True
-yRb-Jum7EQ_1,audio,16,8.0,8.5,True
-yRb-Jum7EQ_1,audio,17,8.5,9.0,True
-yRb-Jum7EQ_1,audio,18,9.0,9.5,True
-yRb-Jum7EQ_1,audio,19,9.5,10.0,True
-yRb-Jum7EQ_1,audio,20,10.0,10.5,True
-yRb-Jum7EQ_1,audio,21,10.5,11.0,True
-yRb-Jum7EQ_1,audio,22,11.0,11.5,True
-yRb-Jum7EQ_1,audio,23,11.5,12.0,True
-yRb-Jum7EQ_1,audio,24,12.0,12.5,True
-yRb-Jum7EQ_1,audio,25,12.5,13.0,True
-yRb-Jum7EQ_1,audio,26,13.0,13.5,True
-yRb-Jum7EQ_1,audio,27,13.5,14.0,True
-yRb-Jum7EQ_1,audio,28,14.0,14.5,True
-yRb-Jum7EQ_1,audio,29,14.5,15.0,True
-yRb-Jum7EQ_1,audio,30,15.0,15.5,True
-yRb-Jum7EQ_1,audio,31,15.5,16.0,True
-yRb-Jum7EQ_1,audio,32,16.0,16.5,True
-yRb-Jum7EQ_1,audio,33,16.5,17.0,True
-yRb-Jum7EQ_1,audio,34,17.0,17.5,True
-yRb-Jum7EQ_1,audio,35,17.5,18.0,True
-yRb-Jum7EQ_1,audio,36,18.0,18.5,True
-yRb-Jum7EQ_1,audio,37,18.5,19.0,True
-yRb-Jum7EQ_1,audio,38,19.0,19.5,True
-yRb-Jum7EQ_1,audio,39,19.5,20.0,True
-yRb-Jum7EQ_1,audio,40,20.0,20.5,True
-yRb-Jum7EQ_1,audio,41,20.5,21.0,True
-yRb-Jum7EQ_1,audio,42,21.0,21.5,True
-yRb-Jum7EQ_1,audio,43,21.5,22.0,True
-yRb-Jum7EQ_1,audio,44,22.0,22.5,True
-yRb-Jum7EQ_1,audio,45,22.5,23.0,True
-yRb-Jum7EQ_1,audio,46,23.0,23.5,True
-yRb-Jum7EQ_1,audio,47,23.5,24.0,True
-yRb-Jum7EQ_1,audio,48,24.0,24.5,True
-yRb-Jum7EQ_1,audio,49,24.5,25.0,True
-yRb-Jum7EQ_1,vision,0,0.0,0.5,True
-yRb-Jum7EQ_1,vision,1,0.5,1.0,True
-yRb-Jum7EQ_1,vision,2,1.0,1.5,True
-yRb-Jum7EQ_1,vision,3,1.5,2.0,True
-yRb-Jum7EQ_1,vision,4,2.0,2.5,True
-yRb-Jum7EQ_1,vision,5,2.5,3.0,True
-yRb-Jum7EQ_1,vision,6,3.0,3.5,True
-yRb-Jum7EQ_1,vision,7,3.5,4.0,True
-yRb-Jum7EQ_1,vision,8,4.0,4.5,True
-yRb-Jum7EQ_1,vision,9,4.5,5.0,True
-yRb-Jum7EQ_1,vision,10,5.0,5.5,True
-yRb-Jum7EQ_1,vision,11,5.5,6.0,True
-yRb-Jum7EQ_1,vision,12,6.0,6.5,True
-yRb-Jum7EQ_1,vision,13,6.5,7.0,True
-yRb-Jum7EQ_1,vision,14,7.0,7.5,True
-yRb-Jum7EQ_1,vision,15,7.5,8.0,True
-yRb-Jum7EQ_1,vision,16,8.0,8.5,True
-yRb-Jum7EQ_1,vision,17,8.5,9.0,True
-yRb-Jum7EQ_1,vision,18,9.0,9.5,True
-yRb-Jum7EQ_1,vision,19,9.5,10.0,True
-yRb-Jum7EQ_1,vision,20,10.0,10.5,True
-yRb-Jum7EQ_1,vision,21,10.5,11.0,True
-yRb-Jum7EQ_1,vision,22,11.0,11.5,True
-yRb-Jum7EQ_1,vision,23,11.5,12.0,True
-yRb-Jum7EQ_1,vision,24,12.0,12.5,True
-yRb-Jum7EQ_1,vision,25,12.5,13.0,True
-yRb-Jum7EQ_1,vision,26,13.0,13.5,True
-yRb-Jum7EQ_1,vision,27,13.5,14.0,True
-yRb-Jum7EQ_1,vision,28,14.0,14.5,True
-yRb-Jum7EQ_1,vision,29,14.5,15.0,True
-yRb-Jum7EQ_1,vision,30,15.0,15.5,True
-yRb-Jum7EQ_1,vision,31,15.5,16.0,True
-yRb-Jum7EQ_1,vision,32,16.0,16.5,True
-yRb-Jum7EQ_1,vision,33,16.5,17.0,True
-yRb-Jum7EQ_1,vision,34,17.0,17.5,True
-yRb-Jum7EQ_1,vision,35,17.5,18.0,True
-yRb-Jum7EQ_1,vision,36,18.0,18.5,True
-yRb-Jum7EQ_1,vision,37,18.5,19.0,True
-yRb-Jum7EQ_1,vision,38,19.0,19.5,True
-yRb-Jum7EQ_1,vision,39,19.5,20.0,True
-yRb-Jum7EQ_1,vision,40,20.0,20.5,True
-yRb-Jum7EQ_1,vision,41,20.5,21.0,True
-yRb-Jum7EQ_1,vision,42,21.0,21.5,True
-yRb-Jum7EQ_1,vision,43,21.5,22.0,True
-yRb-Jum7EQ_1,vision,44,22.0,22.5,True
-yRb-Jum7EQ_1,vision,45,22.5,23.0,True
-yRb-Jum7EQ_1,vision,46,23.0,23.5,True
-yRb-Jum7EQ_1,vision,47,23.5,24.0,True
-yRb-Jum7EQ_1,vision,48,24.0,24.5,True
-yRb-Jum7EQ_1,vision,49,24.5,25.0,True
-yRb-Jum7EQ_5,audio,0,0.0,0.5,True
-yRb-Jum7EQ_5,audio,1,0.5,1.0,True
-yRb-Jum7EQ_5,audio,2,1.0,1.5,True
-yRb-Jum7EQ_5,audio,3,1.5,2.0,True
-yRb-Jum7EQ_5,audio,4,2.0,2.5,True
-yRb-Jum7EQ_5,audio,5,2.5,3.0,True
-yRb-Jum7EQ_5,audio,6,3.0,3.5,True
-yRb-Jum7EQ_5,audio,7,3.5,4.0,True
-yRb-Jum7EQ_5,audio,8,4.0,4.5,True
-yRb-Jum7EQ_5,audio,9,4.5,5.0,True
-yRb-Jum7EQ_5,audio,10,5.0,5.5,True
-yRb-Jum7EQ_5,audio,11,5.5,6.0,True
-yRb-Jum7EQ_5,audio,12,6.0,6.5,True
-yRb-Jum7EQ_5,audio,13,6.5,7.0,True
-yRb-Jum7EQ_5,audio,14,7.0,7.5,True
-yRb-Jum7EQ_5,audio,15,7.5,8.0,True
-yRb-Jum7EQ_5,audio,16,8.0,8.5,True
-yRb-Jum7EQ_5,audio,17,8.5,9.0,True
-yRb-Jum7EQ_5,audio,18,9.0,9.5,True
-yRb-Jum7EQ_5,audio,19,9.5,10.0,True
-yRb-Jum7EQ_5,audio,20,10.0,10.5,True
-yRb-Jum7EQ_5,audio,21,10.5,11.0,True
-yRb-Jum7EQ_5,audio,22,11.0,11.5,True
-yRb-Jum7EQ_5,audio,23,11.5,12.0,True
-yRb-Jum7EQ_5,audio,24,12.0,12.5,True
-yRb-Jum7EQ_5,audio,25,12.5,13.0,True
-yRb-Jum7EQ_5,audio,26,13.0,13.5,False
-yRb-Jum7EQ_5,audio,27,13.5,14.0,False
-yRb-Jum7EQ_5,audio,28,14.0,14.5,False
-yRb-Jum7EQ_5,audio,29,14.5,15.0,False
-yRb-Jum7EQ_5,audio,30,15.0,15.5,False
-yRb-Jum7EQ_5,audio,31,15.5,16.0,False
-yRb-Jum7EQ_5,audio,32,16.0,16.5,False
-yRb-Jum7EQ_5,audio,33,16.5,17.0,False
-yRb-Jum7EQ_5,audio,34,17.0,17.5,False
-yRb-Jum7EQ_5,audio,35,17.5,18.0,False
-yRb-Jum7EQ_5,audio,36,18.0,18.5,False
-yRb-Jum7EQ_5,audio,37,18.5,19.0,False
-yRb-Jum7EQ_5,audio,38,19.0,19.5,False
-yRb-Jum7EQ_5,audio,39,19.5,20.0,False
-yRb-Jum7EQ_5,audio,40,20.0,20.5,False
-yRb-Jum7EQ_5,audio,41,20.5,21.0,False
-yRb-Jum7EQ_5,audio,42,21.0,21.5,False
-yRb-Jum7EQ_5,audio,43,21.5,22.0,False
-yRb-Jum7EQ_5,audio,44,22.0,22.5,False
-yRb-Jum7EQ_5,audio,45,22.5,23.0,False
-yRb-Jum7EQ_5,audio,46,23.0,23.5,False
-yRb-Jum7EQ_5,audio,47,23.5,24.0,False
-yRb-Jum7EQ_5,audio,48,24.0,24.5,False
-yRb-Jum7EQ_5,audio,49,24.5,25.0,False
-yRb-Jum7EQ_5,vision,0,0.0,0.5,True
-yRb-Jum7EQ_5,vision,1,0.5,1.0,True
-yRb-Jum7EQ_5,vision,2,1.0,1.5,True
-yRb-Jum7EQ_5,vision,3,1.5,2.0,True
-yRb-Jum7EQ_5,vision,4,2.0,2.5,True
-yRb-Jum7EQ_5,vision,5,2.5,3.0,True
-yRb-Jum7EQ_5,vision,6,3.0,3.5,True
-yRb-Jum7EQ_5,vision,7,3.5,4.0,True
-yRb-Jum7EQ_5,vision,8,4.0,4.5,True
-yRb-Jum7EQ_5,vision,9,4.5,5.0,True
-yRb-Jum7EQ_5,vision,10,5.0,5.5,True
-yRb-Jum7EQ_5,vision,11,5.5,6.0,True
-yRb-Jum7EQ_5,vision,12,6.0,6.5,True
-yRb-Jum7EQ_5,vision,13,6.5,7.0,True
-yRb-Jum7EQ_5,vision,14,7.0,7.5,True
-yRb-Jum7EQ_5,vision,15,7.5,8.0,True
-yRb-Jum7EQ_5,vision,16,8.0,8.5,True
-yRb-Jum7EQ_5,vision,17,8.5,9.0,True
-yRb-Jum7EQ_5,vision,18,9.0,9.5,True
-yRb-Jum7EQ_5,vision,19,9.5,10.0,True
-yRb-Jum7EQ_5,vision,20,10.0,10.5,True
-yRb-Jum7EQ_5,vision,21,10.5,11.0,True
-yRb-Jum7EQ_5,vision,22,11.0,11.5,True
-yRb-Jum7EQ_5,vision,23,11.5,12.0,True
-yRb-Jum7EQ_5,vision,24,12.0,12.5,True
-yRb-Jum7EQ_5,vision,25,12.5,13.0,True
-yRb-Jum7EQ_5,vision,26,13.0,13.5,True
-yRb-Jum7EQ_5,vision,27,13.5,14.0,False
-yRb-Jum7EQ_5,vision,28,14.0,14.5,False
-yRb-Jum7EQ_5,vision,29,14.5,15.0,False
-yRb-Jum7EQ_5,vision,30,15.0,15.5,False
-yRb-Jum7EQ_5,vision,31,15.5,16.0,False
-yRb-Jum7EQ_5,vision,32,16.0,16.5,False
-yRb-Jum7EQ_5,vision,33,16.5,17.0,False
-yRb-Jum7EQ_5,vision,34,17.0,17.5,False
-yRb-Jum7EQ_5,vision,35,17.5,18.0,False
-yRb-Jum7EQ_5,vision,36,18.0,18.5,False
-yRb-Jum7EQ_5,vision,37,18.5,19.0,False
-yRb-Jum7EQ_5,vision,38,19.0,19.5,False
-yRb-Jum7EQ_5,vision,39,19.5,20.0,False
-yRb-Jum7EQ_5,vision,40,20.0,20.5,False
-yRb-Jum7EQ_5,vision,41,20.5,21.0,False
-yRb-Jum7EQ_5,vision,42,21.0,21.5,False
-yRb-Jum7EQ_5,vision,43,21.5,22.0,False
-yRb-Jum7EQ_5,vision,44,22.0,22.5,False
-yRb-Jum7EQ_5,vision,45,22.5,23.0,False
-yRb-Jum7EQ_5,vision,46,23.0,23.5,False
-yRb-Jum7EQ_5,vision,47,23.5,24.0,False
-yRb-Jum7EQ_5,vision,48,24.0,24.5,False
-yRb-Jum7EQ_5,vision,49,24.5,25.0,False
-yRb-Jum7EQ_6,audio,0,0.0,0.5,True
-yRb-Jum7EQ_6,audio,1,0.5,1.0,True
-yRb-Jum7EQ_6,audio,2,1.0,1.5,True
-yRb-Jum7EQ_6,audio,3,1.5,2.0,True
-yRb-Jum7EQ_6,audio,4,2.0,2.5,True
-yRb-Jum7EQ_6,audio,5,2.5,3.0,True
-yRb-Jum7EQ_6,audio,6,3.0,3.5,True
-yRb-Jum7EQ_6,audio,7,3.5,4.0,True
-yRb-Jum7EQ_6,audio,8,4.0,4.5,True
-yRb-Jum7EQ_6,audio,9,4.5,5.0,True
-yRb-Jum7EQ_6,audio,10,5.0,5.5,True
-yRb-Jum7EQ_6,audio,11,5.5,6.0,True
-yRb-Jum7EQ_6,audio,12,6.0,6.5,True
-yRb-Jum7EQ_6,audio,13,6.5,7.0,True
-yRb-Jum7EQ_6,audio,14,7.0,7.5,True
-yRb-Jum7EQ_6,audio,15,7.5,8.0,True
-yRb-Jum7EQ_6,audio,16,8.0,8.5,True
-yRb-Jum7EQ_6,audio,17,8.5,9.0,True
-yRb-Jum7EQ_6,audio,18,9.0,9.5,True
-yRb-Jum7EQ_6,audio,19,9.5,10.0,True
-yRb-Jum7EQ_6,audio,20,10.0,10.5,True
-yRb-Jum7EQ_6,audio,21,10.5,11.0,True
-yRb-Jum7EQ_6,audio,22,11.0,11.5,True
-yRb-Jum7EQ_6,audio,23,11.5,12.0,False
-yRb-Jum7EQ_6,audio,24,12.0,12.5,False
-yRb-Jum7EQ_6,audio,25,12.5,13.0,False
-yRb-Jum7EQ_6,audio,26,13.0,13.5,False
-yRb-Jum7EQ_6,audio,27,13.5,14.0,False
-yRb-Jum7EQ_6,audio,28,14.0,14.5,False
-yRb-Jum7EQ_6,audio,29,14.5,15.0,False
-yRb-Jum7EQ_6,audio,30,15.0,15.5,False
-yRb-Jum7EQ_6,audio,31,15.5,16.0,False
-yRb-Jum7EQ_6,audio,32,16.0,16.5,False
-yRb-Jum7EQ_6,audio,33,16.5,17.0,False
-yRb-Jum7EQ_6,audio,34,17.0,17.5,False
-yRb-Jum7EQ_6,audio,35,17.5,18.0,False
-yRb-Jum7EQ_6,audio,36,18.0,18.5,False
-yRb-Jum7EQ_6,audio,37,18.5,19.0,False
-yRb-Jum7EQ_6,audio,38,19.0,19.5,False
-yRb-Jum7EQ_6,audio,39,19.5,20.0,False
-yRb-Jum7EQ_6,audio,40,20.0,20.5,False
-yRb-Jum7EQ_6,audio,41,20.5,21.0,False
-yRb-Jum7EQ_6,audio,42,21.0,21.5,False
-yRb-Jum7EQ_6,audio,43,21.5,22.0,False
-yRb-Jum7EQ_6,audio,44,22.0,22.5,False
-yRb-Jum7EQ_6,audio,45,22.5,23.0,False
-yRb-Jum7EQ_6,audio,46,23.0,23.5,False
-yRb-Jum7EQ_6,audio,47,23.5,24.0,False
-yRb-Jum7EQ_6,audio,48,24.0,24.5,False
-yRb-Jum7EQ_6,audio,49,24.5,25.0,False
-yRb-Jum7EQ_6,vision,0,0.0,0.5,True
-yRb-Jum7EQ_6,vision,1,0.5,1.0,True
-yRb-Jum7EQ_6,vision,2,1.0,1.5,True
-yRb-Jum7EQ_6,vision,3,1.5,2.0,True
-yRb-Jum7EQ_6,vision,4,2.0,2.5,True
-yRb-Jum7EQ_6,vision,5,2.5,3.0,True
-yRb-Jum7EQ_6,vision,6,3.0,3.5,True
-yRb-Jum7EQ_6,vision,7,3.5,4.0,True
-yRb-Jum7EQ_6,vision,8,4.0,4.5,True
-yRb-Jum7EQ_6,vision,9,4.5,5.0,True
-yRb-Jum7EQ_6,vision,10,5.0,5.5,True
-yRb-Jum7EQ_6,vision,11,5.5,6.0,True
-yRb-Jum7EQ_6,vision,12,6.0,6.5,True
-yRb-Jum7EQ_6,vision,13,6.5,7.0,True
-yRb-Jum7EQ_6,vision,14,7.0,7.5,True
-yRb-Jum7EQ_6,vision,15,7.5,8.0,True
-yRb-Jum7EQ_6,vision,16,8.0,8.5,True
-yRb-Jum7EQ_6,vision,17,8.5,9.0,True
-yRb-Jum7EQ_6,vision,18,9.0,9.5,True
-yRb-Jum7EQ_6,vision,19,9.5,10.0,True
-yRb-Jum7EQ_6,vision,20,10.0,10.5,True
-yRb-Jum7EQ_6,vision,21,10.5,11.0,True
-yRb-Jum7EQ_6,vision,22,11.0,11.5,True
-yRb-Jum7EQ_6,vision,23,11.5,12.0,False
-yRb-Jum7EQ_6,vision,24,12.0,12.5,False
-yRb-Jum7EQ_6,vision,25,12.5,13.0,False
-yRb-Jum7EQ_6,vision,26,13.0,13.5,False
-yRb-Jum7EQ_6,vision,27,13.5,14.0,False
-yRb-Jum7EQ_6,vision,28,14.0,14.5,False
-yRb-Jum7EQ_6,vision,29,14.5,15.0,False
-yRb-Jum7EQ_6,vision,30,15.0,15.5,False
-yRb-Jum7EQ_6,vision,31,15.5,16.0,False
-yRb-Jum7EQ_6,vision,32,16.0,16.5,False
-yRb-Jum7EQ_6,vision,33,16.5,17.0,False
-yRb-Jum7EQ_6,vision,34,17.0,17.5,False
-yRb-Jum7EQ_6,vision,35,17.5,18.0,False
-yRb-Jum7EQ_6,vision,36,18.0,18.5,False
-yRb-Jum7EQ_6,vision,37,18.5,19.0,False
-yRb-Jum7EQ_6,vision,38,19.0,19.5,False
-yRb-Jum7EQ_6,vision,39,19.5,20.0,False
-yRb-Jum7EQ_6,vision,40,20.0,20.5,False
-yRb-Jum7EQ_6,vision,41,20.5,21.0,False
-yRb-Jum7EQ_6,vision,42,21.0,21.5,False
-yRb-Jum7EQ_6,vision,43,21.5,22.0,False
-yRb-Jum7EQ_6,vision,44,22.0,22.5,False
-yRb-Jum7EQ_6,vision,45,22.5,23.0,False
-yRb-Jum7EQ_6,vision,46,23.0,23.5,False
-yRb-Jum7EQ_6,vision,47,23.5,24.0,False
-yRb-Jum7EQ_6,vision,48,24.0,24.5,False
-yRb-Jum7EQ_6,vision,49,24.5,25.0,False
